CPU_Cycles,Execution_Time(ns),Time_clock(ms),avg_cpu_cycles,Std_Dev_CPU_Cycles
3522759585,948826716,1469.39,3522759585.0,0.0
3561836383,949199519,1526.61,3542297984.0,19538399.0
3758217450,1045934213,1599.94,3614271139.3333335,103028003.64105411
3519346421,960635988,1499.85,3590539959.75,98237384.96084392
3569671746,990680528,1532.29,3586366317.0,88261793.65033631
3803670069,1061138000,1621.49,3622583609.0,114237682.25814009
3516027967,959125385,1486.11,3607361374.428571,112143771.33895683
3524940711,972695124,1502.85,3597058791.5,108384499.69372626
3515599744,964539456,1506.21,3588007786.2222223,105343822.44274473
3807999821,1058424410,1608.65,3610006989.7,119763406.0014732
3533043131,937629426,1473.64,3603010275.2727275,116313711.99405111
3520383324,954173127,1493.88,3596124696.0,113679356.90270802
3468534607,985614299,1489.14,3586310073.769231,114388991.03728402
3827606075,1081792046,1628.78,3603545502.428571,126538491.23934704
3510999058,970862688,1504.6,3597375739.4666667,124408389.71256548
3513198888,964800539,1505.58,3592114686.25,122169092.57530299
3953029576,1092038057,1667.68,3613344973.882353,145804426.95083237
3550653645,961991644,1509.21,3609862122.2777777,142422236.82016695
3518449621,983842286,1516.45,3605050938.0,140118394.81336275
3509043351,956666195,1487.88,3600250558.65,138164161.53617388
4102272259,1109943873,1732.89,3624156353.904762,172075740.56352124
3562077165,957046705,1503.58,3621334572.590909,168616013.75745752
3530929206,976517111,1511.36,3617403904.478261,165937088.51311007
4059827719,1154535840,1710.24,3635838230.0833335,184942642.6760934
3503198637,977276937,1523.12,3630532646.36,183060675.96374616
3631777428,938648431,1540.06,3630580522.576923,179505920.94300306
3501237341,936203505,1460.34,3625790034.3703704,177835942.77248135
4310711382,1211173739,1823.01,3650251511.071429,215990647.4066209
3648842781,928646229,1521.84,3650202934.172414,212234157.4095047
3543451442,941359030,1477.99,3646644551.1,209544967.962065
3506600396,940722824,1462.42,3642126997.709677,207617243.70369405
4812603207,1433126992,2010.59,3678704379.25,288501197.8961402
3840054609,1057840086,1601.66,3683593780.151515,285439539.24800974
4716595175,1487153363,1970.33,3713976174.117647,330970317.44886553
5471207722,1847763498,2287.17,3764182789.7714286,438309870.7870845
3638490319,1000971186,1546.06,3760691332.25,432672693.40675604
3517165539,971687563,1503.02,3754109554.0540543,428608866.1584605
3500414624,961924386,1499.87,3747433371.6842103,424876859.23324656
6723788663,2482204021,3018.97,3823750174.025641,630248588.1376548
3594796100,976153333,1542.79,3818026322.175,623346362.3849785
3591605261,975787814,1532.41,3812503857.268293,616687524.0390612
3853962911,1048012654,1622.31,3813490977.595238,609334561.370497
3585726568,969091262,1520.49,3808194130.860465,603185183.4065862
3513079183,959374308,1492.92,3801486972.9545455,597911234.7769179
3507450697,963404117,1500.88,3794952833.4888887,592817026.7297275
3737961203,1058983127,1592.02,3793713885.0,586396858.1122763
3514086291,955754257,1486.53,3787764361.7234044,581526725.018934
3508837383,967076642,1505.78,3781953383.0,576814636.9745806
3519567895,966470106,1502.19,3776598577.122449,572102587.1597538
3740379526,1038477253,1560.98,3775874196.1,566375365.3678844
3518028818,968740312,1506.77,3770818404.372549,561933520.442783
3490506365,959928819,1491.68,3765427788.230769,557834017.4982991
3820383850,1077742520,1628.72,3766464695.056604,552596961.8747675
3522982004,970733521,1506.52,3761955756.3333335,548439643.4058079
3533720849,966051656,1493.94,3757806030.7454543,544285859.944959
3596507730,976695963,1541.88,3754925703.946429,539827070.582502
3849451765,1080671831,1625.66,3756584055.894737,535214685.9336666
3530343622,965750054,1506.87,3752683358.7586207,531397369.9976366
3495406206,992220826,1539.35,3748322729.0508475,527920339.45296067
3923436198,1110793767,1654.94,3751241286.866667,523982296.9640542
3902822569,1079930474,1658.04,3753726225.9180326,520025961.9425277
3544121420,964517928,1502.57,3750345503.2419353,516490524.31261885
3503563090,965411810,1503.0,3746428322.0793653,513302526.8084159
4058448015,1134952269,1724.28,3751303629.78125,510744594.1728764
3530634295,988989313,1530.2,3747908716.9384613,507527769.4967178
3536334998,971809737,1503.06,3744703054.530303,504330843.7514682
3509368354,970173857,1502.73,3741190596.3134327,501365737.97276837
4277917549,1208699835,1786.78,3749083639.7352943,501841737.82335675
3517050427,970551625,1507.3,3745720839.5507245,498963098.14393497
3591896553,954169818,1533.45,3743523349.742857,495722443.10960853
4508887679,1295744120,1899.67,3754303129.028169,500413687.17469794
3509137596,947728366,1484.18,3750898052.1805553,497754056.72827524
3497838036,970649961,1502.65,3747431476.6164384,495207406.26946723
3519216308,965340559,1504.18,3744347487.8513513,492555330.15484685
5368559850,1623549814,2244.09,3766003652.68,523527615.6773062
3590061778,977888646,1527.32,3763688628.013158,520458243.96117616
3582650757,982020247,1534.96,3761337486.8311687,517473691.2427984
3933035225,1135279592,1681.66,3763538739.8846154,514508563.00980467
5628241505,2208612333,2871.05,3787142572.35443,552109751.754003
3587456935,982963487,1537.87,3784646501.8875,549096587.4155368
3613061199,983986922,1541.56,3782528164.814815,546025403.3068585
3946750785,1041277988,1681.65,3784530879.695122,542985010.8368349
3587354104,989959583,1538.08,3782155255.8915663,540132664.0530736
3591077441,961862813,1517.95,3779880520.0,537307767.9093038
3514652268,967992684,1505.88,3776760187.6235294,534902827.5868439
3909229675,1100962951,1668.4,3778300530.5,531973422.22788215
3504029660,962307706,1497.81,3775147991.7586207,529714648.28802234
3506619827,953234892,1482.64,3772096535.340909,527464776.10126984
3782467395,1073966915,1609.09,3772213061.8539324,524494259.01331526
3524447685,958954508,1496.49,3769460113.2222223,522218471.36666054
3510201229,958881032,1504.4,3766611114.4945054,520044043.0006782
3521910038,974621648,1502.6,3763951320.1847825,517831978.881469
3901524045,1063940971,1649.78,3765430596.795699,515235815.2551287
3523423330,941129347,1469.65,3762856051.4042554,513088928.60125107
3528226802,935049766,1471.55,3760386269.8315787,510942728.0200921
3532628555,931752071,1473.39,3758013793.6354165,508800345.60460085
3874397818,1081329414,1616.99,3759213628.938144,506307367.64384735
3508659376,931888356,1463.49,3756656952.887755,504346520.50501436
3518902408,933206136,1467.73,3754255391.828283,502355730.23826194
4711090768,1389802377,1966.97,3763823745.59,508823597.0190578
4207206108,1206769708,1756.08,3768213669.970297,508198008.42611265
4035725467,1167848980,1683.64,3770836334.647059,506387123.86834115
3844721647,1067871638,1630.97,3771553667.776699,503975012.85921097
4146098697,1207465366,1759.67,3775155062.2884617,502876235.8625203
3525207064,960959509,1502.08,3772774605.161905,501064275.938264
3508055095,963808101,1504.94,3770277251.292453,499351307.74579984
4220909368,1203649121,1787.8,3774488766.4018693,498900236.1893619
3640732506,949032048,1550.04,3773250282.509259,496750363.6496215
3517470597,963571773,1491.4,3770903679.8899083,495067438.67483395
3500677063,961657074,1495.91,3768447074.2818184,493478942.9732894
4397540081,1291490232,1861.06,3774114578.846847,494834161.0539125
3515581456,963756913,1492.72,3771806247.392857,493220073.72893524
3514853258,969930726,1508.05,3769532327.1327434,491622176.2696961
3523406413,960771669,1505.99,3767373327.885965,489998959.3129089
5588631752,1680734223,2335.41,3783210357.6608696,516336784.75161
3602518082,976851592,1536.5,3781652665.62931,514377686.389625
3495952356,971475139,1501.5,3779210782.6410255,512849571.53562003
7161566173,2377407049,2993.63,3807874811.3728814,597424514.5455568
3621375459,983035965,1549.01,3806307589.92437,595152573.4124055
3599852282,973845370,1529.41,3804587129.025,592964672.127656
3592125936,986135456,1539.45,3802831251.396694,590822504.0733567
3817039232,1058805641,1616.66,3802947710.2540984,588397512.5721163
3580477481,977796718,1535.08,3801139009.203252,586341210.2326055
3583156152,961048951,1517.75,3799381082.935484,584297504.5268338
3765158006,1072778987,1609.98,3799107298.32,581963607.1094643
3643337704,938630954,1548.41,3797871031.698413,579814396.9159501
3570063720,968694314,1534.98,3796077273.3385825,577878036.1591195
3566123677,980093741,1527.6,3794280760.8671875,575972205.7890041
3768841616,1063500497,1607.37,3794083558.1937985,573739750.101009
3516364577,965723685,1508.73,3791947258.3384614,572043612.8520398
3523242123,960236201,1504.12,3789896074.0992365,570335763.1452523
3504356372,968674569,1504.26,3787732894.537879,568710482.373194
3825124324,1065872352,1621.87,3788014033.105263,566577646.2744241
3528736018,960468058,1494.68,3786079122.544776,564900492.496434
3511261452,970858914,1503.64,3784043436.0962963,563297495.3102592
3973802404,1072576099,1685.76,3785438722.625,561456829.4902414
3509112446,965772675,1501.76,3783421742.5036497,559898268.7470499
3510080657,961683870,1496.04,3781441010.0,558347495.2206498
3548510321,966691987,1515.43,3779765249.647482,556683602.8235369
3987814907,1104125012,1685.87,3781251318.6285715,554968516.2337245
3508321634,965678111,1504.11,3779315647.106383,553471121.9027839
3498223210,954981033,1488.21,3777336122.9014087,552019508.7447528
4065084403,1135797404,1708.26,3779348348.6363635,550608350.5163792
3521448063,964507234,1499.12,3777557374.4305553,549111005.8016421
3538982532,978610584,1511.18,3775912030.6896553,547570323.25277
3499214402,962863119,1497.33,3774016841.452055,546168846.6716045
4214972574,1201587208,1774.1,3777016540.3129253,545513419.4558852
3520782597,980444259,1510.22,3775285229.885135,544072426.3799825
3579180293,986409453,1522.84,3773969089.3691278,542479951.7303439
3518195588,964534252,1502.53,3772263932.693333,541069152.4286791
4683213566,1402861307,2000.15,3778296711.721854,544312603.9464583
3531282326,959631610,1498.54,3776671617.0789475,542886549.8793151
3545522543,954089931,1498.98,3775160838.816993,541429982.6639837
5361175248,1610000305,2240.02,3785459633.681818,554500540.8320885
3583043274,976035735,1528.48,3784153721.683871,552946470.6712533
3579067188,978237318,1532.85,3782839064.4166665,551414322.4420831
3644487553,975357131,1555.11,3781957844.5987263,549765607.273597
6375569177,2503607282,3185.49,3798373106.1962028,585350019.3640454
3697880753,939691622,1542.48,3797741078.8176103,583560472.2341639
3723054918,936205675,1552.76,3797274290.3125,581763763.7815704
3885648596,1021584337,1621.78,3797823199.0434785,579995790.3272245
3598897196,948048043,1501.14,3796595260.7530866,578412797.8825316
3608270788,957022610,1505.06,3795439895.8895707,576823274.1966474
3460303103,938789148,1443.27,3793396378.859756,575653506.8201969
4340078475,1255501152,1811.54,3796709603.6848483,575472777.7544407
4252697069,1205138225,1775.14,3799456516.126506,574820786.4792461
4082619569,1140347135,1703.25,3801152103.269461,573513411.070982
3834861630,1107218826,1637.4,3801352755.214286,571809857.5991073
3936702074,1097143238,1671.27,3802153638.757396,570210099.681608
3636955733,943350234,1551.17,3801181886.3705883,568670870.8043959
3518284680,968730253,1506.88,3799527516.74269,567415799.4266655
3812950383,1062123682,1608.21,3799605556.662791,565764850.794657
3570608903,960704997,1529.85,3798281876.583815,564394367.5593926
3643071963,955344362,1559.37,3797389865.586207,562892494.162469
3533767660,968358864,1501.19,3795883452.982857,561633559.1354847
3877928030,1096955423,1644.86,3796349615.3522725,560069687.4622861
3505082288,952765192,1482.54,3794704037.2316384,558911851.3932394
3526001094,969285074,1509.93,3793194470.1348314,557701395.3091689
3997086666,1114110666,1694.04,3794333532.6815643,556348984.3045704
3525553159,968639143,1508.51,3792840308.383333,555160997.5101601
3511156000,950711989,1485.4,3791284041.486188,554018866.1934628
3515194176,971563276,1508.8,3789767064.2032967,552871556.8974024
4099355462,1148428062,1737.83,3791458804.0819674,551831068.5641365
3523043200,971303427,1507.53,3790000023.625,550683187.5618804
3504693041,960913558,1491.4,3788457823.718919,549591116.4039818
3524932628,969745784,1501.8,3787041021.591398,548450384.3592237
4240633714,1207267819,1778.16,3789466650.962567,547981426.390771
3516397729,954335938,1487.77,3788014156.6968083,546882904.7878592
3623995337,952382380,1553.43,3787146332.2539682,545563982.7603323
4454198013,1291730829,1860.5,3790657130.573684,546262840.4647198
3543417490,988578334,1515.21,3789362682.1937175,545123045.1748296
3513871633,966062555,1506.39,3787927832.9791665,544063102.8465934
3561710227,962683697,1523.93,3786755721.031088,542894773.8655715
5559358954,1675291691,2324.02,3795892851.097938,556173087.6511183
3618128116,976180753,1540.69,3794981237.071795,554890462.3396753
4015062323,1163022648,1675.41,3796104099.755102,553695177.3049762
7064998046,2367243143,2953.62,3812697470.0406094,599156692.2195374
3538167120,1033200139,1634.91,3811310953.121212,597958515.2197555
4517062992,1223071572,1891.15,3814857445.7788944,598538216.8496109
3582190817,981925744,1537.5,3813694112.635,597265495.8233376
3778509746,1054672582,1606.24,3813519066.034826,595783051.2728071
3581998720,981429225,1532.57,3812372925.707921,594528611.8271848
3619309914,984615661,1543.42,3811421876.3891625,593216465.4915078
3588435132,985771044,1536.6,3810328804.1127453,591965617.6190089
5002880647,1581315586,2091.87,3816146130.1756096,596336760.7007989
3583259092,981059560,1535.43,3815015610.5728154,595107753.8989245
3599051064,1000482003,1560.35,3813972303.584541,593857375.4450258
3888396320,1091631284,1649.17,3814330111.355769,592450480.1418006
3608078021,989691607,1543.87,3813343259.2488036,591202777.0873382
3582702951,969261463,1524.87,3812244972.0666666,590007154.4456174
3621699284,950661096,1549.84,3811341911.933649,588752832.6469101
4077261448,1110183971,1736.63,3812596249.3679247,587645157.1548194
3652039224,1006694973,1561.2,3811842460.516432,586366810.0252695
3614174624,994082695,1545.13,3810918779.037383,585150494.4133385
3827726547,1086948731,1620.18,3810996954.7023253,583789213.4137028
3699679553,960338653,1569.04,3810481596.361111,582485300.3258929
3625385284,950738024,1548.94,3809628617.963134,581276815.5743936
3512554344,964667757,1499.42,3808265891.93578,580289401.3666298
3932765916,1123319940,1689.71,3808834385.196347,579023865.8591408
3529431412,965963053,1503.77,3807564371.681818,578012042.695505
4638262790,1787758124,1939.1,3811323188.054299,579391474.1476324
3518630349,967122961,1500.62,3810004751.8423424,578417238.3152105
4800519736,1444506697,2003.68,3814446523.0717487,580901123.2508541
3579109580,979850969,1531.32,3813395911.71875,579815318.0138922
3754237055,1049661955,1648.02,3813132983.4666667,578538788.0536768
3623565150,984917858,1536.6,3812294187.743363,577394517.9818681
3606526139,953180427,1504.3,3811387720.568282,576282461.8367729
3891079238,1041156465,1623.8,3811737244.767544,575041409.245489
3597549445,955548783,1500.54,3810801926.864629,573958270.2259314
3551278123,944421385,1481.19,3809673562.5,572963667.3448529
3534137998,941156977,1474.02,3808480767.848485,572008252.7949102
3858762724,1032415233,1610.74,3808697500.418103,570783650.3202089
3714649349,1018322950,1549.63,3808293860.283262,569590657.1833504
4134739289,1177487992,1724.87,3809688926.217949,568771057.1209073
4233412487,1163910412,1766.42,3811492005.2,568229419.7182281
4031228537,1153634717,1681.65,3812423092.1991525,567203883.0459539
3917541932,1050224544,1660.87,3812866631.607595,566046997.3202579
3636899169,971038971,1516.94,3812127272.5210085,564971240.4270195
3538080755,981345401,1516.94,3810980634.372385,564065498.3588202
3576018349,979685863,1524.15,3810001624.85,563092577.1431892
3588751699,986087296,1536.38,3809083575.365145,562103077.1651661
3512498182,960495697,1488.23,3807858015.8884296,561263067.6493348
3572474888,961227070,1523.26,3806889361.0411525,560309677.5281943
3538499655,964950751,1508.65,3805789403.2295084,559423162.206386
3507882773,974055938,1505.1,3804573457.8,558603320.5323735
3518907263,957345916,1496.28,3803412213.105691,557763035.492475
3549463809,960869739,1500.88,3802384081.91498,556866345.2007941
3517402366,971385750,1506.08,3801234962.092742,556035862.462219
3519360226,970555283,1510.03,3800102935.0401607,555204483.4863701
3540970865,970566237,1510.65,3799066406.76,554334315.8577242
3526540533,964146629,1504.21,3797980646.3067727,553495260.6296669
3535069095,954163654,1494.61,3796937346.5,552643201.5692357
3510904853,963080902,1502.4,3795806783.284585,551841857.7035856
3518852078,964230682,1501.22,3794716410.429134,551027491.2439036
3538867273,955284737,1502.18,3793713080.478431,550178407.0398263
3529834334,965316406,1513.03,3792682304.125,549349442.2523348
3517232104,960416637,1501.49,3791610513.463035,548547742.6442707
3536466058,955515033,1501.99,3790621581.4651165,547713128.8273835
3552772315,986808126,1524.36,3789703244.5289574,546853721.4227432
3533445341,961303130,1506.42,3788717637.207692,546031503.1614516
3512819388,972604403,1507.29,3787660555.793103,545250945.1880918
3586450098,962241749,1533.03,3786892576.9465647,544350807.2532046
3566432052,956505994,1516.39,3786054324.0,543484329.7819176
3511193452,975787234,1508.44,3785013184.3333335,542716736.231227
3525606832,963835968,1505.82,3784034292.437736,541925226.5215695
3541137785,975843923,1513.76,3783121147.672932,541109827.7950233
3516726305,971156737,1509.86,3782123414.179775,540340645.0429754
3514789680,963967129,1502.32,3781125900.2462687,539577847.8523718
3519028526,970899035,1508.79,3780151560.565056,538810129.6197115
3514539989,969142138,1504.44,3779167814.0037036,538053377.2141428
3543053283,961970305,1499.28,3778296542.6715865,537250524.8536488
3534899195,967082509,1515.45,3777401699.4816175,536464312.50144666
3505907640,968651939,1504.23,3776407215.747253,535731999.87623113
5317888326,1673241259,2219.93,3782033059.2153287,542772309.286676
3610180063,975611739,1532.08,3781408139.2290907,541883294.0554814
3514080606,958569289,1496.49,3780439561.210145,541139159.3705094
3538996778,956855705,1504.89,3779567926.6137185,540355555.3396758
3519588319,971730113,1509.7,3778632748.1690645,539607335.3287876
3519467195,964919777,1494.61,3777703839.376344,538862053.5717051
3523991272,969309997,1509.59,3776797723.0642858,538111829.3202682
3517420795,963666214,1502.39,3775874673.4982204,537375500.4775233
3561611099,966164195,1512.26,3775114873.5886526,536573045.31456405
3509024294,964679664,1501.54,3774174624.1908126,535856872.9955055
3530297427,965506167,1507.3,3773315901.665493,535107660.49730235
3590549676,952841003,1520.35,3772674616.663158,534277362.2665958
3523280393,958974553,1498.49,3771802608.888112,533545619.57777786
3583530709,961186238,1532.88,3771146609.2369337,532730813.2336637
3515867532,958710578,1496.41,3770260223.5520835,532017091.25096494
3508719900,969615768,1503.73,3769355239.733564,531317862.88776475
3528633537,973803321,1505.74,3768525164.8965516,530588687.9052212
3511163898,966447093,1508.01,3767640761.917526,529890315.9965439
3524631873,960258493,1496.99,3766808539.6952057,529172659.55078936
3547439038,972510366,1513.79,3766059838.324232,528423762.722638
3503126615,970968982,1501.63,3765165507.632653,527746392.53977627
3532064056,961902756,1498.74,3764375333.220339,527025329.9111349
3584275085,996891318,1534.32,3763766886.435811,526238107.449029
3525895836,968993083,1506.77,3762965973.8080807,525532116.60817957
3533556912,951704109,1495.75,3762196144.7416105,524817327.02790713
3524773254,979978754,1512.15,3761402088.250836,524118251.97191423
3540433044,961304394,1508.33,3760665524.77,523398978.580608
3535170004,971576066,1518.87,3759916370.2159467,522689907.4127572
3524613925,980349536,1511.56,3759137223.0463576,521998865.9186527
3649014338,941491982,1548.82,3758773781.181518,521175041.5895641
3519566527,970262072,1508.39,3757986915.2138157,520497387.8514587
3514303250,965597819,1501.9,3757187952.377049,519830099.5631135
3515403914,958255701,1492.77,3756397808.4607844,519163432.3464069
3574402345,956689779,1528.44,3755804989.3615637,518420927.7936776
3538525787,968863206,1505.35,3755099537.405844,517726223.5088767
3546910790,943587942,1479.38,3754425787.4142394,517023027.47437274
3506235206,948659070,1462.46,3753625172.6354837,516380262.60890836
3546701052,943056355,1479.29,3752959821.765273,515682478.9981044
3534861326,936760049,1474.33,3752260788.125,515002965.0461095
3511383435,932759132,1464.7,3751491211.916933,514359272.5559737
3535607966,938162229,1474.71,3750803685.656051,513683607.690124
3516637698,938363998,1466.81,3750060301.568254,513036729.8980162
3561396570,950090869,1485.42,3749463264.443038,512333911.1084742
4126938341,1134553212,1721.47,3750654037.555205,511962961.59193444
4333938771,1189499836,1808.4,3752488266.2767296,512199525.88874376
3952584117,1147346313,1648.77,3753115525.9968653,511518390.9684855
3764440353,1095072710,1597.79,3753150916.08125,510718909.24184436
3561171724,990523461,1520.52,3752552850.0623055,510034995.30614763
3565894762,967501337,1513.69,3751973166.559006,509348297.5182405
3518135378,976273384,1506.84,3751249210.557276,508725118.19049007
3511904829,974338926,1506.22,3750510493.330247,508112919.256374
3505992100,956560207,1488.43,3749758129.043077,507511323.47050923
3521982403,967991439,1504.31,3749059430.4969325,506888860.340364
3521516250,957326882,1494.21,3748363579.792049,506269128.6655908
3496773670,965828879,1497.62,3747596537.384146,505687051.7165506
3519595327,963057629,1504.07,3746903524.586626,505073914.55816567
3524346042,954492035,1489.71,3746229107.9727273,504456411.9157777
3501518044,962991718,1499.16,3745489799.6223564,503872832.55911136
3651838320,952717554,1558.2,3745207716.85241,503139589.88090616
3512665283,966485546,1498.17,3744509391.2252254,502544665.7149451
3517378812,965500039,1503.61,3743829359.550898,501945209.60231835
3516929988,958067910,1489.24,3743152047.99403,501348311.7661588
3656029553,941476089,1558.14,3742892754.8541665,500624197.2586728
3532836337,968060420,1504.4,3742269442.041543,500011435.95172435
3526557929,958806406,1494.21,3741631242.2988167,499408667.33642316
3526689994,968228073,1505.11,3740997197.318584,498807756.1576634
3517469151,958797597,1493.93,3740339761.888235,498220743.1853795
3515207699,968277691,1508.14,3739679550.5601172,497638602.24836326
3524253396,968067278,1501.81,3739049649.5233917,497046650.7738977
3529191459,980844702,1511.67,3738437818.06414,496450519.6847235
3526192457,966897603,1505.36,3737820825.735465,495860090.1680902
3512901294,967943579,1506.95,3737168885.063768,495288552.8306832
3585656604,938647867,1495.77,3585656604.0,0.0
3561113728,942311974,1485.23,3573385166.0,12271438.0
3844128558,1028038488,1604.63,3663632963.3333335,128022349.51013583
3528552459,942914008,1471.72,3629862837.25,125353722.43226056
3629059287,978771505,1513.64,3629702127.2,112120238.55210112
4069404169,1157139432,1697.66,3702985800.8333335,193205263.94692588
4437494633,1317636787,1883.45,3807915634.0,313140995.0378256
3816702181,1103007733,1610.51,3809013952.375,292930992.8112586
3755968352,1056265389,1607.57,3803119996.7777777,276680666.25243527
3833452421,1082233811,1633.51,3806153239.2,262640014.09996542
3514179817,977408043,1506.52,3779610200.818182,264110236.554834
3518893488,967423094,1507.53,3757883808.0833335,262933001.32528153
3539550974,957264081,1501.34,3741088974.6923075,259230743.82868996
3904065918,1071988981,1663.16,3752730184.928571,253302720.6845732
3544936426,976240526,1519.4,3738877267.6666665,250142819.5766816
3520037436,957170371,1496.22,3725199778.1875,247925032.16890427
3502487933,971273918,1498.82,3712099081.4117646,246164941.21886587
3961850406,1083370664,1686.79,3725974155.0,245974528.6018281
3641388664,945081794,1548.66,3721522287.0526314,240157906.25813848
3491908054,965645310,1495.82,3710041575.4,239366574.5302479
3975846452,1129720552,1682.88,3722698950.4761906,240358361.46520776
3526235798,963299382,1497.37,3713768807.181818,238371206.5654433
3646412219,945907863,1551.36,3710840259.869565,233535953.81369364
3509781839,966929867,1503.14,3702462825.6666665,232122282.299226
4014448151,1142599624,1689.12,3714942238.68,235506224.465482
3514353590,969739192,1507.32,3707227290.6538463,234132426.28821075
3644890158,938031450,1549.38,3704918507.962963,230057143.8066146
4269111303,1191903202,1783.18,3725068250.642857,248994763.61205196
3520224797,967623766,1505.9,3718004683.275862,247502622.73358145
3492381801,955554686,1486.33,3710483920.5333333,246689935.5047161
3513722630,975729383,1504.82,3704136782.129032,245155899.2262487
4506464979,1312161006,1899.34,3729209538.28125,278767253.891372
3531706858,967218511,1504.86,3723224608.5757575,276590885.2772268
3497041636,966387620,1499.74,3716572168.2058825,275159694.61355186
3535553013,956020914,1501.91,3711400192.3428574,272871967.0574968
5391325346,1621320569,2253.43,3758064779.9444447,385494789.25708073
3595805313,973094991,1531.1,3753679388.9459457,381159005.44595504
3576399124,981781962,1532.87,3749014118.8157897,377179357.2733395
7219555779,2432393160,3018.92,3838002366.5128207,662974342.2577888
3607020701,976320225,1533.18,3832227824.875,655627235.5109982
3613757271,948325450,1507.23,3826899274.780488,648458737.980085
3730980376,964933271,1580.63,3824615491.4761906,640859346.9214258
3845527220,1040162329,1604.94,3825101810.744186,633371499.7360373
3595723988,979416020,1543.64,3819888678.409091,627065225.0721551
3590765752,968946890,1525.16,3814797057.822222,620977826.6602889
3926418932,1051331270,1660.33,3817223620.304348,614406648.0107491
3585730887,988342107,1537.21,3812298243.0,608752526.9470727
3588394631,971567930,1523.3,3807633584.4166665,603226246.762462
3727550777,921732016,1554.62,3805999241.408163,597146510.6323199
3963370006,1066870745,1654.74,3809146656.7,591555306.7846601
3626193518,980012415,1532.68,3805559340.254902,586276044.0205505
3704097031,963632474,1586.61,3803608142.0,580778592.4040359
3582172816,973470726,1525.71,3799430116.981132,576061852.316502
3938092939,1090577269,1673.62,3801997947.0185184,571009112.8132155
3652408220,999797994,1548.23,3799278133.8,566147205.4600494
3604975990,980722019,1528.0,3795808452.660714,561659298.1063834
3914858547,1106988065,1658.44,3797897050.8070173,556930019.1875781
3578127561,970898052,1517.13,3794107921.672414,552848665.6306003
3589236341,977444918,1533.42,3790635522.0,548781029.774027
3612789482,980430586,1538.42,3787671421.3333335,544664706.6487877
4079936129,1137342063,1728.39,3792462646.0491805,541455187.3376396
3590654133,976988456,1536.68,3789207670.032258,537672203.5874207
3517198826,966120703,1500.68,3784890069.3333335,534470233.0837093
3998237445,1159510786,1698.76,3788223622.078125,530937952.3436131
3663085933,1007708013,1552.97,3786298426.8615384,527063060.2766534
3633880539,962579391,1515.78,3783989064.9242425,523386188.35344577
3605935343,952387208,1504.14,3781331546.6865673,519914095.7943873
4254528538,1203413642,1777.02,3788290325.970588,519210900.26043737
3630318054,950550386,1514.27,3786000872.753623,515780410.20639265
3998154570,1119450533,1667.51,3789031639.857143,512701486.24632525
4492226257,1236946952,1874.87,3798935789.3943663,515778027.1668912
5318917230,1712477477,2222.92,3820046642.736111,542194237.686485
3707463426,1032016523,1584.2,3818504406.890411,538626766.4761077
3611157855,987784192,1546.57,3815702426.4594593,535510409.9955818
5628209185,1716151070,2352.59,3839869183.24,571109585.2994411
3591454059,986345691,1538.21,3836600563.1842103,568045587.2743493
3589730010,973517420,1523.11,3833394452.103896,565036644.6739091
3586240897,979777513,1533.76,3830225816.782051,562091051.3065087
6134912042,2559215052,3238.35,3859399060.1392407,615086272.855742
3744355838,1093626897,1607.79,3857961019.8625,611363519.3929535
3618788029,979950454,1532.28,3855008266.888889,608151679.9140137
3949757588,1039303848,1672.07,3856163746.414634,604521516.909232
3601572016,972722828,1529.12,3853096376.1686745,601510445.2158045
3572996874,976564108,1530.91,3849761858.285714,598690549.665372
3736433121,968133120,1600.59,3848428579.0235295,595283854.600318
4355827870,1730080585,2110.7,3854328570.77907,594307337.0056665
4506772685,1427397918,2056.73,3861827928.413793,594960585.392551
3579883966,974694485,1527.29,3858624019.75,592324807.3949797
3596900910,981657156,1535.19,3855683310.651685,589633412.5913912
3852790227,1085980713,1638.15,3855651165.2777777,586348599.6464795
3614990762,980478116,1528.48,3853006545.4615383,583657492.1603734
3654316247,971144962,1564.68,3850846868.304348,580842256.9845841
3872703256,1116113633,1679.16,3851081883.225806,577715406.8779725
3600386105,958786213,1517.46,3848414906.861702,575209520.277815
3586167680,977487160,1540.45,3845654409.736842,572799707.2900136
3726248216,938830840,1561.26,3844410595.21875,569937517.2601187
4002756639,1094266711,1671.52,3846043028.659794,567217637.1338562
3600009999,954270544,1501.63,3843532487.5408163,564857683.1740166
3601815443,953943836,1502.3,3841090901.232323,562517149.2441736
4124959836,1097251171,1722.3,3843929590.58,560409712.0196104
3601850368,948077821,1502.23,3841532766.5940595,558143374.366824
3604070047,952401122,1503.71,3839204700.7156863,555893225.5322498
3596712068,960569795,1500.19,3836850403.3106794,553698896.0643412
4285435422,1152680801,1789.7,3841163720.798077,552766536.6675576
3618631729,954023212,1509.29,3839044368.4952383,550552420.8064787
3600537144,952260098,1501.83,3836794300.3396225,548434183.4963312
3666827023,951784451,1529.44,3835205821.1121497,546110328.8822348
4399826459,1231633246,1837.74,3840433789.9814816,546259580.9481018
3596393846,951113587,1500.24,3838194891.412844,544245613.1445925
3602190823,954458963,1502.42,3836049399.8818183,542228984.7148184
5097338074,1570390340,2129.89,3847412360.9099097,552780580.1805317
3907450505,1061671361,1630.11,3847948415.767857,550336256.3465785
4050412257,1095664458,1689.53,3849740131.176991,548223747.1568257
4212773645,1160492018,1758.48,3852924635.6842103,546862707.242464
5080919857,2190099199,2645.1,3863602855.0,556288672.3756943
3854408054,1123446119,1630.66,3863523589.474138,553886338.5682014
3868508021,1132139719,1653.9,3863566191.4529915,551514414.3012476
6216849365,2355371844,2686.28,3883509269.1949153,590020708.0531393
3570011707,993604188,1555.61,3880874835.8991594,588232920.432652
3656346397,986442621,1562.62,3879003765.575,586132317.1462084
3603464704,981658571,1531.19,3876726583.247934,584238046.5976036
3895171339,1086611768,1658.67,3876877769.7704916,581841078.2866102
3687126848,956174322,1559.19,3875335079.3495936,579721517.1921426
3626224725,969358538,1551.71,3873326124.879032,577808925.3966647
3641015644,973158652,1543.94,3871467641.032,575865036.5735918
3871168938,1068034096,1636.67,3871465270.373016,573575306.3025178
3613475500,950314317,1507.18,3869433854.858268,571767547.2636796
3612170734,957135060,1506.7,3867423986.7265625,569979916.8446914
3909770703,1056447720,1632.16,3867752255.844961,567778541.1493137
3587104321,957004374,1496.15,3865593425.576923,566121801.6057911
3593623472,952751036,1498.9,3863517319.0610685,564453456.3195763
3588709181,945353739,1496.9,3861435439.2272725,562815949.4171546
4877892031,1412747500,2037.46,3869077969.992481,567529750.5858443
4226294747,1193689973,1763.11,3871743766.8358207,566243341.5365705
3918004518,1138590646,1657.62,3872086439.0666666,564156191.4710858
4137635385,1218023248,1742.62,3874039004.845588,562535919.5822161
3627242276,1003118169,1554.36,3872237568.8686132,560872690.1124258
3594416790,985104754,1540.39,3870224374.8188405,559333421.7739515
3620918600,1003205694,1552.14,3868430808.0935254,557715930.4336021
4157181526,1178439111,1767.66,3870493313.2214284,556252272.1399134
3584344647,982526649,1536.84,3868463890.0567374,554796128.8001668
3702100887,954091449,1568.98,3867292319.612676,553014178.0634887
3723169825,964079159,1592.41,3866284470.0,551208023.3858418
4247195234,1207020394,1799.38,3868929683.638889,550200823.066296
3707777905,981480485,1568.16,3867818292.062069,548462471.4426155
3582785566,984239923,1532.64,3865866013.1164384,547086268.0574936
4434070494,1267308618,1871.34,3869731349.7210884,547219031.1036111
3587996929,988254061,1534.36,3867827738.7702703,545855342.7282779
3563565032,980721603,1524.12,3865785707.181208,544587440.9673977
3592778430,987539963,1525.62,3863965658.6666665,543223604.8808264
4722867370,1351746980,1985.89,3869653749.4701986,545885327.2938634
3590261429,982436833,1538.85,3867815642.0986843,544555322.5086374
3627499710,1000309869,1552.07,3866244949.732026,543118146.815451
5500324569,1716645153,2298.55,3876855856.3506494,557035330.2587538
3608278610,976051278,1527.85,3875123099.9225807,555651757.2005259
3691156060,965877065,1571.96,3873943824.025641,554062517.2554806
3629645988,971592742,1548.63,3872387786.853503,552637012.9473426
5973405494,2581054732,3256.3,3885685367.278481,575531349.6628423
3589549838,989790831,1532.08,3883822879.672956,574196104.9598333
3680646980,955373421,1570.77,3882553030.3,572622847.0197198
3622879569,1007020403,1555.56,3880940151.6583853,571206196.1044093
3872393327,1048585877,1633.51,3880887393.4814816,569440878.4205738
3595146758,982825907,1537.39,3879134383.4478526,568129742.349805
3592229032,986558328,1535.94,3877384960.5731707,566835200.1497536
3870119570,1051652000,1631.9,3877340927.9030304,565115188.5965275
3610723887,977014613,1539.81,3875734801.1506023,563788072.8940988
3593312263,988001378,1540.92,3874043648.227545,562519702.3785832
3592000733,967255084,1518.19,3872364821.3511906,561262501.7379858
3957079260,1084359462,1687.26,3872866090.218935,559637214.3530356
3593805895,967069083,1516.59,3871224559.6588235,558396710.5611048
3585628152,973059057,1524.05,3869554405.2280703,557187271.006158
4002020631,1107364509,1696.38,3870324557.7034883,555656453.8111924
3591787089,983763730,1541.3,3868714514.5317917,554450407.1809049
3570175203,973076259,1516.17,3866998771.362069,553315256.1602068
3621890413,993512182,1550.0,3865598152.1714287,552041340.3443364
4062457831,1140077416,1730.3,3866716673.0738635,550669637.779395
3654241320,980467972,1565.8,3865516247.3502827,549342758.3553554
3735274663,963363008,1597.3,3864784553.05618,547883973.8317757
3584495562,976169050,1534.35,3863218692.77095,546750696.9607768
4084932318,1145490520,1736.79,3864450435.133333,545478820.9851238
3594878932,974648995,1535.9,3862961089.812155,544336756.2245173
3578586048,982016228,1533.99,3861398589.5824175,543246134.9158301
4149226458,1175679746,1753.37,3862971419.464481,542175189.2678461
3687371527,985203650,1575.47,3862017072.222826,540853984.5592513
3602147537,971956904,1522.37,3860612372.0324326,539726683.2711755
3650270093,982506522,1565.17,3859481499.564516,538493573.5157986
4436700007,1254710439,1870.05,3862568229.550802,538699218.7522641
3600008862,982559799,1535.7,3861171637.1702127,537603930.3886875
3580326996,978198341,1531.56,3859685686.687831,536566774.4629649
4687373368,1346659656,1958.43,3864041937.642105,538493507.931491
3567462572,962575764,1520.44,3862489166.0942407,537508299.3936291
3656003073,972712642,1524.84,3861413717.6927085,536312701.6453391
3596381866,948508741,1500.1,3860040495.6632123,535259804.29675704
5267062335,1704448852,2364.22,3867293185.556701,543303165.6194316
3743216561,934312886,1561.25,3866656895.174359,541980754.8659375
3719156426,1008586937,1551.4,3865904341.7602043,540698515.6325047
4259908341,1225380374,1777.3,3867904362.0609136,540050799.2538954
5224076466,2639385105,3013.47,3874753716.121212,547196354.7554997
3621038536,1004109311,1545.64,3873478765.4673367,546114509.0800223
3593336603,986718070,1540.11,3872078054.655,545105758.4613787
3886627463,1090886886,1658.85,3872150439.7711444,543749046.839325
3598080474,985478497,1540.75,3870793657.7623763,542742443.4607321
3574025913,979544874,1528.97,3869331747.6896553,541802537.7544715
3595636071,981018076,1537.75,3867990102.2156863,540810892.9484257
3907215208,1071882591,1647.97,3868181444.195122,539497151.4994121
3573234366,979368059,1528.07,3866749662.262136,538576389.6229491
3588957886,976062037,1532.69,3865407673.004831,537619049.3213612
3928198270,1055712904,1663.62,3865709550.875,536342724.8055027
3584749866,972362814,1525.51,3864365246.162679,535409213.8298706
3574239992,978282888,1523.36,3862983697.3333335,534506199.9193497
3621307648,979531461,1549.57,3861838313.21327,533496358.1111976
3979207606,1085862106,1675.58,3862391941.9528303,532297376.63581634
3584288256,978665890,1534.45,3861086290.8450704,531386546.4596013
3590881449,967476879,1519.71,3859823651.3971963,530463707.5669484
3579636281,968964817,1515.2,3858520454.3255816,529571890.5583119
3963721993,1113671039,1684.94,3859007498.486111,528392869.88807386
3712344170,952627007,1581.72,3858331630.612903,527267542.8392104
3584739617,973171518,1516.37,3857076621.376147,526381579.35856247
4024827284,1120720308,1695.43,3857842606.1369863,525300181.2642809
3590992316,986524699,1536.25,3856629650.2727275,524412254.62099516
3717899160,951003022,1570.51,3856001910.4977374,523307294.36232764
3558365813,1006010823,1566.73,3854661207.355856,522507614.8522045
4230675633,1191907471,1794.71,3856347370.6995516,521939754.3923903
3586815507,974186938,1519.86,3855144103.450893,521083306.74659497
3564823232,970623277,1512.19,3853853788.4666667,520282579.71008927
4312814000,1238797893,1827.12,3855884585.862832,520023204.2102771
3576491479,979821830,1530.91,3854653779.2246695,519206318.51221097
3578861856,980868491,1528.65,3853444165.5263157,518386913.735602
3584003068,987090287,1521.51,3852267566.847162,517558847.28704315
4647182678,1350650318,1953.03,3855723719.504348,519074102.1855195
3647404174,1011522195,1557.1,3854821903.2900434,518129885.5437923
3617911399,986271594,1543.81,3853800737.323276,517244924.0093838
3601919108,998575549,1545.04,3852719700.287554,516396345.72558707
4934576279,1885104232,2680.15,3857343019.0,520101897.47387004
3616502211,988896039,1546.08,3856318164.4978724,519230845.504161
3638733544,980998865,1559.0,3855396195.766949,518322343.1309942
6102978571,2528152194,3133.62,3864879665.7046413,537354088.8453835
3593474236,975731582,1524.92,3863739306.7563024,536511307.5667837
3604410337,988466007,1533.08,3862654248.3054395,535649347.13056785
3664090892,1086578325,1569.04,3861826900.9875,534685251.8151156
3859457197,1089346303,1664.64,3861817068.1908712,533574814.9319867
3608510742,975634833,1536.73,3860770347.8347106,532719131.9121197
3582639058,987200482,1530.41,3859625774.6255145,531919962.34551173
3911232653,1063671329,1649.98,3859837278.22541,530839082.2204098
3593759293,987928362,1537.93,3858751245.632653,530026185.493808
3600460316,973987232,1528.2,3857701282.504065,529203049.95891607
3663296726,979466450,1528.02,3856914219.5222673,528274954.7557127
4371582220,1317551933,1829.52,3858989493.717742,528216715.15354925
4075831665,1215212117,1714.89,3859860345.811245,527333332.45251733
3590471698,1063995037,1705.66,3858782791.22,526552221.14411074
3561957003,995884734,1566.2,3857600218.358566,525834813.14066356
3438604772,1088761185,1749.08,3855937538.015873,525451149.53102815
4254985851,1810082620,2439.42,3857514804.075099,525009074.2964779
4236951656,1221845127,1775.3,3859008649.9488187,524513051.6834451
3920190470,1119546744,1635.43,3859248578.654902,523497550.0361985
3696405728,1003196609,1542.3,3858612473.7695312,522572826.3273067
3673000268,986917274,1532.04,3857890247.2879376,521683154.7819768
4823328503,1480290831,2090.51,3861632256.031008,524115571.1686831
3749248683,1265183530,1974.79,3861198342.6216216,523149215.5331289
3976039735,1097792333,1658.69,3861640040.2846155,522190575.15828735
4171814556,1139443668,1740.55,3862828448.390805,521541403.859118
3951603995,1142439933,1648.4,3863167286.354962,520573926.51463276
3881123916,1118406727,1619.3,3863235562.513308,519584475.0000245
3918904941,1122170632,1657.19,3863446431.371212,518610754.77861303
3814304034,1117334347,1617.76,3863260988.362264,517640088.466533
3912598599,1072570008,1668.76,3863446468.101504,516674987.1473242
3753419599,1070732354,1605.81,3863034382.449438,515750316.42702204
3675404666,1015049253,1563.17,3862334271.567164,514914292.9107763
3654608921,994428907,1546.24,3861562058.3680296,514111760.7973487
3646235494,1004328371,1558.47,3860764552.5740743,513325492.73193365
3637599497,991047623,1541.67,3859941065.284133,512556163.67744267
3604138232,991572712,1534.07,3859000613.6911764,511847288.7696431
3632576780,980845989,1540.89,3858171222.3589745,511092057.6424769
3710403510,965577874,1583.56,3857631924.138686,510236368.4189522
3599353763,986939437,1539.76,3856692730.8254547,509545039.81320477
3570151074,975617886,1512.97,3855654536.4166665,508912413.89546317
3668359952,978994610,1564.79,3854978382.6823106,508117151.0149441
3515441693,968254955,1564.48,3853757027.683453,507609619.99607897
3607136301,971922734,1523.9,3852873082.426523,506913409.42425793
3589870109,982959535,1537.03,3851933786.0928574,506250571.8684724
3703491625,964170712,1586.68,3851405522.1743774,505426271.884312
3584037134,968470866,1516.8,3850457407.3226953,504779597.4426514
3610118280,997403857,1544.46,3849608152.4558306,504088750.0711232
3573666747,977831431,1530.56,3848636527.7887325,503465885.444873
3571040568,980496178,1531.14,3847662506.877193,502849815.7772274
3601851619,989109553,1540.13,3846803028.248252,502179598.4176736
3592718788,985284114,1536.46,3845917717.30662,501527484.52874345
3838215717,1064298905,1631.92,3845890974.25,500656224.9436911
3616846276,985021133,1536.05,3845098432.0415225,499970230.0887259
3701027519,951430125,1575.44,3844601635.789655,499178917.56799287
3861769726,1087592029,1646.91,3844660632.6632304,498321496.4965049
3808631315,1060385925,1609.36,3844537244.589041,497471927.3502645
3581470160,976175295,1522.02,3843639404.7098975,496859204.0057722
3738954728,959017858,1586.65,3843283334.3809524,496050931.0714982
3902744154,1090405103,1660.31,3843484896.481356,495221512.88047826
3573536175,981336062,1533.98,3842572907.5574327,494632365.6425403
3609289736,974041157,1532.73,3841787442.3333335,493983826.6552197
3720938229,959064362,1590.63,3841381908.060403,493203817.8135777
4031382123,1082576145,1699.3,3842017360.284281,492500551.26388115
3587307144,979911087,1535.91,3841168326.23,491898167.4500147
3577813186,984922168,1521.58,3840293392.2093024,491314149.53566015
3983382271,1118293793,1686.96,3840767196.4437084,490568916.5349925
3596337024,982953342,1536.89,3839960496.2046204,489959327.5103377
3582345606,988962685,1534.96,3839113078.8026314,489375173.37656426
3584436691,984020184,1536.54,3838278074.252459,488789128.63548976
4135012643,1144170720,1747.71,3839247795.0653596,488283579.73685855
3673611041,965482244,1563.56,3838708261.664495,487579034.15260434
3641966329,982983957,1557.64,3838069489.155844,486915514.6859593
3632925233,1003158367,1553.22,3837405591.8867316,486266595.04871994
4223931885,1194148895,1791.97,3838652450.8967743,485976163.90074486
3585207740,986462232,1533.79,3837837516.1350484,485406335.44779426
3604321632,985854028,1545.06,3837089067.7884617,484807523.4539767
4397574810,1214787105,1851.61,3838879757.060703,485064802.7201051
3668591375,994926210,1565.73,3838337437.3726115,484386823.79432327
3597348701,981451004,1539.44,3837572393.7650795,483807314.5727815
3593851874,966380359,1519.73,3836801126.297468,483235108.58284795
4644978767,1390843218,1953.95,3839350582.577287,484596161.69664884
3604023648,972433112,1528.37,3838610560.77044,484012984.76929855
3604340933,949127676,1503.45,3837876173.2225704,483431164.24938947
5348150006,1612487696,2235.14,3842595778.95,489980594.1437247
3569890130,978446282,1530.61,3841746228.6417446,489452778.3515772
3658216584,937045803,1526.0,3841176260.8012424,488798849.95902735
3596828546,945866419,1500.26,3840419766.328173,488230363.01452124
5407559969,2647799066,2996.24,3845256618.8055553,495166448.53685695
3688468365,1035251707,1577.91,3844774193.4092307,494480320.6072024
3624324010,998730607,1547.32,3844097965.852761,493871816.9551202
3883432468,1040422676,1620.54,3844218254.850153,493120865.91628647
3809329417,1053485116,1626.12,3844111886.4420733,492372340.5410552
3615088543,970779491,1536.61,3843415766.857143,491785109.4690237
3598680981,980273515,1536.81,3842674146.2939396,491223632.9778471
3912167867,1061729740,1662.32,3842884097.1117826,490495870.29073256
3570073363,1008990390,1566.78,3842062378.0331326,489984734.5682123
3638231477,1006445632,1555.69,3841450273.2252254,489375576.8483772
3599296591,967811062,1525.21,3840725262.2005987,488821503.5786809
3946514115,1119482879,1681.26,3841041049.8208957,488125492.498812
3609547854,970234342,1530.63,3840352081.9761906,487561674.70510167
3577743666,999753186,1525.59,3839572828.5163207,487047254.4329658
3886066149,1081443257,1638.81,3839710382.718935,486332792.30537194
3628300524,963403944,1536.66,3839086754.817109,485750284.771838
3610851389,970776678,1530.98,3838415474.329412,485192866.8857591
3590886277,984949195,1535.35,3837689582.255132,484665774.03658843
4008390614,1106524711,1698.81,3838188708.0789475,484044440.0213018
3578033643,1015560040,1579.96,3837430238.5014577,483541804.6251102
3583328589,975620609,1527.72,3836691570.9156976,483032234.7714166
3575060516,983941569,1533.08,3835933220.031884,482536716.3372779
4029493452,1151374973,1699.11,3836492642.66763,481950929.86225975
3594720064,979927078,1539.65,3835795891.720461,481430455.31756634
3684367346,951577740,1564.4,3835360752.2212644,480806578.1303335
4175416750,1161267723,1755.22,3836335124.7077365,480461200.2318749
3656149764,976694371,1548.73,3835820309.3914285,479870722.95415586
3594795621,985544799,1538.58,3835133629.3675213,479358831.494838
3641417600,1009082913,1550.04,3834583299.7386365,478788467.0278618
4506117868,1242281625,1882.39,3836485663.9546742,479440173.47952956
3599748144,976079766,1521.4,3835816913.898305,478927364.8267748
3596635382,968598532,1521.33,3835143163.104225,478420316.15367097
4685910896,1388124702,1978.46,3837532960.1067414,479865097.4571871
3643035695,983899548,1550.97,3836988149.8403363,479302789.06667167
3633099037,986509624,1557.11,3836418627.178771,478753852.78901273
3589050743,971382616,1521.65,3835729580.147632,478264330.8265656
5455251128,1692450606,2345.89,3840228251.1138887,485146211.7238596
3573154209,978301638,1522.91,3839488433.822715,484677108.6916506
3565828450,984227283,1527.73,3838732467.0165744,484220278.55938625
3568141770,978368198,1526.08,3837987038.0991735,483760796.01151884
5512780674,2382801557,3071.92,3842588119.5164833,490985005.0781593
3617622253,965135941,1529.37,3841971774.6767125,490452950.17266005
3594903245,983297982,1530.61,3841296724.0491805,489952242.67146355
3851716587,1080952430,1639.66,3841325116.0463214,489284578.9725388
3590727206,987518442,1536.58,3840644143.464674,488793457.35876
3628636785,985760609,1533.11,3840069597.7777777,488255102.0557657
3604860620,966396950,1527.05,3839433897.8378377,487747739.4883011
3880618204,1079642190,1652.23,3839544906.749326,487094634.29712546
3589596828,973373942,1521.12,3838873003.311828,486611624.8115522
3571888551,981197714,1534.19,3838157227.300268,486154948.60593504
3832002917,1106290960,1673.84,3838140771.9251337,485504677.8177759
3753890411,987635969,1607.12,3837916104.296,484876373.1685501
3593353188,968936459,1523.98,3837265671.007979,484394948.9222794
3594372323,978537580,1537.5,3836621391.570292,483913380.0947451
3897234247,1118970525,1687.88,3836781743.0396824,483282888.18793494
3585710912,971751406,1525.01,3836119287.021108,482816709.58209926
3594164015,961421227,1499.02,3835482562.6210527,482340311.2878043
3613974965,953287043,1507.3,3834901177.850394,481840205.25122315
3974224262,1086142322,1659.01,3835265897.9659686,481261768.14856803
3594120113,952027783,1499.06,3834636274.5065274,480790589.24467653
3592615158,952618149,1498.39,3834006011.1822915,480322550.3836068
4118092157,1125177806,1719.5,3834743897.275325,479916227.10343975
3940321109,1073198626,1643.54,3835017413.3678756,479324216.40239525
4357544955,1238057061,1818.51,3836367613.73385,479438968.5995789
4094416268,1171227901,1708.1,3837032687.5850515,478999453.6276658
4502468773,1411961507,1903.17,3838743320.1953726,479568603.75021034
3648892569,994858474,1546.25,3838256523.3974357,479049600.41740656
3602987905,966105530,1523.03,3837654813.375959,478584155.5362022
4366299035,1265384851,1849.98,3839003395.5739794,478716620.3518159
3591194218,987318027,1534.69,3838372837.8702292,478270147.74521214
3746176547,982970296,1601.88,3838138837.1319795,477685345.3560697
3650869183,984271441,1566.09,3837664736.741772,477173102.5527132
4624367579,1353443836,1944.59,3839651360.080808,478203011.3639341
3604985375,969801810,1526.12,3839060261.8816123,477745189.30684704
3597054654,977444104,1520.19,3838452207.590452,477298418.41019154
3604586267,981600537,1543.88,3837866077.4135337,476843318.8147227
4998332737,1813193080,2495.45,3840767244.0625,479759723.4278822
3588265484,982862736,1535.58,3840137563.862843,479326613.6736498
3571783960,979315651,1528.28,3839470017.584577,478916660.8479401
6302275227,2501610904,3195.1,3845581196.764268,493766474.1901622
3613180797,996855656,1550.48,3845005948.25,493290187.9886187
3585583434,980987496,1534.01,3844365398.832099,492849007.8359121
3578807664,982572833,1535.97,3843711315.7413793,492417645.2017893
3836016189,1069986819,1635.02,3843692408.7960687,491812485.03044343
3578254542,982698734,1531.78,3843041825.7892156,491384721.55454886
3602026687,979761077,1537.73,3842452546.7212715,490927956.36029655
3862965270,1054877355,1628.34,3842502577.753659,490329942.1892722
3565280058,1011697671,1570.09,3841828070.406326,489923477.66810733
3579690549,978391681,1530.5,3841191814.286408,489498529.89100206
3583789038,964053562,1514.23,3840568563.0121064,489069199.9294247
3895811173,1084762500,1655.37,3840701999.268116,488485706.4859079
3598982827,976119676,1535.56,3840119543.4313254,488040728.94446707
3624132005,982340220,1545.39,3839600342.6177883,487568525.79510343
3596266874,1004114844,1566.83,3839016809.119904,487128977.54760015
3858962685,1085511807,1694.61,3839064526.5263157,486546914.2096529
3595683319,1005506573,1559.83,3838483664.4558473,486111047.1734482
3516971924,982796113,1495.28,3837718160.311905,485784781.8780431
4105039994,1114889338,1734.87,3838353129.038005,485381966.3696643
3598854183,955514150,1501.15,3837785595.9905214,484946359.1071338
3602200695,956282487,1502.66,3837228657.690307,484507897.57687134
3609884263,956785660,1505.73,3836692468.0801888,484061839.33793926
4087630845,1134047154,1706.53,3837282911.32,483644858.44765437
3605536269,947848532,1503.95,3836738905.117371,483207030.93973655
3596572295,950500323,1500.06,3836176454.0398126,482780475.6193896
4183327383,1143511330,1746.47,3836987554.3411217,482507338.36661816
3610138096,956823721,1505.79,3836458767.7249417,482068790.21693075
3589400400,954852988,1497.21,3835884213.3813953,481654953.51510894
3616138681,954117255,1508.25,3835374362.9582367,481212020.13576466
4466412148,1229592187,1865.36,3836835098.571759,481610448.21394885
3610664869,950312983,1506.08,3836312765.4780602,481176484.3356507
3610067673,947787684,1506.02,3835791463.421659,480744212.8895939
3622450296,953205761,1510.9,3835301023.9563217,480299999.76842827
4682725854,1396949438,1969.34,3837244658.8876147,481458508.5329585
3652211912,980812107,1523.43,3836821242.9908466,480988588.1482897
3598521681,956124635,1501.01,3836277180.063927,480573802.32852805
5789807655,1918243052,2434.08,3840727135.5876994,488976907.8564205
4003131708,1106978684,1671.59,3841096236.8886366,488482157.7377777
3904455913,1116597977,1643.91,3841239909.623583,487937315.80857235
3812074968,1111822098,1616.24,3841173925.59276,487387007.7274872
5314267728,2549265527,2960.25,3844499193.7697515,491830507.79906255
3638749715,962543929,1517.83,3844035794.042793,491373141.60659397
3596295339,950136572,1500.0,3843479073.919101,490960892.18556917
3856397965,1037959578,1609.38,3843508040.042601,490410559.4009727
3750241802,931206772,1564.22,3843299390.7404923,489881512.43198466
3620798049,948533244,1510.23,3842802735.959821,489447114.1726917
4068684653,1107735764,1696.97,3843305813.726058,489017712.197657
4587245169,1388269743,1915.87,3844959012.2933335,489728548.0330911
4038834071,1107904889,1685.0,3845388890.472284,489270299.3263387
3841164270,1068213040,1630.16,3845379543.966814,488728811.74232614
3946231268,1132561779,1683.16,3845602174.704194,488212022.5333397
3881556266,1094232280,1653.79,3845681368.7378855,487676960.56677485
3607068976,977648546,1533.97,3845156945.8967032,487268894.90163636
3589730834,978786777,1535.28,3844596800.9144735,486880946.29631215
4022045257,1076339796,1692.27,3844985090.752735,486418637.4629946
3621394407,990121035,1550.89,3844496901.4868994,485999389.3815666
3602577595,990974583,1544.19,3843969844.174292,485600707.4615615
3610120607,977583996,1545.12,3843461476.267391,485194851.4845896
4047273814,1090924054,1689.95,3843903585.45987,484761071.2747209
3621022348,979631445,1542.74,3843421158.538961,484346925.1460961
3592995762,982416360,1535.53,3842880282.9524837,483963244.7518347
4069539139,1140066243,1719.26,3843368771.8663793,483555703.71457297
3594370250,975478256,1528.15,3842833291.1741934,483173171.73889154
3619145246,975299716,1536.44,3842353273.909871,482765448.6195134
3592854892,982257326,1540.36,3841819016.1327624,482386179.6086907
4198379845,1171703062,1765.8,3842580898.2457266,482151727.72141826
3605128461,979635159,1537.46,3842074603.0703626,481761954.6791495
3614667569,988460627,1547.03,3841590758.3170214,481363229.0832372
3566086554,990023718,1531.46,3841005823.700637,481019140.61162966
4350948818,1240230885,1849.6,3842086211.4004235,481081045.05758154
3669550707,976148118,1561.88,3841721442.8921776,480637570.5499441
3573132566,983874802,1530.2,3841154799.691983,480288433.2474544
4631095648,1336796401,1934.85,3842817833.0568423,481146833.79694563
3588424299,980086002,1535.52,3842283392.859244,480782278.02038366
3588578073,981878591,1534.47,3841751515.8784065,480418215.13970786
3577281952,967924652,1518.57,3841198232.2719665,480067529.9635183
5248101050,1751065521,2407.45,3844135398.9060545,483846439.4329874
3584168975,976278314,1532.95,3843593802.1895833,483487494.0312036
3661790106,978495465,1564.89,3843215831.927235,483055630.91806287
6931905730,2442678793,2996.31,3849623902.2551866,502603330.3815495
3595042099,980322129,1542.24,3849096817.7763977,502216102.60550034
3577285754,988494997,1529.08,3848535224.6694217,501848809.65518177
3579479554,983805779,1535.18,3847980470.7092786,501479707.2218877
3831699670,1052053039,1620.76,3847946971.1193414,500964059.16075027
3592238630,975935565,1532.6,3847421902.657084,500583308.4919608
3671719676,957219229,1566.09,3847061857.110656,500133271.067505
3854641406,1060107832,1635.04,3847077357.2106338,499621742.9757639
3974525397,1058439335,1687.76,3847337455.2510204,499144803.60716105
3589505186,972983852,1520.55,3846812338.6130347,498771717.8430818
3569390238,980391304,1521.24,3846248472.554878,498421208.25889504
3936517340,1107818393,1693.65,3846431573.7058825,497932017.066234
3581002337,988869297,1529.06,3845894267.5587044,497570825.4621261
3713274395,952452653,1578.89,3845626348.6242423,497103642.053366
3604980658,981214435,1527.87,3845141175.860887,496719579.38560927
4018889743,1105237009,1697.18,3845490770.5633802,496280687.30327016
3643316251,978975900,1546.43,3845084797.63253,495864765.6851754
3595230280,980315905,1533.25,3844584087.1763525,495493663.6087271
3968741021,1138949833,1724.85,3844832401.044,495029000.12393385
3719167122,963570699,1572.66,3844581572.1437125,494566516.62714815
3566132259,985997793,1528.55,3844026892.237052,494229641.79784334
3615264166,973681421,1535.33,3843572095.5646124,493843254.8024174
4072445749,1147672481,1727.42,3844026209.9563494,493458202.60968417
3597971592,974508202,1532.76,3843538973.089109,493090728.984766
3612928691,932700950,1589.12,3843083221.5434785,492709701.0303207
3657319799,969298756,1550.93,3842716824.260355,492292551.50509894
4158923115,1146135473,1736.79,3843339277.5885825,492007440.69300234
3626721290,956898771,1512.79,3842913701.9744596,491617479.0946089
3591247674,949216968,1497.76,3842420239.17451,491261429.9209036
4448061771,1230117297,1857.65,3843605447.6516633,491509831.00865704
3612463922,952861340,1506.77,3843153999.359375,491135642.10296506
3741232182,1010253900,1560.66,3842955321.3528266,490677313.4541704
4236085759,1196239075,1767.16,3843720166.562257,490505771.6188387
5156428892,1717180630,2155.88,3846269115.5436893,493425035.73589164
3927287379,1125433883,1680.19,3846426127.6821704,492959556.5199651
3716264229,1003833120,1585.78,3846174363.8549323,492515780.5046202
5534289663,1740844988,2313.51,3849433273.6988416,497588488.41392136
3578814704,988037222,1534.7,3848911850.635838,497250518.72064215
3705107486,952706628,1567.29,3848635303.7807693,496812111.5975496
3581215090,980060363,1531.83,3848122021.2207294,496473086.61753
6009021334,2546103889,3223.66,3852261675.076628,504917388.9658591
3601409954,975572423,1529.91,3851782035.0745697,504553464.12973404
3602679886,977345232,1531.82,3851306649.2938933,504189015.321464
3797062448,1069258255,1617.07,3851203327.0057144,503714159.1744887
3814718313,1049877368,1612.29,3851133963.8612165,503237625.3029005
3609082148,986656595,1543.28,3850674662.5028462,502870286.0549612
3578986771,983370268,1532.59,3850160102.1022725,502532708.4432016
3908111508,1064282776,1656.33,3850269651.073724,502063810.61035025
3572893391,992568170,1534.23,3849746299.6396227,501734353.1784765
3574630591,970704049,1520.62,3849228190.960452,501403580.860577
3594136147,981398377,1534.68,3848748694.637218,501053959.0256231
3913509476,1086928480,1667.33,3848870197.041276,500591551.1051989
3596935236,980821950,1541.63,3848398408.724719,500241207.02110034
3621228633,972839928,1530.29,3847973792.3214955,499869787.27795345
3895854905,1076469986,1643.35,3848063122.755597,499407547.4860816
3628035902,972819347,1539.38,3847653388.638734,499032500.46932137
3591208745,980029695,1532.87,3847176725.7323422,498690845.65271276
3601366059,978662294,1541.61,3846720676.257885,498340302.5721661
4069013965,1146956644,1731.49,3847132330.4962964,497970381.7825679
3605924211,977512916,1531.84,3846686474.452865,497617808.3876292
3589756620,975552578,1525.05,3846212434.130996,497280789.62084883
3618282545,997782374,1546.44,3845792673.7458563,496918778.5196364
4061185616,1154341791,1725.22,3846188616.654412,496547567.42649966
3593644232,967426621,1524.49,3845725232.462385,496209526.65177375
3578857934,975859253,1531.82,3845236464.5164833,495886208.8359859
4131621203,1193689708,1791.6,3845760019.797075,495583744.24320596
3618803155,977020987,1529.69,3845345864.9343066,495226100.09406483
3597768676,979214539,1531.69,3844894904.6630235,494887477.14555043
3610575277,975120015,1543.12,3844468868.9763637,494538132.57489866
4301812061,1248954750,1818.14,3845298892.91833,494472465.79090065
3574769670,978575390,1529.77,3844808803.746377,494158296.93348676
3714789010,967862972,1589.59,3844573686.578662,493742199.347355
4658965356,1375707200,1974.53,3846043707.642599,494506150.42472035
3684964697,968623583,1569.24,3845753475.190991,494107673.41147655
3583527750,981451721,1536.07,3845281846.188849,493788151.6643041
3575006923,972924992,1516.6,3844796612.933573,493477354.77302325
5399808533,1724532090,2351.25,3847583372.6469536,497402415.1790327
3668684068,974925033,1569.76,3847263338.1127014,497014810.38269675
3576686374,975076515,1523.9,3846780164.9625,496702234.7631991
3594100021,982891494,1538.52,3846329754.7237077,496373793.68647474
5576570987,2402338130,3034.28,3849408475.7775803,501264385.0452106
3718736442,966396613,1595.18,3849176376.250444,500849239.1821287
3696860808,960170313,1583.11,3848906313.18617,500446053.8669902
3859932273,1069816140,1638.75,3848925828.159292,500003199.9071526
3539472163,992402255,1522.79,3848379090.2349825,499730316.55379367
3588879288,972403804,1524.68,3847921418.6261024,499408153.6258419
3577856397,965045078,1516.3,3847445952.0387325,499096769.4295227
3828812080,1081136928,1621.9,3847413203.5817223,498658613.75110126
3606574581,985345139,1539.98,3846990679.682456,498322935.7323578
3597739975,958022296,1500.69,3846554163.5621715,497995445.2096125
3916190747,1071377488,1634.67,3846675905.840909,497568448.4059935
3916095424,1015365498,1633.18,3846797056.832461,497142524.3002879
4444345179,1254719880,1854.8,3847838081.43554,497333984.2782546
4252219027,1221397589,1774.29,3848541352.6452174,497186914.9361428
4313875095,1261646309,1813.23,3849349223.7256947,497132726.45551014
3794215807,991414316,1614.06,3849253671.87695,496707042.58096725
3613098707,991232694,1540.44,3848845099.2733564,496374211.7726481
3671330213,1020872291,1570.52,3848538510.523316,496000149.9039553
3983641893,1138447383,1692.4,3848771447.389655,495604075.0741256
3583022640,1003373645,1560.37,3848314048.4096384,495299892.5160449
3631992170,972379044,1533.69,3847942361.3333335,494955284.8349409
4143924099,1138374810,1763.53,3848450048.704974,494682256.9479673
3645210434,999018338,1554.57,3848102035.6660957,494329970.13403314
3546109986,971240284,1553.72,3847585809.940171,494064809.4371909
3601216416,975844887,1528.38,3847165384.3532424,493747796.1482503
4223602075,1183030217,1788.47,3847806673.4344125,493571240.88807046
3631549294,975133064,1526.2,3847438888.7755103,493231855.84592366
3594508315,945419105,1499.34,3847009465.050934,492922974.2292197
4287948194,1215183685,1790.71,3847756818.8288136,492838937.65300745
3610114051,954829792,1505.75,3847354716.006768,492518661.4238214
3606017865,954408111,1503.96,3846947052.4070945,492202291.20233065
3739858664,923678394,1559.95,3846766464.905565,491806733.96552104
4794930502,1364580083,2003.87,3848362700.6582494,492927594.9712621
3662925918,950277777,1527.93,3848051042.2,492571765.28636265
3593684429,952120756,1498.82,3847624252.580537,492268453.8441887
3613614114,958845018,1507.78,3847232275.798995,491949076.23780787
5086962788,1890899942,2591.6,3849305403.7458196,494140678.56776613
3597797483,956893880,1500.79,3848885524.078464,493834789.4103593
3731715335,933708032,1556.4,3848690240.43,493446236.0307335
5996019132,2608272696,2980.24,3852263167.0382695,500742978.4850953
4184518096,1155494147,1746.27,3852815085.524917,500509826.1104911
3900093899,1100003380,1627.1,3852893491.517413,500098337.5456807
3926973944,1120795736,1647.05,3853016141.2731786,499693253.91795146
4156933813,1261907536,1766.42,3853518484.5322313,499432728.5814927
3862428042,1064867728,1633.24,3853533186.7722774,499020616.2664606
3764214885,1039367158,1606.3,3853386039.6523886,498622549.65563816
3960439269,1130954251,1679.02,3853562114.042763,498231214.96662885
3672273458,1003650985,1558.37,3853264431.5205255,497876100.7088722
3631927615,1005490924,1540.63,3852901584.280328,497548419.5468072
3636547625,991595313,1545.61,3852547486.1472993,497218012.7551757
4055308708,1088509985,1720.91,3852878795.3333335,496879115.5305298
3608726672,990725160,1544.44,3852480504.756933,496571430.1477306
3575426235,981920606,1533.43,3852029276.30456,496292650.6833656
3945243536,1088777122,1661.88,3852180844.206504,495903218.61812365
3838184995,1091864498,1668.92,3852158123.672078,495500856.6389318
3601229099,977220822,1538.23,3851751431.573744,495202036.70445305
3601423721,991205387,1542.78,3851346370.553398,494903512.59621155
4026696695,1121365917,1701.84,3851629650.5605817,494553732.1783246
3602033269,982091024,1528.56,3851227075.751613,494256232.9556193
3588120370,984956840,1536.08,3850803393.4557166,493970786.14967966
3568526429,982397244,1528.38,3850349571.9694533,493703089.4510861
4091508113,1139318741,1728.93,3850736664.330658,493401156.229023
3603864751,981841928,1544.06,3850341036.264423,493104530.6682121
3704295551,947052323,1565.05,3850107363.488,492744464.2931185
4201848689,1210597689,1784.97,3850669250.589457,492551089.21267396
3633889083,961844463,1536.92,3850323508.695375,492234165.4086802
3609399973,979034368,1544.88,3849939872.4920382,491935904.54844964
3736610358,970756858,1600.45,3849759698.3831477,491565439.7955902
4400133909,1260153123,1867.86,3850633308.24127,491663584.79530776
3637437406,987758843,1555.18,3850295438.348653,491347029.82656384
3711083869,947601766,1568.52,3850075166.878165,490989330.6924853
3717203795,1030409184,1579.55,3849865259.49763,490629729.3943685
4744854216,1354162550,1982.11,3851276914.0031548,491527489.7105428
3580328102,986104382,1520.32,3850850222.96063,491257805.2414853
3599321460,969412781,1522.24,3850454737.484277,490972600.49433875
5368516206,1621537131,2245.42,3852837879.5070643,494254742.2925559
3725894234,924966958,1554.08,3852638908.275862,493892774.458443
3615831779,951267170,1508.2,3852268318.089202,493594931.6195401
3587004564,954687646,1496.15,3851853843.4734373,493320432.01329136
5403400668,2665466513,2989.57,3854274353.3400936,496724329.4913625
3825710737,1144143088,1675.7,3854229861.725857,496338599.9979653
3666025465,995671307,1549.35,3853937164.3748055,496007941.4818455
3931623119,1075277364,1674.04,3854057794.7391305,495632131.8186328
3597696241,990459010,1538.79,3853660334.9658914,495350472.8296311
3641247144,960234497,1557.96,3853331521.9767804,495037366.33986074
3595529367,980409947,1533.74,3852933064.2411127,494758316.71744037
3882106863,1086807250,1651.8,3852978085.535494,494377737.69107807
3608247958,981890651,1534.89,3852600997.511556,494089967.8940517
3593990850,987660878,1542.03,3852203135.746154,493813783.1265436
3867100258,1088091715,1645.98,3852226019.1904764,493434709.0080946
3832603288,1073875142,1634.17,3852195922.976994,493056760.9220579
3599910856,981088510,1534.62,3851809575.248086,492777841.0220824
3662028454,985827554,1569.18,3851519390.0474005,492456788.33028483
3949350283,1093926891,1682.52,3851668750.189313,492095547.8301642
3598298462,989412751,1541.58,3851282514.993902,491819678.5446382
3575754029,989475456,1530.89,3850863141.347032,491562611.86172205
3582437644,969541711,1520.9,3850455199.861702,491300226.1733575
3952952894,1115255933,1679.79,3850610735.057663,490943534.43434674
3580874401,977974987,1527.42,3850202043.642424,490683641.12224627
3592210389,1002070075,1540.62,3849811738.5673223,490414851.92164636
4143994706,1126436685,1755.65,3850256123.7145014,490177474.83486295
3581405517,968140645,1518.55,3849850617.520362,489918777.7871014
3611732349,973020355,1537.0,3849492005.670181,489636799.82152516
3591872319,975582330,1536.3,3849104607.645113,489370339.7555792
4211648937,1173104625,1775.63,3849648968.5,489204255.3638361
3591283307,988747861,1536.66,3849261613.6851573,488939598.31558716
3622729138,980427768,1536.79,3848922493.212575,488651982.96600085
3706437540,1015302374,1577.92,3848709511.219731,488317662.9107072
4382730337,1215744603,1851.15,3849506557.2283583,488388413.14530396
3571649187,975300088,1524.19,3849092462.7868853,488142044.4221085
3595362054,987089212,1539.77,3848714887.7738094,487876754.87473464
4646363743,1323811121,1941.12,3849900101.526003,488481352.6994373
3613233196,981580247,1544.07,3849548963.683976,488203835.0834215
3586826698,982853580,1537.16,3849159745.512593,487946706.7839434
3625931972,1007657916,1551.92,3848829526.912722,487661139.00532925
5319773256,1721867358,2363.74,3851002265.0649924,490564334.16273373
3617073528,1027292027,1588.52,3850657237.4292035,490284624.2949781
3582966935,975715235,1527.35,3850262995.4521356,490030991.8594125
6915947338,2449118080,3069.05,3854771354.779412,503565409.2346505
3588200772,974365325,1523.88,3854379914.863436,503299069.2493513
3595859648,983579625,1521.69,3854000852.888563,503027218.35259783
3679234081,985514181,1578.45,3853744971.8169837,502703251.0054074
3850781764,1034292541,1606.7,3853740639.641813,502335656.2188482
3587634251,965126694,1520.06,3853352163.1620436,502071663.6928087
3614617786,988682234,1547.66,3853004153.865889,501788260.6182655
3889861723,1087185407,1657.95,3853057803.893741,501424894.02938586
3884992632,1045041684,1642.07,3853104220.7950583,501061830.9177417
3588868829,968814976,1517.15,3852720715.1465893,500799121.03913206
3596649129,969149194,1528.43,3852349596.905797,500530894.9793946
3876336036,1081249133,1642.9,3852384309.552822,500169416.3466551
3597969025,977140417,1527.98,3852016657.4075146,499901319.92877454
3588424873,983899792,1533.48,3851636294.082251,499640708.5682514
3648082444,1002398996,1553.04,3851342988.822767,499340306.8277823
3932625362,1098963370,1664.13,3851459941.877698,498990451.7213881
3575531712,967215446,1518.96,3851063493.2715516,498741374.5955918
3608021547,985665077,1536.29,3850714796.0746055,498468362.72156334
3962903907,1095026886,1739.34,3850875525.4598856,498129239.91665566
3800758612,961389844,1585.95,3850803827.4434905,497776400.9497144
3587328479,956470047,1496.22,3850427434.0885715,497520251.53790796
3619482921,955874574,1509.67,3850097983.9985733,497241663.7160019
4003372549,1111562169,1671.62,3850316323.834758,496921003.24480534
3591659253,950335530,1497.91,3849948390.5903273,496663129.455375
3667406399,957228283,1529.87,3849689097.9886365,496357874.0544944
3634890694,970657559,1516.15,3849384419.401418,496071595.81295955
4996291703,1589660919,2088.2,3851008933.967422,497593198.8252965
4028331426,1154054987,1680.56,3851259743.7157,497285825.3395163
3904478058,1102649501,1653.34,3851334910.826271,496938529.9318358
4643725343,1397457147,1959.8,3852452527.796897,497477575.31421566
3585953086,976437658,1531.21,3852077176.4704227,497227572.69101566
3589756028,979700034,1536.23,3851708229.707454,496975026.0781699
3605868966,977943384,1532.54,3851362949.8426967,496711236.8232988
4617372851,1316725277,1929.47,3852437297.530154,497189929.29747903
3594523071,971418869,1528.97,3852076073.1232495,496935252.1033109
3587697809,981147009,1529.69,3851706313.313287,496685904.1605609
5517120181,1657970962,2304.9,3854032310.3351955,500220627.424265
3597529922,987006728,1542.91,3853674566.41841,499963326.1322547
3584507109,985809022,1541.04,3853299681.380223,499715874.7247116
3585994110,979917199,1535.26,3852927907.289291,499467600.98196375
6066075509,2612458986,3284.29,3856001723.4027777,505880185.09526736
3583168441,984652700,1534.19,3855623313.857143,505631206.5188619
3594830211,980367947,1537.03,3855262104.573407,505374003.7440526
3918028035,1061293480,1635.13,3855348917.7551866,505029772.0923453
3644060823,964927329,1534.65,3855057083.370166,504741875.27317315
3694239674,960637077,1579.05,3854835266.2537932,504428968.624237
3601861083,976880538,1536.15,3854486816.9655647,504168752.9991479
3869412139,1080476146,1642.72,3854507346.982118,503822191.30526334
3609724922,972947264,1525.93,3854171107.3873625,503557659.07615215
3602446360,992769642,1542.74,3853825805.9506173,503298405.14068484
3584890445,979127097,1534.64,3853457401.3465753,503051912.72903943
4001703605,1053918625,1691.78,3853660200.53078,502737570.6997424
3580335242,984097824,1534.61,3853286805.7786884,502495476.13001984
3624868473,994236733,1552.72,3852975184.5879946,502223365.97464
3995132860,1103395606,1698.28,3853168859.8950953,501908526.4800737
3683152542,966101877,1575.08,3852937545.176871,501606125.4398045
3617305806,1004068225,1553.58,3852617393.357337,501340384.2280643
3579023827,989940267,1533.95,3852246167.3514247,501101360.933472
4024444486,1125688862,1695.61,3852479498.406504,500801808.41448796
3597098128,982987235,1538.79,3852133921.4506087,500550901.4576727
3583572001,981031537,1536.03,3851770999.9364867,500309861.41338134
3915218354,1063141995,1655.87,3851856623.896086,499977581.99467576
4128282833,1108578513,1746.88,3852229165.9568734,499743461.27568185
3623310686,979180578,1549.44,3851921065.71467,499477560.4886845
3575126117,975559958,1527.68,3851549029.4932795,499244782.7459053
4253985627,1198149234,1797.55,3852089212.845638,499127131.43082744
3591543109,974161368,1521.04,3851739955.3337803,498883571.02020466
3711406157,965228088,1580.72,3851552092.149933,498575938.6047904
3596835594,980003683,1532.23,3851211562.0721927,498329475.08564115
4301825307,1215103656,1803.14,3851813182.5594125,498268452.2383797
3579069817,982085313,1529.41,3851449524.7386665,498035616.10220283
3597941811,988528448,1537.48,3851111964.5339546,497789771.03510624
4832720231,1356613669,2019.54,3852417294.675532,498743181.35432786
3624913804,1034003365,1580.46,3852115165.2058434,498480758.7522894
3622702501,967834861,1532.37,3851810904.377984,498220054.2126803
3589118291,981702704,1536.18,3851462967.1417217,497981655.70754194
5261818523,1682403280,2341.16,3853328516.8187833,500285232.68809843
3582555793,989394894,1536.62,3852970824.977543,500051408.7618729
3589823564,989644553,1539.7,3852623665.0026383,499812726.88147944
4602797047,1391241911,1967.27,3853612035.729908,500224050.2149308
4658131138,1866156788,2562.69,3854670613.4960527,500744828.85323787
3599337570,954647092,1501.34,3854335090.442838,500501195.38223624
3610014595,959389675,1505.72,3854014459.8713913,500250875.40080947
3925282994,1023436930,1638.32,3854107865.5517693,499929598.663048
3681991649,950636466,1535.89,3853882582.5458117,499641065.9028857
3617415643,968800931,1508.84,3853573475.435294,499387489.2732587
4191933108,1151577226,1748.62,3854015198.1932116,499210936.22748274
4574638440,1395372145,1910.62,3854954733.05867,499562618.1944148
3974999573,1130502845,1658.58,3855111041.4440103,499256044.0347025
3801939807,1051687387,1585.83,3855041898.096229,498935004.1293273
3988583618,1092732026,1664.86,3855215328.9012985,498634109.1713622
3581024629,956972799,1493.87,3854859698.940337,498408340.35225755
3611509584,954897317,1506.3,3854544478.584197,498162330.5063722
3736125809,927492944,1558.43,3854391284.962484,497858195.41277134
4004812646,1084645659,1671.8,3854585627.8062015,497565816.8847311
3647061173,967194705,1521.32,3854317854.316129,497300505.2962081
3625185295,952395052,1512.2,3854022580.3994846,497047952.0533395
3662804735,978933043,1527.82,3853776482.786358,496775303.4157347
4139183464,1155095283,1727.95,3854143329.8059125,496561237.8497506
3685809853,992711966,1537.49,3853927240.618742,496279020.4830692
3924595383,1034575729,1636.93,3854017840.801282,495967237.24960464
4552592758,1356863365,1901.28,3854912302.9231753,496278741.7345413
4209351346,1139118789,1756.81,3855365549.78133,496123049.5422522
3937075033,1108300585,1642.42,3855469904.166028,495814727.0373809
3978952236,1121450148,1659.72,3855627407.140306,495518017.8756001
4542671177,1394740316,1923.95,3856502622.133758,495808293.24486816
3874316127,1059493701,1648.82,3856525285.625954,495493200.05552626
3711436949,1098845655,1625.79,3856340929.4167724,495205274.59852016
4464815647,1365505750,1873.13,3857113105.4543147,495364829.1411417
3629389429,985583862,1543.3,3856824482.290241,495117105.0416617
3620879170,979405290,1531.57,3856525817.3379745,494874753.9554023
3597061993,988251141,1542.02,3856197797.3324904,494647768.0604547
4794240285,1399266682,2003.42,3857382194.412879,495456447.70019156
3614613117,991928638,1547.36,3857076054.3404794,495218905.352404
3601542094,974212708,1528.53,3856754223.1561713,494989929.9172976
5356466995,1678054557,2262.63,3858640654.3157234,497526262.61635816
4161072069,1230470580,1872.79,3859020593.2788944,497329038.7543987
3631921669,976640062,1560.39,3858735651.0903387,497081952.69236964
3595377644,985840244,1534.18,3858405628.5250626,496857762.02560437
6298657576,2556556537,3203.15,3861459761.1251564,503986299.641493
3574890508,960218229,1503.75,3861101549.55875,503772976.2443213
3602873150,970089840,1525.04,3860779167.037453,503540979.4833563
3644715529,978633717,1553.41,3860509761.0049877,503284713.42591393
3908642059,1077301303,1668.02,3860569701.6002493,502974102.4767635
3571804860,978780019,1520.47,3860210541.3495026,502764235.2151468
3681096399,961108521,1577.14,3859988039.3093166,502491470.21189815
3874250282,1081324727,1646.41,3860005734.3995037,502179905.1548872
3613997853,986391287,1545.6,3859700891.9194546,501943285.0311482
3593868505,995362113,1539.65,3859371891.440594,501719639.29978275
3600091517,967331784,1522.1,3859051396.540173,501492212.3055112
3924174323,1079875426,1673.47,3859131795.2148147,501187770.57543314
3588157453,984217615,1538.75,3858797671.488286,500968942.1233242
3596121010,989652631,1537.78,3858474178.062808,500745119.08663714
3962187451,1102106756,1689.24,3858601746.6642065,500450265.56985587
3581773823,972220213,1518.02,3858261663.2199016,500236762.4814808
3608926246,979722353,1525.3,3857955730.192638,500005965.8051887
3635305647,983544500,1546.38,3857682874.6985292,499760205.32753783
3993932978,1145489863,1735.36,3857849643.49082,499476979.6159778
3603607977,976479781,1538.6,3857538834.607579,499250631.1618439
3575070368,998406977,1533.75,3857193940.2649574,499043244.1470904
3604956691,989154540,1542.86,3856886333.863415,498816541.73660505
4149040606,1129975310,1748.15,3857242185.595615,498616799.1175333
3583956647,977271634,1531.07,3856909721.4367394,498404457.8673674
3652240870,984069764,1560.38,3856661035.1044955,498152596.1119234
4230709701,1167758802,1796.27,3857114977.6601944,498020521.01439
3591336050,978568369,1534.16,3856792821.3842425,497804502.02090126
3604782550,982225863,1542.56,3856487724.2033896,497580250.29671085
3588798469,979094830,1536.23,3856164037.07497,497366333.4749683
4424378177,1225285426,1848.28,3856850286.036232,497457510.86144555
3626084757,972491586,1512.55,3856571919.8974667,497221908.1225327
3612140057,954204675,1506.64,3856277423.6771083,496994624.14554334
4371219239,1218924579,1826.68,3856897088.918171,497016224.4216457
4560961191,1288583882,1905.81,3857743319.8100963,497316103.5232769
3648461795,969946792,1521.76,3857492081.484994,497070333.56635374
3584063751,948881006,1494.95,3857164229.769784,496862350.4336954
6052880933,2108939199,2556.24,3859793830.611976,502338017.3212547
4121914848,1126545726,1720.09,3860107372.4988036,502119233.83176565
4018949877,1119484437,1717.49,3860297148.489845,501849190.86732817
3666085663,1003751943,1554.28,3860065392.5405726,501594483.8439774
5597302294,2674624956,3104.49,3862135996.7139454,504866310.55488706
3696297808,961975608,1569.08,3861938570.2988095,504598110.31066453
3597024089,987511159,1540.25,3861623570.9155765,504380653.74310666
3918791155,1073631235,1665.56,3861691465.908551,504084896.6905472
3660944682,968057387,1566.19,3861453332.11981,503833212.0757834
3608317329,978071745,1535.73,3861153407.9454975,503609937.93030244
3695469605,964424610,1579.91,3860957332.439053,503344089.2133316
3868419742,1063889252,1641.51,3860966153.254137,503046581.91440773
3561228427,982196462,1521.24,3860612271.641086,502854892.34996575
3597908486,988128812,1541.52,3860302479.4410377,502639177.5641632
3903826197,1053722144,1629.4,3860353744.1260304,502345290.18654084
3580805953,986765073,1535.07,3860024864.3717647,502141152.20377195
3581946047,973280589,1521.83,3859698097.253819,501936453.6580517
3571121749,976962537,1524.85,3859359392.619718,501739101.9964691
3934369258,1074618440,1675.25,3859447329.1559205,501451482.45791334
3688811163,992957381,1576.0,3859247520.998829,501191781.34905833
3586452031,970241899,1521.37,3858928461.946199,500985373.5843103
3582068491,970229615,1520.36,3858605027.400701,500781966.1968108
4050011122,1092011749,1690.89,3858828371.7351227,500532365.3937886
3582283281,973117060,1522.79,3858506058.109557,500329574.45795137
3551502142,978784860,1513.89,3858148661.233993,500147835.8425473
4214229953,1134866316,1773.86,3858562709.2476745,500004251.39374197
3747683087,958547759,1593.54,3858433929.1986065,499728074.9832762
3601988390,980831916,1541.64,3858136428.573086,499514409.5006781
3567075750,979020471,1530.01,3857799162.433372,499323113.55275047
4118839169,1168315243,1735.0,3858101292.070602,499112992.63736105
3590679875,978441261,1528.88,3857792134.3630056,498907172.151915
3607033121,978905573,1540.58,3857502574.301386,498691757.82143706
4343065258,1241755660,1839.58,3858062623.532872,498676499.33916914
3937939726,1113676018,1657.91,3858154647.84447,498396526.35145205
3600843517,979612292,1529.78,3857858547.5788264,498186064.57510096
3587998930,981634649,1533.88,3857548364.110345,497983623.8217168
4812035660,1397996188,2035.11,3858644216.344432,498746177.6059704
3592047608,981098014,1537.16,3858338486.288991,498541775.2011631
3586650865,975614754,1531.72,3858027274.809851,498340903.55537826
3583979502,984849346,1532.05,3857713719.0057206,498141888.4707915
5445045654,1785660501,2457.1,3859527812.6457143,500737480.32862353
3606110884,982111500,1541.99,3859238523.9143834,500524745.2009088
3648912076,965166722,1549.91,3858998699.0022807,500289659.2928865
6821068021,2499328853,3053.96,3862372354.266515,509888511.6984824
3588432631,970201347,1523.56,3862060704.979522,509682053.1246319
3603274125,984089482,1539.0,3861766629.3204546,509466988.0017267
3580954691,984857301,1534.38,3861447887.052213,509265550.5692374
3844266929,1063073170,1639.71,3861428407.5079365,508977097.80194414
3615345859,993379340,1548.43,3861149718.3250284,508756135.49189603
3612289860,986883359,1541.3,3860868202.64819,508537104.65397626
3861980769,1064028714,1628.23,3860869459.7853107,508249715.7230449
3581659354,1011994412,1567.28,3860554324.2257338,508049316.7064861
3607144452,984591556,1535.34,3860268631.0214205,507834054.90762174
3582899216,983264126,1533.17,3859956278.0765767,507633277.21360904
3896101063,1087707151,1662.3,3859996935.8773904,507349135.5025953
3610526323,976657271,1531.15,3859716631.8179774,507132899.083833
3595646780,952120601,1499.77,3859420257.124579,506925346.47800237
3608411650,958550624,1505.01,3859138857.340807,506710740.7750934
3920686534,1089623972,1636.85,3859207779.7110863,506431132.1530211
3598171183,948480932,1500.9,3858915792.466443,506223017.7818799
3580948387,952826698,1493.64,3858605214.3597765,506025347.08578324
4014625557,1102653650,1676.21,3858779344.2064734,505769716.6466163
4017568411,1048845453,1675.47,3858956366.5774803,505515487.40595186
4406319423,1228524113,1838.72,3859565902.275056,505563647.3435389
4179232499,1173285935,1743.77,3859921482.4716353,505394729.18477786
4358859077,1338534211,1833.49,3860475857.576667,505387296.317657
3616089042,1007441043,1546.36,3860204618.0477247,505172299.4599252
3582241293,970496608,1522.02,3859896454.716186,504976919.77243286
4148484088,1191218953,1763.38,3860216042.3499446,504788492.84416604
3614554140,990457564,1551.59,3859944292.4579644,504575302.81684506
3661874981,1003282729,1558.7,3859725431.3403316,504339385.90539086
3639794162,997689159,1551.98,3859482681.5949225,504113872.97380793
4391965225,1223873813,1853.3,3860069762.679162,504145687.65352374
3720973458,954498392,1579.42,3859916572.9162993,503889118.73802185
3590058573,976764198,1519.43,3859619699.429043,503691321.082239
3595494179,974705563,1530.37,3859329451.6043954,503490544.0050766
4854382742,1381218500,2030.19,3860421716.467618,504291709.20170146
3622607730,977179682,1545.69,3860160955.517544,504076605.04116285
3585450481,986831906,1536.75,3859860067.8127055,503882411.2722481
5587742312,1675675911,2334.52,3861750529.786652,506835889.6517771
3598639065,992347906,1541.2,3861462976.273224,506633446.3361762
3607384197,980530901,1529.58,3861185597.6932316,506426334.6854873
3563706666,978782058,1513.0,3860861193.187568,506245345.2239741
6050444849,2670478232,3364.11,3863246360.5686274,511098823.3209659
3592748551,976491240,1530.6,3862952021.276387,510898515.1387361
3622785558,989226159,1554.11,3862690970.772826,510682098.52227324
3924108277,1063086567,1689.66,3862757656.2301846,510408787.7360066
3582422018,985901748,1535.36,3862453604.561822,510215364.4574507
3572177442,979669173,1530.12,3862139112.511376,510028305.3299517
3558968016,980936174,1510.86,3861811005.264069,509849695.9534368
3910664948,1066299166,1657.33,3861863820.3372974,509576556.00116575
3583179156,983434118,1534.65,3861562864.976242,509383576.6899631
3589333000,977282283,1535.97,3861269197.3764834,509187178.1406019
3589707754,969116638,1517.16,3860976566.510776,508990743.06829745
3870795102,1096873756,1655.21,3860987135.4402585,508716825.689386
3610530854,980953829,1539.06,3860717827.6107526,508509502.57882553
3630752226,978340973,1553.86,3860470818.3716435,508292150.6483162
3979476436,1071681190,1688.56,3860598506.802575,508034328.0425817
3593472046,984464689,1538.26,3860312197.62701,507837221.8961906
3617033301,977437826,1549.07,3860051727.7162743,507627639.3046712
3601350985,977744897,1541.52,3859775042.4299464,507426568.5916256
4019786539,1110847982,1733.41,3859945994.883547,507182373.8414974
3595065233,982700144,1530.22,3859663304.6360726,506985434.03454286
3607835957,980072057,1534.17,3859394831.9840083,506781751.1531035
4044323229,1133329933,1714.49,3859591773.8338656,506547739.7863068
3648293300,1002082389,1547.04,3859366988.2234044,506325083.5911443
3606931391,953247672,1504.52,3859098725.1020193,506122809.68062526
3676509273,952598160,1533.61,3858904893.4118896,505889039.3693882
4240895251,1143631716,1771.11,3859309973.3244963,505773565.49797845
3614100657,955288184,1507.47,3859050217.6927967,505568536.1049348
3604066762,957369168,1503.44,3858780393.9301586,505368970.9323009
3602431193,951452244,1502.76,3858509411.688161,505170479.0480465
4411470506,1243573035,1842.9,3859093319.9186907,505222991.21622205
3622599407,951244465,1511.09,3858843853.765823,505014806.2247038
3593694179,950109199,1498.94,3858564454.74078,504821961.6879267
4697174421,1357743433,1963.3,3859447202.073684,505288488.2438005
3585127136,946506023,1495.58,3859158747.745531,505101010.0892974
3590494395,951900412,1497.56,3858876537.2909665,504910665.42652607
3612148082,956840414,1506.7,3858617640.695698,504708908.7305097
5555668363,1935537232,2561.71,3860396519.8595386,507424627.5038136
3488419035,958251342,1538.62,3860007014.6397905,507301562.9274807
3606477984,977955758,1525.19,3859741816.9089956,507102397.0379351
6881338395,2373209910,2877.3,3862899180.104493,516153506.9275591
3517963562,1202013444,1883.78,3862539122.0480165,516004278.5793883
4003207525,1104167255,1670.39,3862685804.428571,515755158.7341926
4319113168,1223176906,1802.26,3863161249.5989585,515696690.9340997
5142283365,1702839148,2147.35,3864492281.977107,517075548.22505313
4548237871,1463927331,1898.71,3865203036.2276506,517276197.0963682
4328705548,1407756721,1805.92,3865684347.247144,517223033.1086277
3924816327,1169713110,1671.33,3865745687.475104,516958198.8494181
3911777003,1072240035,1632.54,3865793388.320207,516692398.03141767
3572795009,961234287,1520.4,3865490077.36853,516510836.5494227
3580009718,966245421,1512.99,3865194854.6597724,516325236.32091045
3945508182,1072114563,1669.51,3865277822.9731407,516064919.888331
3662212480,967415913,1566.4,3865068261.2156863,515839770.8732115
3609025659,973248342,1520.9,3864804299.770103,515639277.63190573
3683626036,964583896,1559.8,3864617710.415036,515406452.2036963
4011549097,1089339940,1704.03,3864768874.393004,515162792.47798276
3598435889,986940658,1541.71,3864495150.872559,514968710.00657177
3584549498,1020697380,1583.68,3864207732.3377824,514782361.20292145
4004057375,1115215915,1688.14,3864351167.868718,514537775.5480161
3592186960,981078424,1534.56,3864072311.0983605,514347820.2442647
3595906185,974782362,1532.06,3863797831.9518933,514156035.8512733
3591498973,988442646,1532.56,3863519407.760736,513966791.8985414
4106163798,1139757873,1736.39,3863767256.9846783,513762700.77974045
3596520721,968470093,1523.14,3863494556.437755,513571394.97143745
3654433449,959313594,1545.06,3863281446.2364936,513352920.8819415
3605432096,991712985,1541.77,3863018870.523422,513157379.05291295
4190090223,1196316115,1770.3,3863351598.2472024,513002267.19051385
3603113386,974177891,1533.55,3863087128.519309,512808571.2942532
3591206310,984203758,1537.25,3862811107.383756,512621324.33922756
4370727349,1232674884,1859.54,3863326235.41785,512616315.5014207
3586344346,977755380,1524.2,3863045605.337386,512432338.0239552
3585151989,985697806,1532.07,3862764336.4949393,512249166.46167964
3591315328,981683592,1537.06,3862489868.336704,512062808.27068025
4729067789,1362702653,1975.88,3863365199.569697,512543890.0626637
3644107752,973995515,1544.96,3863143950.8839555,512332522.5761665
3596852609,981727386,1538.08,3862875512.03125,512143947.6817542
5363936636,1630832495,2241.43,3864387154.653575,514095385.75185734
3552495354,972465184,1531.72,3864073380.2062373,513931845.1626272
3701169711,948150846,1561.94,3863909657.925628,513699457.28997004
3662276308,972567500,1554.18,3863707214.8032126,513481220.495583
6066798869,2586740122,3249.34,3865916935.6198597,517939998.54423803
3598055955,969823837,1528.02,3865648537.8436875,517749808.2135683
3580855921,991041142,1532.35,3865363460.149149,517568968.79683954
3593287521,967746366,1520.2,3865091384.21,517381591.3958571
3847975698,1074911620,1632.48,3865074285.6223774,517123377.13759166
3605416629,976126045,1539.65,3864815146.244511,516930290.01116484
3595215530,963198381,1519.46,3864546353.007976,516742587.1388249
3914592767,1088138833,1667.34,3864596200.0338645,516487593.7309544
3664725025,959276509,1550.72,3864397323.242786,516269031.02047557
3647340972,981192213,1555.43,3864181561.462227,516057704.38430476
3577909856,981414898,1534.33,3863897279.7288976,515880209.8848151
3899006059,1082823750,1656.62,3863932109.8670635,515625438.03828895
3608689173,975888892,1538.6,3863679143.626363,515432437.95583457
3567548409,986046901,1528.71,3863385944.879208,515261387.1578586
3941149478,1120513080,1663.77,3863462862.3204746,515012297.83028454
3645883266,992325933,1554.22,3863247862.7193675,514803173.70989245
3586227040,968269691,1520.84,3862974396.9516287,514622548.4358083
3587642065,992443255,1537.11,3862702866.052268,514441323.2000209
4063827318,1128510397,1727.83,3862901018.221675,514226555.32835066
3636185142,1020802802,1568.39,3862677872.6742125,514022593.21402913
3724717083,990202388,1586.8,3862542218.013766,513788011.12319994
3641362021,975539044,1559.29,3862324948.6650295,513582338.3981413
4084403703,1145584606,1723.31,3862542886.598626,513377367.5467499
3626285265,969908446,1537.91,3862311261.4794116,513178918.6125086
3607601526,975999903,1536.89,3862061790.6317334,512989421.897385
4209564639,1177090023,1779.87,3862401812.9882584,512853484.736442
3584467134,977246044,1520.11,3862130127.085044,512676339.0794498
3618135115,952279203,1509.21,3861891850.7060547,512482617.5963946
3601841515,956031756,1502.35,3861638143.0614634,512296899.37685496
4429407543,1257074514,1849.99,3862191524.542885,512353591.3512458
3703728081,936422406,1544.79,3862037227.1295033,512127937.52267575
3584070022,946615517,1494.94,3861766831.015564,511952127.82305807
4867929252,1427741542,2034.06,3862744637.0612245,512662801.79034364
4058271036,1139098336,1697.03,3862934468.516505,512450057.3316546
4310777223,1223293792,1799.7,3863368845.5819592,512391155.3856807
4113105518,1129214721,1716.31,3863610838.4815893,512201784.732447
5513919656,1912970440,2366.08,3865208426.8818974,514519834.9422513
3613682761,975185643,1538.34,3864965171.88588,514330400.0999399
3656734991,981295169,1565.74,3864763983.305314,514122576.25775534
3563754537,987857472,1525.67,3864473433.646718,513959395.3829662
6015635070,2665815503,3352.44,3866547842.167792,518032446.55476075
3592142639,979225776,1529.95,3866283482.6271677,517852830.5248084
3594181155,986503818,1536.04,3866021593.9576516,517672329.34703475
3928503627,1060254428,1674.03,3866081672.835577,517427012.5085641
3598015942,980089800,1528.15,3865824164.9289145,517245096.5689041
3720808510,954212992,1583.9,3865684994.434741,517016338.06770664
3592976782,981448432,1537.32,3865423529.22627,516837347.29797727
3844994231,1066413719,1627.2,3865403960.93295,516590147.08820826
3589295523,1001736333,1553.98,3865139742.3320575,516413487.1136398
3736440767,949429344,1590.26,3865016703.1587,516181900.6787449
3912325493,1082743521,1656.71,3865061888.249284,515937406.230059
3598000339,988097814,1536.72,3864807058.5267177,515757111.43465173
3614584455,1005450276,1548.81,3864568524.109628,515569052.4271207
3712880234,955752187,1575.4,3864424059.071429,515344726.2224073
3916180211,1094058540,1668.5,3864473303.7450047,515101970.7626778
3598369666,977171326,1532.86,3864220353.5190115,514922394.5488225
3608369535,971733636,1525.67,3863977380.282051,514738165.0747859
3650720884,967365387,1556.44,3863775049.6404176,514535815.23155206
4049182420,1098755033,1712.93,3863950791.2236967,514323548.87982893
3588049157,981446987,1524.47,3863689520.7367425,514150006.27178276
3623704612,1002007904,1552.7,3863462477.3036895,513959696.4491787
4111363464,1160606063,1747.17,3863696788.2551985,513773225.3459389
3596294042,982300247,1538.24,3863444283.3012276,513596268.54614705
3688091531,963458846,1578.64,3863278856.176415,513382175.0705427
3593859790,979428996,1535.3,3863024926.8020735,513206779.2484019
4249784919,1206453055,1798.58,3863389107.585687,513102242.54149806
3688426042,980454535,1572.14,3863224513.9209785,512888887.9303739
3582862982,979133184,1534.77,3862961016.2406015,512719791.300492
4351252090,1240042659,1827.8,3863419505.511737,512697194.4811828
3572196659,994986610,1529.17,3863146313.34803,512534208.1433702
3591831998,975723471,1538.66,3862892035.6391754,512361242.55395055
3636700454,981513834,1545.52,3862680245.768727,512168042.18600065
4754266740,1316391180,1986.88,3863514283.6492047,512653528.37870693
3599597754,984354524,1540.98,3863267632.686916,512477369.6115709
3595296147,973288836,1536.11,3863017425.88422,512303443.0649628
3659326969,965479582,1559.95,3862827416.129664,512102194.47961605
5135898352,1767440205,2454.78,3864013875.529357,513335455.5581038
3603153732,986062289,1548.56,3863770988.989758,513158097.93473876
3599571071,973949635,1528.64,3863525221.624186,512982597.66319096
6429129143,2393801730,3068.21,3865909611.885688,518669737.82141274
3617231532,979438228,1540.01,3865678713.01857,518484212.1432927
3591585794,982637382,1536.04,3865424452.4257884,518310842.9951355
3593315254,997759727,1539.66,3865172265.958295,518136769.27524453
3886749304,1054367427,1645.81,3865192244.697222,517897251.38794255
3580364940,979586504,1534.81,3864928759.679001,517730066.1963137
3597881876,987405272,1540.57,3864681951.098891,517554383.1062137
3893149690,1065929341,1655.43,3864708237.099723,517316105.73521376
3577123218,984593450,1534.17,3864442937.2666054,517151139.35962856
3591761332,982543002,1539.1,3864191617.8147464,516978988.553829
3686470706,977429856,1560.36,3864027970.5662985,516769028.5815544
3956377275,1092783315,1676.41,3864112928.528059,516538857.30737543
3608434623,968680414,1529.12,3863877930.085478,516359552.93827987
3592171159,987039783,1539.31,3863628428.9182734,516188027.8507692
3709785750,961650779,1576.1,3863487288.8458714,515972212.3603365
4048210134,1089623281,1690.58,3863656604.010999,515765984.00916207
3580114651,947086829,1493.26,3863396950.2078753,515601107.9500137
3612129199,965654343,1506.72,3863167062.054895,515421175.8712293
4018436123,1106137705,1677.79,3863308989.8985376,515206922.1997138
3603496698,954424216,1503.08,3863071718.399087,515031409.86418587
3602791865,952269151,1502.72,3862834236.781022,514856373.464944
4134086268,1120762556,1724.36,3863081503.90155,514686756.85650474
4805418720,1479960178,2007.66,3863939734.5173044,515237037.3953808
3875356624,1142222216,1652.78,3863950122.951774,515002687.3360453
3719528931,1026025432,1579.72,3863818830.9590907,514786942.25780845
4225289447,1191605272,1777.06,3864147142.1453223,514668308.3438386
3608520383,992921797,1540.04,3863915175.9392014,514492317.19397753
3704623058,965722423,1574.2,3863770758.7878513,514281386.12637305
3582726459,973521481,1529.38,3863516189.6757245,514117938.2694402
4402112867,1199230139,1838.43,3864003607.483258,514140386.8114794
3574910172,973666245,1511.65,3863742221.013562,513981350.255348
3605608162,976788666,1534.62,3863509037.5817523,513807672.67541575
3572775326,980788881,1531.81,3863246642.5351987,513649955.8054313
4649859985,1348055605,1942.95,3863955942.2128043,513960906.9908341
3586161266,978748465,1529.38,3863705676.7387385,513796939.93603593
3460926041,975555141,1560.72,3863343138.8127813,513707674.28613895
5409330662,1620375344,2260.83,3864733415.36241,515563454.6657358
3586633760,950859871,1499.11,3864483550.442947,515399147.8326954
3647610481,970661936,1521.41,3864288870.847397,515208707.00280225
3594353825,953992829,1499.2,3864046776.6358743,515041008.15677994
5988777108,2573030966,3274.49,3865950656.861111,518720688.54588044
3607496965,953616740,1504.75,3865719274.863026,518546057.149159
3605394018,951769542,1503.89,3865486425.7960644,518372516.44782203
3875968777,1032149666,1617.62,3865495793.402145,518140936.24048364
3597687173,947130223,1500.54,3865256678.5625,517971335.3688832
3582680942,948664480,1494.34,3865004603.8644066,517808976.4782799
3641743124,973224162,1518.96,3864805618.5882354,517621049.29451203
3857100921,1045944062,1609.82,3864798757.7711487,517390585.4920167
3611134355,957309146,1506.43,3864573077.697509,517215673.5612041
3650269993,977783654,1522.73,3864382586.0666666,517025193.91502744
3874485656,1050575721,1616.39,3864391558.597691,516795645.64535105
4391022935,1243053148,1833.67,3864858844.6459627,516804244.7206972
4167661916,1175535609,1739.57,3865127287.0851064,516653715.33559686
4071497189,1136183158,1698.52,3865310077.077945,516461343.2785371
4507515708,1311828854,1882.58,3865878400.6451325,516585840.3056922
3882526007,1107722570,1640.83,3865893120.014147,516357651.1692312
3789104543,1144271502,1620.19,3865825285.5821557,516134569.25388515
3803758012,1090817870,1613.16,3865770504.2285967,515910037.92844474
4172845351,1183050716,1768.05,3866041293.335097,515763060.5658859
3711641772,1021017154,1582.41,3865905258.5145373,515556154.5106742
3659408103,999354017,1552.98,3865723482.849472,515365573.4775678
4174917891,1172433672,1766.93,3865995421.64292,515220422.4128641
3599545276,1007584613,1541.7,3865761282.674868,515054514.8583105
3613785783,973291116,1525.66,3865540057.477612,514882453.181774
3581999687,990016537,1537.07,3865291337.854386,514725027.0492337
4112465943,1176096093,1736.16,3865507967.657318,514551407.0325952
3586858148,984335957,1540.34,3865263966.063923,514392107.5449582
3586667349,972410551,1528.04,3865020224.4916887,514233012.4308536
3571176891,981269676,1531.24,3864763368.430944,514081560.2096557
4447778305,1234415516,1872.54,3865272551.7816596,514145544.2598725
3622371027,977819800,1538.3,3865060595.8263526,513971217.1740335
3585663827,981335234,1533.96,3864817006.664342,513813292.9754767
4618586852,1337008150,1929.58,3865473600.6062717,514070638.0532727
3600454124,989426337,1540.04,3865242948.3202786,513906310.77696216
3594707364,979557213,1533.08,3865007699.986087,513744714.8636875
3587245242,980683964,1535.9,3864766377.259774,513586697.74397945
5453243376,1710658138,2354.74,3866145263.5434027,515490791.1676306
3586134540,973998879,1531.2,3865902409.490026,515333124.823933
3575270876,979293561,1532.79,3865650562.407279,515180776.39721227
7123117283,2361445636,2977.35,3868470879.9142857,523794401.7686661
3591892559,1015764800,1607.88,3868231625.3114185,523630933.5590651
3605806086,947582455,1503.91,3868004809.806396,523461404.78120667
3592463866,948600480,1498.37,3867766864.2590675,523297930.76068413
3877551926,1082677503,1618.58,3867775306.935289,523072206.8753409
3604805116,965884821,1503.64,3867548608.4948277,522903653.81032026
3605258286,951626532,1503.75,3867322690.9043927,522735042.9819932
3833084608,1056609505,1598.77,3867293226.1170397,522511030.0739533
4652153560,1384015877,1942.99,3867968084.5296645,522792729.1784355
4160505917,1173007493,1735.71,3868219405.691581,522638394.2455491
3899262989,1149574209,1666.13,3868246052.544206,522414828.8085443
4077550258,1138505892,1726.25,3868425558.723842,522226703.3678019
3643943530,996365045,1547.75,3868233200.5158525,522044231.6640422
3598985746,980387351,1528.68,3868002680.4349313,521880123.19477457
3597016024,983136960,1538.07,3867770869.779299,521717013.67608404
3908741743,1122846363,1698.5,3867805887.619658,521495384.4273943
3605052411,969119634,1528.39,3867581503.7796755,521329166.18100536
3575111896,987253980,1522.33,3867331956.3327646,521176673.1014983
4064222519,1123037783,1726.28,3867499808.4748507,520986161.46920604
3652537585,1003187354,1556.61,3867316706.0698466,520801986.27369344
3583824413,969014833,1524.86,3867075436.0331917,520645955.36813784
3687334056,992296166,1615.22,3866922594.7236395,520450915.84893256
4141233494,1109225425,1729.09,3867155654.1113,520291165.59859186
3597513077,987588517,1539.4,3866926755.4889646,520129567.2192432
3626989613,974991236,1534.24,3866723246.462256,519955857.2071313
3598460846,983724402,1526.37,3866495905.4449153,519794108.4396668
4262655186,1182821324,1806.04,3866831349.374259,519701755.467631
3641977999,974009228,1563.53,3866641118.113367,519523002.49239296
3590590203,965790121,1517.88,3866407769.918005,519365342.86354446
4337741399,1247835185,1838.5,3866805855.7533784,519326497.3862217
3593886724,979688349,1537.23,3866575544.249789,519167814.2120797
3589369755,972797553,1526.9,3866341812.5556493,519011264.198342
3597070961,984530987,1531.54,3866114962.6385846,518851413.4705125
4607012953,1363128141,1952.33,3866738614.1456227,519077891.4825135
3685317210,957038597,1568.35,3866586030.962994,518886214.7332791
3586213062,968173978,1526.08,3866350423.42605,518731772.4729419
5366569368,1614742567,2243.34,3867610053.102435,520331486.06573546
3564816228,971664915,1536.79,3867356031.4370804,520187054.9237876
3609952842,989255641,1548.57,3867140270.171836,520022350.10624206
3580309734,967407413,1518.67,3866900043.5921273,519870759.02610713
6245093771,2573555068,3233.5,3868890163.866109,524183530.2419763
3615163133,978481753,1535.0,3868678017.519231,524015664.07021457
3590847328,979385752,1531.96,3868445911.680033,523858232.6626104
3551130910,1001146950,1522.0,3868181041.060935,523719728.3542126
3876609679,1054997817,1638.74,3868188070.7839866,523501340.78915536
3568927082,975396290,1515.04,3867938686.6266665,523354415.7836561
3598715336,981662605,1541.98,3867714520.6394672,523194118.05509585
3859989069,1073923665,1644.12,3867708093.4750414,522976485.37843746
3715551983,964788052,1591.31,3867581612.9177055,522777468.0436378
3623325326,978520855,1533.63,3867378742.2475085,522607694.2674547
3605272291,972452626,1534.0,3867161226.520332,522445320.0692264
3923526104,1078564494,1670.44,3867207963.566335,522231192.71243995
3605548892,974401462,1527.75,3866991178.91715,522069097.1451842
3606714325,994308601,1543.95,3866775717.9453645,521906648.0980204
3925180031,1084611037,1658.86,3866824025.896609,521693463.00266653
3583195040,975381984,1527.77,3866589621.776033,521541531.6295591
3587207850,980289780,1524.31,3866358918.4137077,521387915.0340466
3587030422,972484192,1529.46,3866128449.3572607,521234483.2729153
4108860133,1145625886,1750.9,3866328557.9175596,521066158.1193766
3590044479,968256561,1523.5,3866100976.3039536,520911813.5298644
3644486097,1000774045,1553.93,3865918577.2263374,520736184.5965234
3594389748,982190114,1531.12,3865695280.4917765,520580211.96479
4062026763,1160115950,1712.14,3865856604.6351686,520396697.0175067
3582480523,979032110,1530.7,3865623947.7536945,520246341.06972414
3618136338,986088865,1549.05,3865420922.6431503,520081175.3889609
4244702768,1192016122,1787.92,3865731809.4016395,519981285.7194839
3606566457,996518662,1550.38,3865519552.7657657,519821180.9168521
3592184597,973694845,1538.95,3865295874.405892,519667225.03629744
3603772369,976942723,1527.59,3865082036.7072773,519508507.9756786
4293983682,1214360982,1793.56,3865432446.5482025,519440815.4996341
3595160347,957448626,1499.45,3865211816.262857,519286127.4160352
3633231657,957558310,1515.45,3865022599.1672106,519116548.9941461
4705396780,1318428470,1965.76,3865707500.7000813,519458823.381825
3612051761,952425971,1508.13,3865500940.651466,519297683.7145921
3639104803,970591846,1517.98,3865316728.985354,519126509.4598528
4187417043,1155874243,1746.79,3865578599.1593494,518996640.8905526
5632215287,1980766905,2415.31,3867013722.3826156,521221625.66659325
3661557539,1012037053,1568.08,3866846956.0,521042901.74871737
3588151882,995576980,1536.48,3866620925.9318733,520891989.5580957
3658044257,976909414,1565.1,3866451901.078606,520714714.26997626
5732718306,2596073517,3198.58,3867963047.9651823,523203768.2518949
3616548004,976092431,1548.13,3867759637.735437,523040923.70572054
3694958161,960084713,1582.45,3867619943.7364593,522852531.9836395
3940170105,1049813241,1678.33,3867678546.4515347,522645385.245785
3608712284,982184353,1544.33,3867469534.133172,522486186.9043296
3713983926,966154119,1589.68,3867345755.4169354,522293637.47442573
3594907113,969133883,1524.0,3867126223.8759065,522140392.2728549
3867683098,1083276284,1646.53,3867126672.2447667,521930148.73756945
3587906576,981382861,1535.89,3866902038.2172165,521780218.0008963
3588607183,976545088,1531.52,3866678328.5265274,521630088.2141022
3806431156,1076914777,1610.88,3866629937.2232933,521423349.55226797
3717991036,956471433,1581.26,3866510644.3651686,521231064.5828654
3575646453,986539605,1533.28,3866277393.2093024,521087079.4279507
3574917247,983224014,1531.03,3866043931.5536857,520943507.25527143
4049592232,1088505359,1722.85,3866190887.759007,520760799.3918084
3568638842,974035729,1523.14,3865952846.1224,520620427.80434215
3637459155,968214811,1550.4,3865770197.288569,520452368.0601924
3593882960,981636686,1537.07,3865553034.9584665,520301175.8132215
4006944004,1111256255,1688.7,3865665876.9130087,520108838.15493387
3587461816,982090400,1535.18,3865444023.5948963,519960724.0398166
3650955770,987417182,1563.34,3865273116.6199203,519788762.14502317
4155464471,1168862175,1754.9,3865504160.691879,519646263.4462513
3652682377,980264432,1560.88,3865334851.396977,519474176.808095
3576491822,980549335,1529.83,3865105246.445151,519331471.7680371
3579874034,986487709,1537.24,3864878692.6624303,519187369.5562913
4242687497,1179569483,1786.74,3865178540.9198413,519090345.84867984
3608640111,989878721,1545.65,3864975100.452022,518934728.69698143
3602470201,969776301,1517.17,3864767093.4001584,518781674.8455081
4377862491,1254024157,1840.27,3865173344.7046714,518777038.2346726
3584542131,967921557,1517.95,3864951326.339399,518631808.1174454
3615629950,993551493,1547.36,3864754234.3422923,518474127.81254715
3590908751,984094798,1538.76,3864537926.693523,518326417.26876867
4778747761,1371755181,2015.56,3865259481.4167323,518757516.212594
3666154509,980752696,1572.92,3865102458.5678234,518583039.294503
3585651958,970136610,1525.16,3864882245.4074073,518437978.29605883
3580011414,980586767,1533.89,3864657937.6661415,518295426.9404215
5061486972,1886262679,2578.46,3865599581.2808814,519177133.4813714
3590025152,979137411,1529.3,3865382934.716981,519030485.5041539
3655030879,964585664,1566.62,3865217693.510605,518860054.4492983
6675264380,2551003032,3199.32,3867423381.647567,524592853.87194365
3597493631,1004434757,1547.52,3867211672.0392156,524441534.33014154
3456621510,972869439,1581.02,3866889892.9153605,524361889.33417886
3711766764,970604770,1577.41,3866768418.264683,524174499.7780776
3882556179,1032768943,1620.49,3866780771.755086,523969569.5167047
3614439770,955048789,1507.51,3866583476.2103205,523812181.3438381
3603567755,992406263,1544.36,3866377995.178125,523659092.4376076
3853674024,1073701557,1639.74,3866368077.9484777,523454778.13173443
3594095528,984446113,1541.47,3866155696.8642745,523305792.82822394
3589104155,978587727,1528.68,3865939756.4575214,523158951.52955383
3594104821,975025613,1527.33,3865728047.0062304,523010167.63081175
3988344195,1063568112,1684.9,3865823468.133074,522817803.06278646
3577804277,1006697439,1569.56,3865599502.9766717,522676153.998934
3603979997,982983131,1538.58,3865396224.417249,522523906.77338874
3460583186,957913196,1557.29,3865081928.579969,522442709.4425035
3943609747,1091417256,1667.9,3865142850.083786,522244592.57959384
3586539714,945102773,1495.94,3864926878.6604652,522099714.85159355
3610587848,958331708,1506.03,3864729869.3415956,521945433.6027235
4057585478,1106703901,1694.04,3864879138.388545,521770968.82793766
3774146981,1015116083,1574.29,3864808966.573086,521575261.00609154
4622669527,1312225540,1929.78,3865394639.340031,521798846.0616542
4151844601,1230791772,1732.12,3865615836.2216215,521658028.2529993
4852967105,1471755565,2027.17,3866377681.3364196,522176935.68420106
3665696651,979921365,1528.97,3866222954.2505784,522005314.7911126
3757399368,1043142054,1567.49,3866139114.815871,521812931.0722625
4659094711,1400234486,1946.56,3866749550.224788,522075470.08236045
4240358052,1174190440,1770.01,3867036941.38,521977415.1794095
3939157272,1121893491,1643.54,3867092375.9154496,521780598.52462155
3926181303,1121345365,1637.87,3867137759.1159754,521582752.1729881
4767430010,1482401180,1991.69,3867828697.1442823,521978303.962478
3720940321,1096551612,1587.95,3867716052.684049,521793963.67502767
3682374479,1030828821,1571.63,3867574028.489655,521619217.5725938
3638084171,991956191,1539.61,3867398308.8437977,521458116.5341027
5272926102,1958566278,2205.03,3868473693.5363426,522705314.73272604
3623955831,999503344,1554.27,3868286753.2744646,522549171.7509053
3741896813,975114828,1601.7,3868190198.698243,522361207.3277617
5659800406,1803991679,2366.34,3869557840.0778627,524501048.34753025
3596324953,974330721,1534.6,3869349424.450801,524355234.0137479
3574704231,978410528,1533.14,3869124847.321646,524218434.65906817
3591465544,979164064,1536.32,3868913377.936024,524074749.8953445
5805704496,2601760874,3180.34,3870387343.7792997,526590840.4879138
3687420852,956694192,1557.56,3870248205.7627378,526414740.0892982
3568765033,974300874,1518.88,3870019115.205927,526280268.731862
3809550826,1054580950,1604.73,3869973201.546697,526083064.7804139
3647893769,972901287,1547.65,3869804704.253414,525919000.45760417
3581010980,972597752,1526.8,3869585755.258529,525779688.51658916
3650898543,972298956,1561.52,3869420083.1280303,525614931.58035094
3875407057,1064322320,1636.03,3869424615.280848,525415973.86882365
3591864257,979855959,1536.89,3869214660.3956127,525272648.4666696
3591275174,983595044,1536.23,3869004577.639456,525129652.18941724
3589603381,981556475,1533.53,3868793549.545317,524987418.6705185
3926712015,1096607167,1670.55,3868837261.594717,524791683.13577557
3594571752,985558666,1541.23,3868630424.8604827,524647785.6833851
3599106576,975113080,1525.24,3868427317.2125096,524502214.8413117
3964887772,1079347675,1670.09,3868499953.0971384,524311376.03116715
3602924043,974092567,1523.64,3868300121.712566,524164669.1939195
3592153433,979873741,1530.31,3868092492.623308,524022247.1534489
3612253047,983629085,1534.71,3867900276.661157,523872259.67778575
4039720824,1108240077,1698.39,3868029271.0660663,523696719.54635835
3602528803,972844760,1523.81,3867830095.9212303,523550714.21996015
3603607793,982195702,1536.01,3867632028.227886,523404402.69150966
4084271493,1150852389,1735.88,3867794304.9805245,523241904.24210274
3638442997,993845047,1541.07,3867622634.8398204,523083651.95371836
3583400586,973265985,1522.09,3867410052.9035153,522945726.2755086
3584910177,976528682,1531.24,3867198916.972347,522807273.3925638
4239490212,1148870231,1786.0,3867476953.7871547,522710962.6302869
3569208625,969581921,1507.03,3867254365.4820895,522579363.7238718
3617141072,976810739,1532.78,3867067852.958986,522429095.6054289
3570520171,978050792,1521.23,3866846878.5312967,522297102.6067014
4314850003,1236705792,1823.28,3867180462.3916607,522245608.5688865
3608842824,994280256,1546.15,3866988246.8869047,522098806.0900996
3606077968,969209573,1527.63,3866794261.5494423,521953131.4428216
4642815496,1337752544,1946.55,3867370800.356612,522187458.59338987
3605038056,984443392,1532.72,3867176047.0200443,522042488.03271365
3599281030,988053680,1542.92,3866977311.8442135,521899786.93773305
3592571494,980806068,1539.7,3866773897.598221,521759764.8410539
5106414847,1768036615,2455.41,3867692150.153333,522655774.1262914
3590024932,976421633,1519.04,3867486622.9748335,522516876.73371565
3567158310,971998459,1512.12,3867264486.648669,522387413.90912694
6950476003,2408433910,2986.53,3869543283.039172,528874027.5948332
3484443190,1022504732,1683.19,3869258866.426883,528782191.64842
3592247485,961746816,1517.89,3869054429.983026,528640559.30381274
3571877226,972319329,1528.84,3868835272.7529497,528507170.602663
3859755180,1062530327,1632.62,3868828581.4539423,528312458.5064949
3616506135,957745030,1508.69,3868642777.001473,528162256.07979465
3603411773,945887187,1503.02,3868447610.699779,528016883.8584228
3590323482,947839886,1497.55,3868243107.6639705,527876561.0456626
3886684296,1061811959,1621.95,3868256657.3982368,527682832.33084434
3613023062,950843417,1506.95,3868069261.21953,527534382.60556614
3614656145,956164775,1507.89,3867883338.1702127,527385465.4194906
4494144439,1277611336,1876.1,3868342473.8746333,527464544.35997885
4181495572,1197304706,1744.92,3868571890.0637364,527339370.7901882
4185858947,1128767066,1746.32,3868804164.6295753,527216158.97668016
3923556108,1097252842,1676.53,3868844217.2582297,527025365.7586396
4130940359,1150922664,1758.45,3869035808.005117,526880324.95315367
3598141780,986469540,1537.17,3868837930.701972,526738705.2390276
3588846863,954817835,1496.94,3868633557.659854,526600724.9638815
3921947744,1144412457,1704.91,3868672444.739606,526410607.8517884
3629787412,1005129998,1543.36,3868498330.2842565,526258222.953468
3563981203,985976856,1526.67,3868276540.679534,526130684.19447064
3574902240,977997912,1524.36,3868063022.265648,525998694.5317198
4067104393,1137238382,1720.5,3868207779.6261816,525834765.38505363
3584378837,989391960,1536.06,3868001508.5922966,525699303.08363897
3609942583,965156238,1544.73,3867814101.965142,525554361.7008198
3605300191,970887299,1528.17,3867623598.401306,525411191.2325034
4214822751,1162309102,1785.33,3867875374.436548,525303804.09667706
3588150517,979903593,1536.43,3867672675.264493,525167388.5776316
3577082103,1004771832,1568.79,3867462254.8645906,525035405.4815175
4351368034,1238915465,1838.83,3867812403.76411,525006692.6826039
3625929268,993198470,1550.12,3867637506.341287,524857124.76577497
3782824559,990327681,1617.0,3867576225.3099713,524672423.9521566
3601777317,973845608,1527.51,3867384312.740794,524531568.94693553
4784630395,1330239830,1999.53,3868046106.4509377,524920420.2698168
3707775513,961939172,1588.54,3867930554.4729633,524748791.1640723
3593151018,980474351,1530.88,3867732586.5072045,524611537.3144281
5569440419,1720607753,2328.14,3868957718.1360693,526405204.8042071
3612934066,989358720,1552.34,3868773528.4582734,526260589.78417814
3599698712,984005562,1532.07,3868580088.618979,526120821.8789274
3577210282,980818589,1532.18,3868370771.2291665,525989744.5318229
5960122716,2572067755,3265.31,3869872387.844221,528777226.16580963
3681579450,950042580,1575.29,3869737314.000717,528611570.4257636
3727193997,961338324,1593.84,3869635132.4114695,528435841.7707324
3618241396,1004066712,1549.32,3869455050.9383955,528289358.1740789
3879781998,1056543928,1634.02,3869462443.169649,528100316.6085256
3606391363,975426450,1531.26,3869274266.4313307,527958256.6429902
3608993955,982304209,1535.56,3869088219.032166,527815373.3641798
3874013017,1079446765,1650.47,3869091736.745,527626850.60517335
3557599345,980310077,1522.77,3868869400.9907207,527504115.443497
3612545781,996851756,1547.03,3868686573.8723254,527360358.06803167
3582384190,981029591,1535.61,3868482509.4504633,527227754.64546484
3943117954,1087237661,1677.97,3868535668.599003,527043723.3342936
3629174650,971349885,1540.26,3868365304.8846974,526894800.7208899
3586764426,988334417,1535.15,3868165019.7645802,526760893.5163605
3987353039,1112887981,1696.62,3868249730.5103054,526583247.40007466
3588239205,977650924,1531.92,3868050859.3984375,526449070.6954686
3729731450,967228477,1594.85,3867952690.9034777,526275112.6519132
3661488160,978913089,1569.66,3867806262.158156,526117169.14496505
3994086312,1114402666,1694.88,3867895759.0042524,525941438.6716031
3599083396,980230923,1540.03,3867705381.976629,525803797.83699936
3602935607,984808683,1529.19,3867518000.67799,525664864.8700227
3580915472,978105368,1525.85,3867315311.4780765,525534185.8969848
4015415881,1132376803,1707.56,3867419976.1915193,525363194.2908474
3657278221,978251720,1564.83,3867271570.997175,525207321.1453873
3606929102,994036578,1543.72,3867087843.0726886,525067483.1855005
4103188979,1167546627,1720.43,3867254345.989422,524919727.0522959
3585959287,984462558,1540.17,3867056111.275546,524787827.11739826
3575333255,996016129,1535.18,3866850672.6443663,524660087.26971686
3561448386,977364928,1532.88,3866635751.96411,524537971.760536
4346149573,1254067010,1839.54,3866972962.80872,524507558.82460433
3591923279,985459536,1527.94,3866779674.2044973,524373889.6644047
3608441880,966740123,1526.26,3866598257.214185,524234408.09039205
4655455631,1344058093,1944.83,3867151841.33614,524466633.58456033
3586058324,949184672,1495.78,3866954721.0575037,524335510.18176275
3592665537,950195913,1498.68,3866762507.193413,524202013.6729822
3609559561,955723788,1505.53,3866582393.085434,524062607.1184478
5788238120,1991603407,2518.07,3867927148.6675997,526338079.18874145
3992025526,1174188868,1665.11,3868013930.7496505,526164239.63959986
4340228766,1232798157,1811.34,3868343920.152341,526128367.2260518
4244581889,1166972227,1770.6,3868606656.1641064,526038532.06883794
5222528698,2602570675,2961.19,3869551472.662247,527069017.74659204
3628314222,1002040179,1552.79,3869383245.8486753,526923693.4061004
3575369212,977083250,1531.5,3869178358.020209,526797203.16318315
3895821131,1069841491,1658.43,3869196911.483287,526614215.01586413
3582574184,976749738,1532.13,3868997452.382742,526485207.80399346
3572671865,976393067,1517.8,3868791384.5194716,526360082.34584427
3635750190,976406411,1549.81,3868629437.8936763,526212996.16294146
3853514073,1068429822,1638.11,3868618941.1125,526030402.29166293
3592472124,966449792,1521.93,3868427305.569743,525898128.90376794
3585703466,971101270,1526.74,3868231241.880721,525768428.2162934
3902369058,1087753333,1654.79,3868254899.410949,525586985.4678731
3594588099,971865580,1527.45,3868065379.4660664,525454284.9671352
3688828033,968426801,1578.71,3867941339.7799306,525293583.20653325
3598134226,971681095,1530.64,3867754751.1811895,525159815.102333
3941584938,1091938799,1661.85,3867805774.116102,524981904.00998926
3583992413,969356170,1524.16,3867609770.413674,524853554.77031827
3605188338,984589911,1542.39,3867428665.215321,524717672.4250315
3594410133,978627582,1539.41,3867240376.572414,524585669.62288123
4002932559,1118855176,1699.55,3867333892.893866,524416961.935902
3603613393,980402365,1549.98,3867152267.205234,524281997.02044487
3598500748,971239395,1534.73,3866967372.8355126,524148905.4981675
4044425618,1138616655,1721.77,3867089421.14718,523989283.82244706
3587452662,973364731,1525.84,3866897230.934708,523860450.65729314
3602635909,974000178,1528.89,3866715732.7740383,523726283.26163495
3638712527,987874832,1547.32,3866559244.643789,523580575.39364433
4204529154,1169044905,1776.84,3866791048.422497,523475773.5810193
3601265254,945264712,1502.06,3866609056.788211,523342485.9384896
3666332883,950541175,1529.4,3866471881.326712,523189466.31903595
4332934638,1221963738,1809.9,3866791157.6830935,523152645.20936596
3598996880,954749810,1501.24,3866607987.862517,523020560.68733203
3596159522,951948779,1499.99,3866423129.0341763,522889556.55882686
3600793113,945184033,1501.94,3866241687.7663937,522757012.2312891
4620907691,1355547650,1930.51,3866756818.144027,522950135.3830976
3586747716,947565998,1496.18,3866565816.0279675,522822860.69761974
