CPU_Cycles,Execution_Time(ns),Time_clock(ms),avg_cpu_cycles,Std_Dev_CPU_Cycles
2170171079,469297753,642.3,2170171079.0,0.0
2180345703,453812897,610.91,2175258391.0,5087312.0
2167575168,467976543,651.68,2172697316.6666665,5511082.689025834
2171464657,460338060,636.73,2172389151.75,4802491.140184715
2130314068,466461252,649.69,2163974135.0,17369547.044536434
2169433151,482427158,587.76,2164883971.0,15986139.14754853
2137117655,447038037,621.27,2160917354.428571,17704599.25760792
2117526815,458799439,646.67,2155493537.0,21913370.325049404
2145549688,456235799,625.03,2154388664.888889,20895134.58391596
2167978782,479981641,587.27,2155747676.6,20237791.377282232
2141956369,454048447,629.45,2154493921.3636365,19699079.903529428
2135371256,457656493,630.42,2152900365.9166665,19586973.865643512
2142353649,471338207,580.48,2152089080.0,19027250.452927455
2124530867,426051692,576.08,2150120636.214286,19660837.95628779
2131907560,445180879,603.78,2148906431.133333,19529945.25255326
2135271906,448200016,618.32,2148054273.3125,19195642.298288845
2141295926,509084463,579.94,2147656723.470588,18690279.654207803
2126156295,479599887,607.89,2146462255.2222223,18819520.38542974
2106976547,476475294,613.92,2144384060.0526316,20329134.397126336
2113681925,456097581,611.37,2142848953.3,20913740.032981437
2143074326,477460909,580.55,2142859685.3333333,20409776.855933744
2109843791,447235534,623.51,2141358962.8636363,21093127.275398843
2112413079,454028775,634.44,2140100446.173913,21457415.57875058
2135523304,477487783,578.54,2139909731.9166667,21025533.109127093
2126022622,427032780,576.91,2139354247.52,20779692.74990953
2117249767,463116524,637.32,2138504075.1923077,20814848.81494921
2117768898,455815730,627.28,2137736105.6666667,20797729.398790013
2158777892,477942809,584.95,2138487598.0357144,20792919.322074156
2110410673,459594597,651.4,2137519428.2068965,21063781.89011481
2222205951,459704327,647.43,2140342312.3,25690174.011743262
2122432529,458040166,644.62,2139764577.3548386,25469757.17856677
2145000644,466336279,581.04,2139928204.4375,25085182.43181156
2124072449,448821080,630.84,2139447727.0,24851261.008273553
2117626135,463269495,649.72,2138805915.4705882,24759126.22010368
2162229905,479864651,585.89,2139475172.3142858,24712919.62886597
2122458233,426873248,575.19,2139002479.5555556,24527210.69435722
2114607003,459514391,630.31,2138343142.3513513,24514794.623555753
2116596270,473023195,647.98,2137770856.2368422,24439270.4770334
2132370517,472483146,577.76,2137632386.0,24139008.568802696
2123466225,454208226,627.08,2137278231.975,23937753.010279313
2168595062,456336744,621.01,2138042057.097561,24132492.026881833
2109786817,447628892,625.13,2137369313.2857144,24229465.57375518
2129501009,469053082,576.83,2137186329.4651163,23975415.957069602
2125807887,446470091,603.43,2136927728.5,23761987.88375172
2125396590,466719730,640.57,2136671480.9777777,23557883.00698702
2157486841,485989367,584.59,2137123988.8043478,23497309.480218545
2131139257,467832429,577.53,2136996654.0851064,23262031.149240788
2133586279,454872683,626.32,2136925604.6041667,23023596.01794844
2105878032,458490105,644.21,2136291980.6734693,23206440.87770397
2130051826,473484260,577.07,2136167177.58,22989809.373742085
2112557364,448934250,628.2,2135704240.0588236,22997467.96836648
2128286648,444057968,592.54,2135561594.0576923,22798035.83090846
2136900678,458389013,634.83,2135586859.7924528,22582670.796360023
2132507242,473095689,577.69,2135529829.8333333,22376446.980317432
2115549925,444402928,615.71,2135166558.8363636,22332214.386885792
2138486313,466346106,655.51,2135225840.1607144,22136287.65192228
2148774843,472615368,582.04,2135463541.9649122,22013236.764323454
2137672602,471290067,579.25,2135501629.2068965,21824536.80878226
2104107775,450287770,618.6,2134969529.9830508,22014969.11300396
2119928278,451812090,630.27,2134718842.45,21915497.425569493
2142403735,490016754,580.28,2134844824.2950819,21757015.473503657
2125298045,447091579,626.51,2134690843.983871,21614325.46164286
2099860792,455787791,640.16,2134137986.015873,21879532.542475753
2104170427,441970417,617.14,2133669742.90625,22023780.109454814
2146750506,471464226,581.49,2133870985.4153845,21912930.82856785
2116076810,455118700,635.41,2133601376.6969697,21854654.2270119
2107003339,432299383,591.6,2133204391.0597014,21929400.53410634
2155718374,486755182,601.48,2133535479.0441177,21935611.671775613
2139490514,468690495,579.72,2133621783.8985507,21787704.461400747
2122852656,446597316,619.55,2133467939.2142856,21669233.579870984
2179471061,445906198,616.33,2134115870.5070422,22188494.108685255
2138780949,470291534,579.39,2134180663.2638888,22040631.33095877
2121453153,451620718,632.89,2134006313.8082192,21939084.222053558
2118623808,450431377,603.98,2133798442.108108,21862603.29877712
2126021557,453723738,617.5,2133694750.3066666,21734674.85984429
2147021675,470608784,581.72,2133870104.5789473,21644549.828553684
2120976191,449085003,633.7,2133702651.1558442,21553036.58081432
2145082223,445807978,602.84,2133848543.102564,21452662.60989739
2110477686,451773115,631.23,2133552709.4683545,21475976.644606847
2169521385,479278775,587.91,2134002317.9125,21712255.195394043
2122617275,463405326,639.43,2133861761.8271606,21614404.495884743
2100482171,449726752,633.66,2133454693.6463416,21792365.61698695
2144641859,477605843,581.05,2133589478.7710843,21695048.332468525
2124635693,462616675,648.54,2133482886.0833333,21587378.094022475
2122319814,464452481,642.97,2133351555.8235295,21493747.145191245
2116278109,456603015,637.53,2133153027.372093,21446665.095690712
2142016398,472353333,580.25,2133254905.1954024,21343972.343142033
2112563202,451429642,629.92,2133019772.2045455,21335376.564615477
2107275562,447955296,625.47,2132730511.4157302,21388006.553619225
2107104256,455256626,635.48,2132445775.2444444,21437810.732657593
2138390232,468752137,579.4,2132511098.945055,21328700.125520315
2109322827,439450503,606.79,2132259052.5108695,21348295.75154421
2122206260,452801540,631.33,2132150957.967742,21258508.045756724
2124439994,464729196,575.43,2132068926.43617,21159921.395592015
2107429912,464162368,647.76,2131809568.3894737,21197930.487788707
2105069700,440818694,593.86,2131531028.09375,21261280.54565097
2104627975,466553864,638.67,2131253677.030928,21325254.7434587
2142630898,464699986,580.38,2131369771.122449,21246961.330536142
2107599146,458890474,644.4,2131129663.7979798,21272594.63406981
2113088164,466530919,646.72,2130949248.8,21241950.40995318
2113190677,453654229,620.41,2130773421.3564355,21209536.933430504
2144789356,469860486,581.07,2130910832.4803922,21150443.982867353
2120061809,446995541,626.64,2130805502.1553397,21074387.25407919
2101856439,437033439,599.86,2130527145.7788463,21162230.349307388
2141413798,471640061,580.11,2130630828.1809523,21087741.81309955
2113677004,442740943,613.85,2130470886.4433963,21051928.222924467
2108773644,458502839,635.95,2130268108.4766355,21057074.396438785
2116791614,458136621,645.78,2130143326.1203704,20999068.57795957
2142658796,477980349,580.48,2130258146.9449542,20936552.27635861
2097988670,449896021,629.87,2129964788.0636363,21065013.58731185
2107270741,449164521,636.62,2129760337.1891892,21079260.049935006
2123867570,447849522,618.35,2129707723.1964285,20992265.228445068
2153505316,465564499,583.35,2129918321.3628318,21017678.195202313
2107747157,429914769,591.56,2129723837.4649122,21027172.19180754
2127819514,448345715,638.7,2129707278.1304348,20936296.657136563
2114808944,468162082,572.86,2129578844.2155173,20891308.712117817
2133858256,453043867,619.07,2129615420.3846154,20805567.81300334
2122194093,447576776,616.08,2129552527.779661,20728387.28223857
2138318411,459488781,625.98,2129626190.6638656,20656613.816322062
2112187658,464203094,572.22,2129480869.5583334,20631358.790093172
2097750191,462465234,642.82,2129218632.5454545,20745779.39082715
2137973757,462672804,641.64,2129290395.8606558,20675655.831161782
2118477993,453178851,638.46,2129202490.1463416,20614315.879193142
2131822805,471929398,577.76,2129223621.717742,20532362.93539203
2112891287,443170898,608.41,2129092963.04,20501760.750178624
2124359429,437747988,605.64,2129055395.3095238,20424561.6899547
2150256326,476092770,582.62,2129222331.7716537,20430108.05108836
2124799184,460897476,627.94,2129187775.9296875,20353872.173251126
2102538274,461384297,648.45,2128981190.643411,20409099.83830573
2106748051,441850791,614.7,2128810166.4923077,20423036.586856566
2121597426,466198830,574.76,2128755107.40458,20354619.773863085
2120827825,449655314,615.78,2128695052.2348485,20289019.1371298
2103248246,477630993,661.79,2128503722.8646617,20331781.5776861
2119259783,448410446,613.51,2128434738.238806,20271392.097933285
2166956924,484309276,587.15,2128720087.762963,20464512.688908275
2104051756,458544777,642.76,2128538702.9705882,20497767.072972994
2125511721,452925126,615.84,2128516608.2116787,20424446.06837633
2191740935,477246455,593.93,2128974755.5072465,21044982.027790952
2175347072,458654338,605.1,2129308369.294964,21332232.570033852
2117938772,470010553,605.18,2129227157.8857143,21277463.052704807
2125614245,492010920,620.37,2129201534.390071,21204044.395155407
2148956948,507770756,582.23,2129340657.0211267,21193732.341527704
2175417123,440585623,591.23,2129662870.06993,21465689.57526494
2105868032,461612649,629.58,2129497628.1388888,21482099.452612236
2137762791,446525275,603.23,2129554629.262069,21418819.91436684
2148371700,472833676,582.12,2129683513.3082192,21401687.40577755
2103208244,441709417,606.48,2129503409.4353743,21439501.381293885
2116022952,461702711,654.26,2129412325.2635136,21395467.30534818
2126955923,470342451,576.32,2129395839.3422818,21324492.732698686
2117008892,445317160,614.03,2129313259.6933334,21277183.101533648
2129395010,463149740,632.69,2129313801.0860927,21206612.855503157
2103549450,433482203,594.47,2129144298.7763157,21239117.866746925
2132325668,471231377,577.68,2129165092.0392158,21171147.33774123
2167233331,448886523,614.13,2129412288.3961039,21322668.698534958
2138816826,453420554,626.04,2129472962.832258,21267107.660598263
2097446160,442953552,614.45,2129267662.8141026,21352365.89527541
2133278757,466079120,577.91,2129293211.1847134,21286647.974796973
2124634538,457045812,636.87,2129263725.9113925,21222394.257614523
2145880604,449149715,612.46,2129368234.5786164,21196298.311822407
2138206275,470145962,579.3,2129423472.33125,21141432.904766373
2119223883,461215566,639.29,2129360120.8447206,21090902.79677402
2133845825,445081285,616.32,2129387810.3765433,21028641.90808896
2092294625,444832387,628.39,2129160244.8220859,21163180.74120795
2143907180,471964329,580.71,2129250165.1585367,21129770.605600566
2122710989,462158383,645.55,2129210533.7878788,21071756.686624143
2126594190,473580026,655.19,2129194772.680723,21009167.167979416
2101623834,456781446,643.64,2129029677.239521,21053898.93325828
2165107916,489068544,586.6,2129244428.6607144,21173802.283514597
2139844973,461636761,635.97,2129307153.775148,21126714.11731056
2114885298,446683264,605.85,2129222319.3294117,21093335.55213453
2149476292,476765898,582.37,2129340763.6140351,21088191.485652357
2108238106,446345205,624.59,2129218073.7441862,21087918.716874704
2115116702,449421223,614.65,2129136562.9248555,21054039.139882337
2151851254,479698107,655.04,2129267107.1264367,21063552.645597108
2181918078,494839031,591.44,2129567969.817143,21374942.54368643
2111659031,450386380,621.57,2129466214.4829545,21356595.916669838
2121247923,449729877,639.55,2129419783.457627,21305087.58916763
2113147419,433864774,598.3,2129328365.6797752,21279942.3262708
2150040981,481774839,582.47,2129444078.614525,21276500.268613268
2117184483,450726469,604.03,2129375969.75,21236875.25354956
2107132770,438029088,606.37,2129253079.1436465,21242210.5516823
2150677682,478068218,582.77,2129370796.7417583,21242890.821912225
2135332040,430747120,579.67,2129403371.84153,21189328.293886524
2110545863,442251833,618.73,2129300885.3804348,21177101.294448152
2124667828,453222757,617.5,2129275841.827027,21122520.21354752
2160646331,482085371,585.35,2129444500.3709676,21190200.593479585
2113505956,464306040,639.68,2129359267.513369,21165411.008499164
2143907142,443364000,596.64,2129436649.8244681,21135551.555277094
2133239368,447442517,630.6,2129456770.026455,21081368.386842187
2160882656,476607411,585.54,2129622169.4263158,21148415.65239304
2123769250,449192015,630.38,2129591525.8691099,21097209.486047678
2139675528,462159920,642.61,2129644046.7135417,21054712.5645084
2184357079,478224917,591.85,2129927533.9274611,21364318.507664923
2122834957,426887199,575.67,2129890974.2525773,21315236.753871527
2118867249,439098085,601.61,2129834442.328205,21275087.995059766
2116070602,457458023,635.18,2129764218.6530612,21243390.778513018
2147154360,475108290,581.66,2129852493.4822335,21225414.042460922
2126580358,433978429,595.78,2129835967.5454545,21173017.23469152
2115657561,443610672,615.92,2129764719.2713568,21143533.82172794
2107723950,441478342,619.34,2129654515.425,21147827.548493363
2129767171,473994656,577.16,2129655075.9004974,21095156.907139134
2134577581,452786635,617.63,2129679444.7376237,21045712.356186915
2128615358,442227899,607.13,2129674202.9310346,20993943.817778334
2147759808,465579320,581.75,2129762857.8578432,20980483.247462094
2120741091,426794419,575.8,2129718849.2390244,20938685.565745104
2123042211,434108343,585.69,2129686438.3737864,20892955.856735285
2109227382,439887556,599.75,2129587602.352657,20890647.586050626
2128035487,468827579,576.53,2129580140.2596154,20840645.71669885
2100099125,449593179,624.01,2129439082.770335,20890021.2701703
2126437572,442629396,599.26,2129424789.8619049,20841248.11158698
2176657177,451887920,622.23,2129648640.0379148,21043334.459840905
2126175034,470407617,575.95,2129632255.1037736,20994994.376346942
2106287500,447095952,608.11,2129522655.314554,21006354.30909741
2110362559,457542619,645.82,2129433122.1542056,20997913.56750788
2137751983,469814644,579.27,2129471814.5302327,20956669.54341139
2157113207,474828837,584.31,2129599783.9398148,20992132.45156328
2115901523,454227038,624.48,2129536658.313364,20964246.128204122
2118111214,465614481,634.6,2129484248.0183487,20930351.800887305
2154781586,490852468,583.89,2129599760.977169,20952042.622007634
2143751717,457517343,640.23,2129664088.05,20926034.157447524
2116941128,447606062,623.46,2129606518.0950227,20896090.74646797
2125408899,448253737,626.39,2129587609.9009008,20850869.136482574
2147921848,479352537,581.97,2129669826.2152467,20840099.97404256
2123481497,454201301,632.05,2129642199.7455356,20797622.039738446
2107444177,443188491,598.44,2129543541.8666666,20803820.66253137
2132262500,479090638,584.72,2129555572.6548672,20758527.910431396
2143178348,475201801,580.76,2129615584.8810573,20732392.580867074
2129299622,453138754,627.91,2129614199.0789473,20686887.381882034
2122210188,450106763,618.41,2129581867.1528385,20647442.567844793
2132793022,479470146,577.75,2129595828.6956522,20603591.20812463
2114257766,448318012,620.27,2129529430.1558442,20583592.738614976
2115130294,458546907,623.63,2129467364.913793,20560834.088569317
2232604980,456029143,635.08,2129910015.6223176,21596099.844615836
2130167070,482642525,577.08,2129911114.1452992,21549911.449512724
2110256005,440053633,608.2,2129827475.3829787,21542039.189243477
2117634526,435242866,590.69,2129775810.3432202,21510936.259428985
2148410387,479418694,601.75,2129854437.2489452,21499464.388851743
2164198828,476309605,586.16,2129998741.4117646,21568960.423467234
2109496500,434331896,596.74,2129912957.9748955,21564436.469830036
2107854055,438552554,610.76,2129821045.8791666,21566324.41088355
2146366414,473209725,581.55,2129889698.858921,21547798.549389698
2108479226,443110588,617.5,2129801225.8305786,21547051.25259324
2088256585,445218507,626.69,2129630260.2304528,21666524.743723705
2108729840,441327594,614.3,2129544602.7704918,21663270.91513758
2126505270,470656437,575.98,2129532197.3306122,21619883.39229588
2096975339,455982165,633.35,2129399852.378049,21675112.45393542
2114533302,447664702,630.29,2129339663.9149797,21651780.64864125
2104392492,443135819,606.4,2129239070.4798386,21665841.477974612
2143953727,471935271,580.73,2129298165.4859438,21642309.99676971
2094568226,445467649,615.47,2129159245.728,21709937.81096425
2110044639,430560225,581.85,2129083091.9163346,21700080.092310846
2134794857,471683356,578.37,2129105757.6507936,21659958.419236477
2122400573,451308373,617.52,2129079254.944664,21621203.459270325
2099208256,439505626,617.32,2128961652.5866141,21659525.622791808
2116490880,448516299,612.58,2128912747.5960784,21631060.913110066
2119124984,467253232,573.84,2128874514.1445312,21597402.83268584
2115477961,462034516,647.34,2128822387.4785993,21571472.77212428
2128687609,454327928,633.22,2128821865.0813954,21529628.633543883
2124332204,452668432,628.75,2128804530.4826255,21489829.306436032
2156991345,476036825,584.43,2128912941.3076923,21519306.763778433
2105585607,448332078,627.61,2128823564.5478928,21526338.330302846
2128318810,451845531,623.6,2128821638.0038168,21485240.801607836
2177627445,531200804,589.97,2129007211.4144487,21653706.43989471
2121063779,466554955,616.82,2128977122.655303,21618164.429408193
2138521926,478967828,606.61,2129013140.781132,21585271.732272435
2107313014,456350278,628.69,2128931561.357143,21585550.50440658
2128843220,466831221,576.75,2128931230.4906366,21545090.881256744
2105734022,453631732,620.0,2128844673.7425373,21551317.087189812
2118536708,446867104,623.83,2128806354.1672862,21520366.685812086
2180591272,456000675,642.73,2128998150.1592593,21709588.990066204
2174544331,472860548,589.41,2129166217.2472324,21844763.31033779
2109973672,448905608,611.6,2129095656.4191177,21835488.512878817
2155857859,449579759,612.44,2129193686.4652014,21855341.919581592
2137073472,481025583,578.95,2129222444.8065693,21820597.676894512
2131055358,444896141,602.77,2129229109.9454546,21781167.152116667
2117744405,453429533,637.11,2129187498.6956522,21752620.385594565
2138082630,441059613,594.65,2129219611.0830326,21719873.110771473
2146541839,475048936,581.47,2129281921.2553957,21705561.581385292
2124468083,428488275,576.34,2129264667.3548386,21668537.567848373
2119118434,436441775,603.37,2129228430.807143,21638276.152513728
2126498879,439398185,604.4,2129218717.0996442,21600351.132120643
2153607774,483672421,583.39,2129305203.1170213,21610702.89746736
2116829192,443127057,599.99,2129261118.2720847,21585186.66012589
2117901240,444143050,611.13,2129221118.7007043,21557655.463229008
2142583862,467580772,580.41,2129268005.5192983,21534303.02646956
2134587186,458758171,640.22,2129286604.0524476,21498915.544307258
2107842454,457378783,628.1,2129211885.7595818,21498595.1247859
2145428222,436352530,598.16,2129268192.4826388,21482427.36919397
2156827014,477776285,584.29,2129363551.7266436,21506201.739227697
2108642658,459407425,631.08,2129292100.3689656,21503424.348759443
2110563339,449353014,627.72,2129227740.3642612,21494406.38087497
2116521689,450809224,610.03,2129184226.489726,21470404.68643639
2132683886,468870576,577.77,2129196170.7201364,21434706.2208288
2110392029,430893352,595.13,2129132211.0544217,21426210.652161185
2236103797,483061161,689.6,2129494826.6,22275196.093449797
2165293556,477283037,586.58,2129615768.2533784,22334345.594256908
2144092175,464862206,627.32,2129664510.3636363,22312478.330449704
2111484833,442331236,601.8,2129603504.7348993,22299807.25777406
2149709139,459971578,621.46,2149709139.0,0.0
2180744551,477829574,670.87,2165226845.0,15517706.0
2148647369,449720118,605.46,2159700353.0,14886807.156688053
2114305779,448245995,615.82,2148351709.5,23507188.227446318
2118534450,457544028,629.08,2142388257.6,24172739.872487087
2113446142,445452109,623.54,2137564571.6666667,24561640.63540874
2117699134,474679451,636.52,2134726652.0,23778454.358229473
2130465184,437138453,600.98,2134193968.5,22287312.358970243
2141288663,449262036,625.76,2134982267.8888888,21130642.005812027
2155885561,445027521,617.79,2137072597.2,21004259.522297405
2132248421,441384249,611.73,2136634035.7272727,20074737.989889614
2138848138,460804206,638.1,2136818544.25,19229837.681591935
2140920064,437813491,608.67,2137134045.7692308,18507728.771582134
2125797168,470743137,653.54,2136324268.7857144,18071905.52555433
2136862623,454556969,617.12,2136360159.0666666,17459635.87653895
2133668754,460775881,619.37,2136191946.25,16917768.408033524
2166406130,455220316,639.77,2137969251.1764705,17886194.624669272
2117171480,466338021,661.94,2136813819.4444444,18023269.17211999
2136262345,473759711,663.69,2136784794.4736843,17542994.23408505
2118412103,445139820,601.79,2135866159.9,17561398.420446925
2168654329,478680683,649.93,2137427501.2857144,18506015.491991065
2147107919,471782218,660.6,2137867520.2727273,18192625.52483665
2310306191,486571584,678.77,2145364853.7826087,39410680.88202929
2108443333,450387380,612.14,2143826457.0833333,39279998.83616281
2178816437,478915622,658.89,2145226056.28,39092386.037406735
2178283412,466116604,653.03,2146497493.0384614,38856800.50491088
2161995247,445389725,627.88,2147071483.925926,38242602.47553176
2137336012,464504713,633.18,2146723788.5,37596924.183323644
2130702595,455466478,631.16,2146171333.5517242,37058495.92144945
2140212352,448643255,612.0,2145972700.8333333,36451317.89628089
2133899522,450083847,614.31,2145583243.451613,35921966.031132065
2138014734,449585325,625.67,2145346727.53125,35380745.65182683
2159666884,480256186,585.06,2145780671.6666667,34926920.21814243
2142828371,446026822,613.11,2145693839.2941177,34413071.07577819
2150608543,454085835,620.64,2145834259.4,33927774.487564
2153814112,458590326,634.95,2146055921.9722223,33478929.970799625
2164641638,476589913,586.36,2146558238.6216216,33160660.508081537
2140523563,458656986,625.77,2146399431.368421,32735682.670721862
2146277322,435147758,597.09,2146396300.3589745,32313274.832356147
2168781334,480789713,587.59,2146955926.2,32097633.858703654
2143017636,430904544,581.93,2146859870.3414633,31709602.995318446
2124075063,445695333,616.42,2146317374.9285715,31521815.045891438
2125204638,459420815,641.06,2145826381.0465117,31315210.67179761
2143384603,476175511,580.71,2145770886.090909,30959449.58133433
2129533308,455660654,639.25,2145410051.0222223,30706948.422262367
2169612262,454079931,612.11,2145936186.0434783,30575730.660245486
2157838966,462586384,627.55,2146189436.680851,30297435.406122994
2150328685,477888001,582.6,2146275671.0208333,29986004.466023367
2109182466,449288002,601.64,2145518666.8367348,30138296.341305505
2118942465,455690452,638.72,2144987142.8,30066491.988739435
2140663254,473701448,579.98,2144902360.6666667,29776298.79002815
2114508340,425212760,573.08,2144317860.2692308,29782563.828525785
2116968620,463298164,643.57,2143801836.8679245,29734017.65773245
2105376022,461790753,639.39,2143090247.7037036,29909470.06492968
2135651672,474539808,578.57,2142955000.8727272,29652978.369868763
2125043999,436913124,604.83,2142635161.5535715,29482599.979435578
2106436535,446114047,600.39,2142000097.9298246,29606743.96267411
2119799384,441593746,613.35,2141617327.0,29492329.023437016
2115001716,472059424,573.02,2141166214.9491525,29442456.792635746
2106470879,449264854,614.04,2140587959.35,29531999.881917536
2131788410,440399009,595.73,2140443704.442623,29310240.954125118
2123338376,469960912,575.27,2140167812.048387,29152650.724174194
2148863667,481789662,582.23,2140305841.4920635,28940769.9331965
2112269247,464158741,649.57,2139867769.703125,28923542.24453207
2107838159,442667726,617.19,2139375006.4615386,28969659.43060899
2128617394,469554769,576.62,2139212012.3333333,28779372.002162293
2103119152,436127010,591.86,2138673312.925373,28897115.502362777
2104113881,429645839,595.62,2138165085.985294,28983943.41309009
2119268602,452845709,628.08,2137891223.8985507,28861637.049457427
2127706471,467205442,576.48,2137745727.4285715,28680217.117891688
2101190079,422456198,569.82,2137230859.140845,28801490.049232483
2093655399,443614197,595.0,2136625644.4166667,29051865.038471133
2129691212,477624604,576.92,2136530652.1917808,28863450.300012123
2216986794,488576946,600.6,2137617897.3513513,30135263.737490084
2123476464,462074075,630.37,2137429344.9066668,29977600.22738739
2128191285,448261545,612.52,2137307791.4868422,29798325.961356718
2175302507,479741208,589.36,2137801229.3506494,29915098.013087194
2197516578,472892790,640.89,2138566810.7435896,30472457.88133636
2110370688,457697058,636.91,2138209897.7974684,30442614.9395501
2122635815,460008716,644.79,2138015221.7625,30301194.63374236
2136800157,469638839,579.01,2138000220.9629629,30113868.23252355
2091226634,433297487,597.44,2137429811.3658535,30366769.825181626
2089310233,459255897,626.39,2136850057.4096386,30636448.584379166
2120072243,428860091,576.78,2136650321.5238094,30507859.724877503
2123542726,474253921,575.26,2136496114.517647,30360784.729211133
2089451596,441188031,604.78,2135949085.2325583,30602195.959731746
2105133298,471036774,609.65,2135594880.7816093,30602609.730900615
2151896883,526433921,582.71,2135780130.8068182,30477255.150682792
2136419187,474407822,610.36,2135787311.213483,30305625.7946875
2100994461,432507130,589.69,2135400723.988889,30356666.288286857
2090274011,457005811,643.95,2134904826.043956,30553769.737992425
2167050301,480814820,587.36,2135254233.3804348,30569519.596424952
2104810173,439253879,613.91,2134926877.8924732,30566420.43104654
2114107359,451545393,636.59,2134705393.6489363,30478332.82746083
2104831272,457240355,638.55,2134390929.2105262,30470412.457766112
2155454327,466096928,583.93,2134610339.6041667,30386643.611260377
2094149436,443187416,616.45,2134193216.8865979,30504626.337375756
2121938966,445375595,626.51,2134068173.510204,30373568.743676204
2131619633,474141438,577.64,2134043440.7777777,30220769.374613073
2099110469,449101185,624.7,2133694111.06,30269506.875701882
2110897189,429926166,604.55,2133468398.960396,30203740.30409581
2112373270,424606731,576.83,2133261583.9705882,30127100.112470914
2121582966,465714731,574.64,2133148199.3300972,30002356.92729533
2114885855,447740491,614.47,2132972599.8653846,29910905.000293307
2092102850,454905324,631.27,2132583364.152381,30031618.4542754
2111858012,456182405,635.13,2132387841.962264,29956696.60681454
2113079889,462112727,572.46,2132207393.8037384,29874207.008889142
2111657544,427796959,582.99,2132017117.4166667,29800647.5705874
2107586249,452075640,620.83,2131792981.0091743,29754944.051777434
2121095991,471461309,574.68,2131695735.6454546,29636780.768426064
2124455575,437583103,600.32,2131630508.9729729,29510910.007204264
2100722654,470026438,658.59,2131354545.982143,29522385.411668234
2100899912,438841823,607.69,2131085035.9469028,29529534.611761764
2166556080,484702053,587.03,2131396185.4561403,29585204.63476503
2141419310,442851514,615.22,2131483343.0608695,29470988.450415425
2114297993,440409201,605.45,2131335193.4913793,29386660.36841894
2127611952,449156716,611.97,2131303370.9145298,29262814.08652068
2171112007,481916561,588.33,2131640732.2372882,29366162.260812048
2108808749,448053015,614.05,2131448866.8319328,29316693.573866356
2139565863,436531959,596.96,2131516508.4666667,29203608.611248106
2154053075,478333768,583.66,2131702761.0826447,29154162.773080934
2114789430,442207191,600.81,2131564127.2213116,29074453.049396466
2119407954,440469860,601.75,2131465296.5447154,28976592.34727406
2107745708,447483073,615.41,2131274009.5403225,28937384.96543497
2131827409,464443491,577.52,2131278436.736,28821445.159053247
2101277128,431442977,594.99,2131040331.1111112,28830016.00481141
2114751153,445145103,605.13,2130912069.8661418,28752356.388311334
2105821771,434350904,604.76,2130716051.90625,28724887.222202305
2148776834,478966601,582.16,2130856057.9689922,28657143.79997721
2130116248,431327960,581.81,2130850367.123077,28546784.409821484
2190984368,439827527,595.05,2131309405.29771,28915242.193833884
2144748453,471302231,581.07,2131411216.2651515,28829066.645051155
2117856945,451025516,615.84,2131309304.4511278,28744339.484291513
2130899555,456488323,638.69,2131306246.619403,28636905.346607994
2115063407,471296350,659.39,2131185929.288889,28564620.716711927
2149148120,473495983,582.32,2131318004.2205882,28500753.098038547
2105411053,456715141,641.8,2131128902.3868613,28482048.279227275
2112272695,451620132,625.99,2130992263.2028985,28423695.108911082
2119566300,459023496,631.44,2130910062.028777,28337724.63747003
2156079089,479090455,584.02,2131089840.7928572,28315777.743734237
2136262381,458894100,643.59,2131126525.4751773,28218527.075241823
2127412649,451584010,622.27,2131100371.415493,28120705.47585436
2148500806,482024872,582.27,2131222052.7762237,28059698.680085197
2118575989,456812626,630.33,2131134232.8888888,27981813.169151127
2105872486,451332835,620.5,2130960013.9448276,27963417.457592744
2101104177,438988902,606.52,2130755521.910959,27976067.257845078
2127612038,463798112,576.19,2130734137.6666667,27881945.46588859
2113625193,452917620,624.84,2130618536.6891892,27822915.158582598
2120877934,462069035,638.95,2130553163.5167785,27740795.019534547
2162701724,454920123,635.5,2130767487.2533333,27771669.530968037
2184688915,482283265,592.59,2131124582.8013246,28022945.84268897
2129060285,459910742,622.29,2131111001.8947368,27931111.54903457
2120197755,456955049,647.92,2131039673.4836602,27853569.41637785
2163511066,484678758,587.64,2131250526.6818182,27885224.874175686
2117380363,459364771,655.6,2131161041.7548387,27817301.21619156
2158460038,458591931,630.35,2131336035.3205128,27813459.00967323
2111794537,455437072,637.38,2131211567.178344,27768291.061129745
2155476923,478181520,583.95,2131365145.379747,27747086.179667577
2121434119,462829665,645.42,2131302686.0943396,27670833.593660988
2214778232,471149508,665.65,2131824408.25625,28357863.30247483
2122125024,447676589,633.91,2131764163.6335404,28279927.202184886
2147589400,485212065,581.81,2131861850.2777777,28219743.0761638
2106792372,462169826,649.81,2131708049.797546,28201069.762531694
2109231246,462310716,635.56,2131570996.1158535,28169357.260354355
2151596633,482145576,582.92,2131692363.612121,28126842.197325725
2128098454,454742025,628.82,2131670713.5542169,28043373.780502867
2145631917,444691560,610.89,2131754313.5748503,27980025.274842273
2132807115,466529070,632.91,2131760580.25,27896744.646539636
2139707117,474416384,579.79,2131807601.1775148,27820763.880339038
2131430735,465509612,622.5,2131805384.317647,27738832.387776695
2117092550,446707082,613.17,2131719344.3508773,27680347.640698995
2117109147,444014748,610.91,2131634401.3430233,27622107.153039243
2112520817,460667460,572.24,2131523918.1965318,27580247.14039003
2117083978,449240673,626.12,2131440930.0344827,27522532.996338073
2088666890,437688679,598.91,2131196506.9485714,27632526.65754778
2122077920,460623491,575.03,2131144696.7954545,27562436.234884825
2086381983,442896042,612.06,2130891800.1073446,27688485.95630907
2122605689,439541600,613.8,2130845248.9213483,27617544.798573505
2102108567,436752702,610.86,2130684708.7988827,27623456.397858933
2146018903,472952937,581.46,2130769898.7666667,27570186.96330811
2159081771,438584421,605.59,2130926317.9502761,27573895.818862163
2208485633,465936085,649.58,2131352468.032967,28089365.502282944
2109724570,464794864,645.29,2131234282.7978141,28057851.6875346
2146354389,471562206,581.44,2131316457.2880435,28003576.21630566
2112904340,436936913,592.4,2131216932.3297298,27960399.146889202
2123353533,457708671,638.01,2131174655.9892473,27891063.614615608
2140517779,471732307,579.88,2131224619.2139037,27824733.45094171
2096030863,428302949,594.14,2131037418.3829787,27868456.69869666
2156799777,460254640,619.64,2131173727.1587303,27857398.843745604
2105278550,445094266,623.03,2131037436.7526317,27847099.78568496
2129689007,472014448,577.16,2131030376.9109948,27774276.431132652
2115054650,450673229,632.9,2130947170.0,27725710.741245445
2124858307,448305055,629.94,2130915621.4870467,27657244.185024563
2226431499,438025590,614.28,2131407971.371134,28421208.205461744
2152480487,483905772,583.37,2131516035.5538461,28388170.021425154
2147587611,437753751,598.58,2131598033.3877552,28338800.84653074
2105087140,450128289,632.75,2131463460.3248732,28329500.324949868
2165703576,482877200,586.82,2131636390.2020202,28361919.656640958
2118223850,424382222,574.8,2131568990.5025125,28306461.12849879
2100576689,452067728,624.51,2131414028.995,28320099.99283935
2098812298,441338215,615.06,2131251831.3283582,28342538.539200433
2140222288,476978808,579.86,2131296239.529703,28279306.04613629
2116350518,454056186,636.89,2131222615.2857144,28228967.28833761
2107609293,449048697,628.62,2131106863.7058823,28207946.169241663
2122310241,438751237,605.24,2131063953.3512194,28145735.840490177
2123926806,460089068,575.43,2131029307.0048544,28081719.60294
2138891049,441961556,610.9,2131067286.4347825,28019110.23403041
2121752184,428270924,586.38,2131022502.2884614,27959100.915612575
2145470466,522495615,581.01,2131091631.3014355,27909945.7736917
2151180766,470785792,583.35,2131187293.847619,27877739.184744753
2141143111,476601636,630.66,2131234477.8151658,27820003.74541078
2141146004,475045618,622.17,2131281230.29717,27762620.395034146
2131017726,474478371,577.38,2131279993.1877935,27697379.1104862
2132925910,461685159,630.37,2131287684.3878505,27632817.82014022
2112986893,454976648,637.65,2131202564.427907,27596587.422035336
2223441018,458821821,638.68,2131629594.3055556,28235652.35215392
2148267323,471444847,582.16,2131706265.8663595,28193046.185303863
2116157196,440119427,607.19,2131634939.857798,28147925.817506198
2131533094,445554252,616.01,2131634474.8082192,28083588.456628744
2125489650,469107830,575.98,2131606543.7863636,28022738.026659258
2111009447,431248808,572.88,2131513344.2533937,27993419.313032787
2096610604,441668614,602.8,2131356124.7027028,28027920.51250302
2123145591,445501588,617.42,2131319306.1659193,27970387.24250176
2133694884,474545048,578.06,2131329911.424107,27908332.858034596
2108841144,459440803,626.97,2131229961.3466666,27886397.0438107
2127307136,444545219,603.97,2131212603.7123895,27825851.209210534
2108189083,445358560,611.52,2131111178.5110133,27806329.44835547
2141200565,470568150,580.08,2131155430.2061403,27753293.11698554
2141556112,475536523,644.91,2131200848.0305676,27701120.480888613
2135757793,463681339,649.18,2131220660.8347826,27642461.10306623
2129143605,464687770,576.92,2131211669.2510822,27582901.122170165
2136055395,467176472,578.7,2131232547.3793104,27525220.165587623
2175683126,445153456,608.06,2131423322.3948498,27619372.65294564
2123571073,449390397,604.59,2131389765.7735043,27565053.210119385
2130666007,469074754,577.09,2131386685.9489362,27506381.98141483
2112552694,449367807,617.09,2131306880.8983052,27475294.209364954
2220662820,461140723,645.7,2131683910.177215,28022388.346922096
2113181866,443909507,617.68,2131606170.4957983,27989054.300353028
2117657189,458792703,573.7,2131547806.5564854,27944947.687223095
2102906725,446144908,628.84,2131428468.7166667,27947629.430230238
2141719101,450219841,618.08,2131471168.4356847,27897430.352846786
2142725144,471485619,580.68,2131517672.466942,27849090.382427696
2135242940,465423937,578.5,2131533002.7860081,27792751.861003757
2103333790,437573916,596.26,2131417432.2418032,27794189.53999371
2114766418,453510512,615.53,2131349468.9183674,27757717.502336185
2123278343,471733830,575.18,2131316659.4634147,27706001.822161496
2120321100,475197091,659.71,2131272143.02834,27658674.133354645
2101999457,455514355,631.05,2131154108.0040324,27665119.523394387
2138987893,449898062,621.52,2131185568.9879518,27613956.195371654
2126223927,461864487,576.07,2131165722.42,27560452.320879493
2096701593,435234502,604.55,2131028415.131474,27591042.852902368
2119476167,477101964,661.66,2130982572.8769841,27545820.5519038
2093750439,449396893,616.59,2130835410.29249,27590408.666348852
2131214050,470879982,577.34,2130836901.0,27536053.485031426
2104792053,466983380,641.74,2130734764.3411765,27530173.914704524
2106964817,468404840,651.18,2130641912.984375,27516328.578957506
2132943572,473007603,577.99,2130650868.8560312,27463116.522637345
2110305262,423977804,573.4,2130572009.9147286,27438980.289976828
2117240645,441429811,604.89,2130520537.4633205,27398435.12467046
2106751053,449764315,619.0,2130429116.3692307,27385246.266859256
2134506396,468672423,578.26,2130444738.130268,27333894.4377505
2138477391,446575779,620.71,2130475397.110687,27286176.571759734
2146676515,456286590,635.99,2130536998.3193917,27252499.196211763
2152736199,460985271,624.67,2130621086.2007575,27234997.204375576
2130187746,467779941,577.14,2130619450.954717,27183574.832164556
2095579834,458223352,633.3,2130487723.0714285,27217036.718344495
2099562600,430804220,589.08,2130371898.6404495,27231620.38225673
2134307666,473892481,578.45,2130386584.3395522,27181826.893301472
2094486213,431618889,582.48,2130253125.7100372,27219082.56656705
2129933837,446193867,614.67,2130251943.1592593,27168637.022524096
2105747502,442948565,612.64,2130161520.8671587,27159135.929160245
2137906825,479824184,579.25,2130189996.25,27113217.63912413
2098837483,453335970,620.55,2130075151.8791208,27129711.93830205
2108120213,428585336,584.56,2129995024.3649635,27112503.298266552
2124263295,443489711,616.05,2129974181.7127273,27065361.967857424
2110784262,459021547,571.98,2129904653.018116,27040878.799351633
2144487889,452617683,616.99,2129957300.0794225,27006191.418059856
2111415029,436520151,601.66,2129890601.26259,26980421.95321251
2158444501,487407777,584.75,2129992944.9892473,26986031.4189484
2111670014,451072976,625.22,2129927505.95,26959965.992039792
2137769963,437455927,589.95,2129955415.049822,26916003.50916472
2105907930,446254272,604.5,2129870140.2801418,26906236.63577435
2127298363,465581081,576.5,2129861052.7279153,26859090.582568336
2104591259,440137829,613.47,2129772074.580986,26853512.070953175
2094220904,439521252,601.19,2129647333.631579,26888659.73952971
2117903816,468021862,648.56,2129606272.3811188,26850559.919184506
2142852344,470669655,580.52,2129652425.9407666,26815103.23167975
2095935328,453140283,627.19,2129535352.6840277,26841883.784148708
2209162063,475023682,669.67,2129810877.633218,27200311.07813492
2130008148,470038892,576.91,2129811557.8758621,27153375.954164542
2102323320,445388590,613.86,2129717096.5773196,27154369.453554183
2093782764,438389469,605.33,2129594033.7945206,27188997.962579116
2125824285,445539563,612.82,2129581167.7576792,27143451.097687203
2130365589,475768412,577.21,2129583835.857143,27097287.932488866
2109015288,436078274,608.88,2129514111.9661016,27077725.973596364
2108856680,436997056,607.26,2129444323.3445945,27058510.475710254
2108440871,466577164,655.48,2129373604.6498315,27040305.647605896
2130032634,464651847,577.09,2129375816.1577182,26994924.7857723
2152585716,464058639,648.96,2129453441.2408028,26983039.08674943
2105029584,457741796,647.85,2129372028.3833334,26974788.939258814
2130749063,462677080,577.24,2129376603.2491693,26930059.618007123
2095870755,451652918,626.64,2129265656.7317882,26954252.753297806
2113361317,461741732,626.82,2129213167.1617162,26925192.733982984
2094350507,455912572,634.35,2129098487.3585527,26954890.81259014
2129837815,470132607,577.7,2129100911.3836067,26910699.376458287
2101754849,455800954,640.23,2129011545.1666667,26911985.223769877
2115433541,449517213,635.65,2128967317.1400652,26879255.649196915
2114669534,463735808,645.87,2128920895.7662337,26847908.5043733
2147897368,466801929,581.89,2128982308.2977347,26826089.795087352
2100553336,455769626,635.75,2128890601.935484,26831257.608205657
2101652194,451940196,627.45,2128803018.6302252,26832433.73453776
2132592397,469778443,577.7,2128815164.0737178,26790254.75213855
2092093934,442930685,624.39,2128697843.8498402,26827580.968633775
2094749009,461963361,649.98,2128589726.5414014,26853040.216672547
2092062846,442406333,616.73,2128473768.1904762,26889008.129718367
2134701378,471804765,578.28,2128493475.8164556,26848706.992506623
2107365862,444684458,615.87,2128426827.192429,26832494.61159366
2129218235,446689118,624.97,2128429315.8962264,26790308.57820313
2123792685,434521865,586.07,2128414781.0031347,26749540.322105125
2157749017,485327642,584.63,2128506450.490625,26757849.363653615
2109237602,448127090,611.79,2128446422.9252336,26737709.068584707
2131688244,451214662,620.29,2128456490.6925466,26696767.981263585
2140530910,470982128,579.9,2128493872.7956657,26663848.83938488
2137062559,456090354,609.82,2128520319.3580246,26626911.654158216
2095439215,443981521,612.96,2128418531.3446155,26648973.867321037
2112097397,438686708,602.66,2128368466.5153375,26623372.957594294
2130658776,481103192,577.35,2128375470.5198777,26582934.067341745
2117180473,425196185,575.55,2128341339.429878,26549555.328976087
2116389593,449368675,617.19,2128305011.9331307,26517338.78968847
2116213045,448722804,618.59,2128268369.6090908,26485471.029775914
2144018858,481451440,580.87,2128315954.1661632,26459556.230926976
2097246472,441964691,602.73,2128222371.3885543,26474481.435071543
2125074573,471574014,644.86,2128212918.5405405,26435261.19141417
2171450090,483867405,588.4,2128342371.1497006,26501153.869307086
2127624024,461604142,596.27,2128340226.8298507,26461599.365108047
2109499915,471524211,606.81,2128284154.4732144,26442116.795497965
2147377104,466919981,599.14,2128340810.1097922,26423272.30744277
2146220168,486982507,581.55,2128393707.618343,26402019.73144631
2104788803,438888452,602.45,2128324076.6312685,26394112.723114707
2115559514,455448116,631.83,2128286533.8,26364332.47025181
2121685738,441435482,603.02,2128267176.627566,26328066.253718324
2139790005,475741328,579.61,2128300869.1081872,26296907.91409793
2097843447,430124367,578.75,2128212071.9591837,26309844.134636313
2104353271,449806763,610.01,2128142714.9796512,26302958.580838107
2125459160,476429734,575.87,2128134936.5594203,26265206.905092698
2116318768,428442204,581.06,2128100785.783237,26234893.570006207
2100630088,433606644,602.71,2128021619.5072045,26238419.163085103
2111947997,428001837,585.46,2127975430.9367816,26214816.54536791
2117508108,462875902,573.64,2127945438.6074498,26183211.115901012
2105662739,435341420,593.56,2127881773.7514286,26172817.41761525
2122158035,458701503,642.37,2127865466.8034189,26137288.09144665
2178598526,474080359,662.08,2128009594.8125,26239442.09434693
2142598462,473662736,581.86,2128050923.0481586,26213719.63377244
2119872713,460834987,629.65,2128027820.759887,26180266.83010735
2110741080,452511441,621.82,2127979125.715493,26159416.211458888
2124978720,464574964,575.69,2127970697.6095505,26123132.276275083
2114210721,424188593,573.34,2127932154.257703,26096654.475772012
2129021045,434530087,591.06,2127935195.8519554,26060244.513264243
2118674194,434962434,598.9,2127909399.189415,26028500.47297806
2135277682,476671072,578.47,2127929866.6416667,25995217.467117503
2116948584,442788115,598.03,2127899447.5761774,25965603.379376322
2146531205,441393903,603.95,2127950916.519337,25948148.31610505
2123299388,434690478,584.67,2127938102.3911846,25913529.353311047
2135249797,478832728,578.41,2127958189.4642856,25880739.173161358
2120578328,439406458,600.23,2127937970.6657534,25848140.360634193
2117699213,446475660,598.28,2127909995.918033,25818336.939489413
2142187421,471407030,580.31,2127948898.9836512,25793877.80903434
2109597379,424831659,572.51,2127899030.722826,25776517.56845769
2103600899,441985004,614.97,2127833182.1273713,25772541.581193402
2119366350,437222523,595.56,2127810298.7972972,25741443.733661756
2154014311,486861953,583.58,2127880929.5579515,25742604.825019825
2121528175,442291453,630.27,2127863852.2607527,25710085.51119144
2121413991,448736095,601.58,2127846560.4075067,25677764.45285604
2114152162,443928152,611.89,2127809944.368984,25653161.9828503
2148146707,476079245,581.89,2127864175.736,25640393.45504341
2170468379,469733492,653.35,2127977484.787234,25700114.707731377
2129662887,445422111,609.84,2127981955.3501327,25666153.435941
2160566709,480902765,585.31,2128068158.4021163,25686770.481850114
2108906196,427765472,571.59,2128017599.1345646,25671686.979621556
2113423996,468596239,650.09,2127979194.9157894,25648785.34050302
2129498859,439435046,596.97,2127983183.535433,25615221.407050945
2141860808,475496031,580.31,2128019512.395288,25591497.87278986
2110070288,459453650,648.73,2127972647.5796344,25574474.927691583
2129165754,430278741,586.03,2127975754.6276042,25541225.502936937
2104053825,449321909,635.92,2127913619.7454545,25537076.951610852
2146686695,471428018,581.68,2127962254.6554403,25521823.463094126
2116456446,432964852,595.48,2127932523.8837209,25495520.308165718
2118867250,428040457,590.01,2127909159.7757733,25466792.07619291
2137129187,464588293,578.95,2127932861.6452441,25438321.99316785
2130910599,471169926,577.43,2127940496.8692307,25406134.128631637
2124510988,443643305,604.06,2127931725.746803,25374215.89791174
2118229153,430215739,578.79,2127906974.2857144,25346555.90090028
2138178644,470598685,579.38,2127933110.8498728,25319576.4498766
2127285284,447343505,615.43,2127931466.6192894,25287445.601724084
2092066638,440996626,612.08,2127840669.58481,25319640.753021233
2102791230,447019450,631.14,2127777413.4242425,25318883.039698027
2141711104,474042201,580.24,2127812510.881612,25296618.719182253
2145839544,452455296,628.39,2127857804.9346733,25280932.49838872
2124341102,447757797,621.89,2127848991.142857,25249844.50203003
2140462738,484296301,582.98,2127880525.51,25226127.98006035
2170819894,485553743,588.12,2127987606.2294264,25285512.028425694
2125866969,449979263,632.15,2127982331.0124378,25254263.73783055
2186898821,454763265,625.01,2128128525.776675,25392659.788144626
2145130617,469956622,581.06,2128170610.160891,25375281.569103513
2131429648,449505586,615.12,2128178657.1679013,25344450.808391977
2124306033,456373670,638.74,2128169118.684729,25313947.01754539
2136709477,452832649,632.92,2128190102.3660934,25286364.79044915
2134298823,471681468,578.27,2128205074.7205882,25257163.82758663
2095613040,457851074,628.46,2128125387.594132,25277567.58457146
2098148383,450332443,620.82,2128052272.9487805,25289986.30762494
2119635397,437796978,598.1,2128031793.9318736,25262604.643745925
2147628901,483149226,582.23,2128079359.7257283,25250347.634597145
2124988279,437679230,600.91,2128071875.2687652,25220217.234137215
2108103133,433279080,597.47,2128023641.5917873,25208804.443179194
2133122014,465940672,578.43,2128035926.8265061,25179654.86086771
2119577720,461043191,634.92,2128015594.5985577,25152783.24832985
2149834351,469369555,635.18,2128067917.7553957,25145262.324473992
2134998851,456329971,643.54,2128084498.9354067,25117448.592850998
2155252866,481437080,584.06,2128149339.9069211,25122459.030376665
2128817977,466079555,644.2,2128150931.9,25092554.677927323
2148680675,455650471,645.17,2128199696.135392,25082652.698217735
2139527997,454962402,641.45,2128226540.450237,25058970.338407237
2142984172,486117294,580.55,2128261428.468085,25039591.08449886
2121585392,430429684,579.23,2128245683.0990567,25012142.278492328
2193631802,449576861,617.53,2128399532.7905881,25182756.178976275
2173285826,471411120,588.88,2128504899.6760564,25246801.1972919
2131997073,469308621,658.08,2128513078.0679157,25217785.823724493
2127629694,456171325,629.12,2128511014.0864487,25188344.674021274
2172289154,473900814,652.77,2128613061.032634,25247392.114553656
2163172890,482412956,585.96,2128693432.727907,25272902.163974077
2127384470,452375549,612.24,2128690395.6914153,25243644.78326286
2116353558,443213671,614.67,2128661838.1967592,25221379.8054092
2145744872,465390339,653.27,2128701290.930716,25205581.137353677
2132579280,474725804,577.72,2128710226.389401,25177212.280753076
2090982138,466695134,642.37,2128623495.151724,25213081.45969652
2153858822,463446951,660.22,2128681374.3417432,25213066.069952827
2203507506,486639399,598.91,2128852601.187643,25436724.168564137
2140513971,480681146,677.43,2128879225.3196347,25413765.38381973
2136632696,458006418,628.48,2128896886.9840546,25387494.798865933
2119531329,453505278,638.62,2128875601.625,25362550.326416373
2142678567,467728842,580.51,2128906900.866213,25342284.124854602
2128235431,461562062,643.79,2128905381.70362,25313620.25257658
2100524329,448854096,614.54,2128841316.1218963,25320881.895854365
2119441362,443934414,609.24,2128820145.054054,25296276.285774667
2147895578,472950946,581.85,2128863011.1955056,25283976.457771175
2107654569,451855147,625.18,2128815458.634529,25275528.836831126
2117033611,438803982,599.72,2128789101.033557,25253376.102830667
2159815325,481031638,585.01,2128858355.997768,25267635.76594339
2098447648,468617535,646.27,2128790626.1358573,25280162.13693227
2120396935,442010636,611.57,2128771973.488889,25255150.402771305
2114548326,446184535,621.38,2128740435.4678493,25236005.469703063
2146214296,482234330,581.4,2128779094.4513273,25221439.805172976
2116069419,433063650,589.66,2128751037.7726269,25200646.604286034
2124740098,449065016,620.69,2128742203.1035242,25173579.567595292
2110215660,436702914,585.82,2128701485.4263737,25160863.277056973
2128578399,477084718,576.68,2128701215.5,25133260.128723133
2127152855,443435354,598.58,2128697827.4026258,25105851.222259346
2140556528,475319067,606.28,2128723719.7620087,25084535.79045154
2173297674,564869402,588.75,2128820830.7734206,25143234.617250573
2110132679,474464486,595.48,2128780204.3565218,25130967.349561445
2129727488,449139927,603.18,2128782259.2017353,25103734.223054603
2110913616,442956785,618.9,2128743582.4848485,25090297.18268634
2140170259,478632654,579.78,2128768262.1317494,25068800.311095897
2122131911,444817587,615.88,2128753959.650862,25043662.950438123
2107661312,445034267,618.25,2128708599.1182795,25035794.076999772
2122958745,430708055,593.52,2128696260.3755364,25010332.539968554
2135986668,481272236,578.68,2128711871.5267665,24985813.283681486
2109770252,437237344,594.71,2128671397.9807692,24974425.058598462
2089124425,443716073,618.69,2128587076.076759,25014387.368619014
2138420080,473196871,579.36,2128607997.3617022,24991869.449052766
2102789269,427833605,587.68,2128553180.5286624,24993593.85250731
2109382643,442892173,617.3,2128512564.9830508,24982658.62295163
2090008001,446179330,624.3,2128431159.985201,25018823.882643647
2118323059,471950959,573.76,2128409834.8776371,24996721.750287157
2107945918,452847761,615.99,2128366752.9473684,24988005.579299808
2108269952,473688880,665.87,2128324532.7773108,24978698.225643888
2093548589,449566822,618.73,2128251627.2348008,25003147.167495877
2124923695,470047340,575.9,2128244665.0334728,24977442.40186211
2097932327,448841170,632.01,2128181382.4906054,24989686.23276422
2104515627,441103473,600.24,2128132078.8333333,24986952.320260823
2127901318,467990922,576.54,2128131599.0810812,24960967.056330375
2101814224,446201842,620.81,2128076998.7178423,24963797.764525905
2105726427,447527605,610.63,2128030724.2422361,24958627.11684177
2122961529,441143477,603.75,2128020250.698347,24933892.566320337
2146523521,476600389,582.26,2128058401.7711341,24922311.470073383
2147126502,438443593,612.18,2128097636.5452676,24911647.3611723
2134130982,449591628,603.52,2128110025.3449693,24887556.211902916
2190934251,466431474,626.21,2128238763.512295,25023838.906638198
2128719098,462033987,576.73,2128239745.7914112,24998248.482553054
2114835597,456926255,640.22,2128212390.3857143,24980052.50837919
2103433250,443554876,601.82,2128161923.7046843,24979593.98165441
2131963075,465597534,577.7,2128169649.621951,24954782.52583423
2095295660,440759068,604.12,2128102968.10142,24973298.649260316
2103337096,445482751,595.32,2128052834.757085,24972830.17607601
2119539183,454123856,623.26,2128035635.460606,24950520.970126916
2127701132,470395012,576.51,2128034961.0584676,24925361.061380994
2091507188,431909023,597.17,2127961464.5331993,24954014.489923194
2091888851,440893836,611.68,2127889029.566265,24981194.99943528
2231178735,462000025,656.42,2128096022.9639277,25380049.703543775
2148724867,468841597,582.21,2128137280.652,25371401.721705247
2089081130,434334785,591.03,2128059324.263473,25405939.82166961
2116992442,449286125,617.78,2128037278.681275,25385418.799825106
2111079591,467649261,571.85,2128003565.5844932,25371418.86400339
2098171913,430653460,593.05,2127944375.797619,25380975.566584855
2101557462,439093244,602.63,2127892124.4831684,25382953.13622467
2088559052,434236204,585.01,2127814391.13834,25417955.264271297
2115441011,469854526,572.91,2127789986.0493097,25398809.48031347
2113870546,453517130,617.54,2127762585.5767717,25381298.04630488
2093122201,445242377,614.48,2127694529.811395,25402706.504147217
2109086483,431649306,598.44,2127658043.445098,25391136.589008782
2129953671,468745658,576.88,2127662535.8669276,25366482.74750894
2123145927,434729678,591.57,2127653714.3652344,25342483.25745302
2107766072,445378542,602.23,2127614947.031189,25332962.972322274
2121136304,469269719,574.72,2127602342.6673152,25309918.11267413
2116362278,426705057,574.44,2127580517.299029,25290174.558530785
2093631510,444745362,608.32,2127514724.6492248,25309734.777274866
2102856843,449218095,634.12,2127467030.4874275,25308445.205203086
2130922791,468559031,577.29,2127473701.8397684,25284459.43102384
2089941940,439436692,602.63,2127401386.3063583,25313652.228782535
2145831735,451467657,607.29,2127436829.2846153,25302187.42065708
2125095483,470606883,644.82,2127432335.337812,25278101.152027763
2144372651,475381626,580.88,2127464788.0498085,25264738.26598055
2108608618,449285227,621.78,2127428734.1873806,25254010.87458657
2116382680,446448366,609.02,2127407653.9312978,25234507.43772025
2154347170,472111065,583.71,2127458967.295238,25237812.40070758
2125351430,426752851,576.07,2127454960.5703423,25213977.807038553
2113037123,452288030,613.84,2127427602.2447817,25197857.639779337
2122596640,426713951,575.26,2127418452.6950758,25174860.958228026
2123039209,468504072,575.33,2127410174.3516068,25151774.26817766
2098653748,429379548,580.75,2127355916.9433963,25159003.30022985
2093990210,436091467,583.61,2127293081.3370998,25176894.348120682
2137421633,457069535,631.1,2127312119.968045,25157046.409436334
2132575508,469520687,577.74,2127321994.9924953,25134467.89081293
2107534549,431882890,599.81,2127284939.8501873,25125490.905168407
2094284267,441305271,603.21,2127223256.3495326,25142436.30876503
2109437092,466699921,571.39,2127190073.2070897,25130695.049049765
2113601283,428486185,572.98,2127164768.197393,25114119.208020385
2142743262,474400205,616.8,2127193724.5055761,25099739.05593938
2120952815,445496967,625.35,2127182145.8237476,25077882.739521038
2151038604,471850267,582.85,2127226324.45,25075636.910966538
2107711291,445012040,610.33,2127190252.2994454,25066470.5422596
2125069809,449780190,622.07,2127186340.0424354,25043501.13716654
2131097439,457704349,626.13,2127193542.8029466,25020992.10724313
2131668238,467664501,577.52,2127201768.3455882,24998719.124723677
2111118792,445855668,613.52,2127172258.2972476,24985256.151597634
2118968827,435994761,592.9,2127157233.6978023,24964829.533127677
2154931027,477650908,583.75,2127208008.4570384,24970201.43733816
2136296730,473164103,578.66,2127224593.7153285,24950423.439742804
2152568970,442569777,601.66,2127270758.3351548,24951103.97003046
2102434410,430250818,588.41,2127225601.3381817,24950854.93897567
2156255322,473251348,584.19,2127278286.8566244,24958805.78625281
2118853958,446296294,607.7,2127263025.3913043,24938761.053331677
2119857071,434601507,599.15,2127249633.068716,24918188.893454064
2123757130,443016589,609.0,2127243328.9115524,24896130.784189742
2146412712,473844651,581.43,2127277868.3405406,24886973.432276484
2113464978,453376311,627.58,2127253025.01259,24871470.164753087
2114412154,467844864,655.52,2127229971.384201,24855078.97388582
2158328848,480998770,584.58,2127285704.1379929,24867608.391724076
2142541545,473625076,580.5,2127312995.4454384,24853717.96419432
2147684313,438642028,608.95,2127349372.7982142,24846407.772414666
2127078996,426991213,576.48,2127348890.8431373,24824255.76668464
2146573675,474516123,581.43,2127383098.644128,24815390.845060583
2145217609,435325805,588.05,2127414776.2824156,24804712.954394497
2224648980,438454735,613.05,2127587177.3528368,25118049.933412913
2143851802,444066867,610.39,2127615964.299115,25105121.915516835
2133147623,468905016,577.98,2127625737.5477033,25084010.18491907
2181343728,458261612,637.38,2127720478.271605,25163031.59264373
2130366642,435925634,594.13,2127725137.0105634,25141116.020073153
2130075357,440877414,596.85,2127729267.449912,25119206.82439365
2128241168,473189796,576.57,2127730165.5210526,25097171.902545087
2119805636,427330157,582.57,2127716287.1856391,25077374.818518486
2117118186,449052935,615.47,2127697759.0367134,25059355.864646133
2177498583,481860288,590.04,2127784671.469459,25123617.12341056
2118087034,437977090,599.13,2127767776.630662,25104980.52401745
2123232253,450413646,632.33,2127759888.7634783,25083852.496598195
2215878819,438357890,612.27,2127912873.0173612,25329127.505114272
2127204761,470782552,576.26,2127911645.7868285,25307186.142548487
2109425493,438145231,593.65,2127879662.8235295,25296953.13979162
2133493888,440890102,609.3,2127889359.2400692,25276173.340883385
2213956037,449216273,628.44,2128037750.0637932,25505546.42373545
2153310327,484552705,583.42,2128081248.475043,25505110.178947285
2107377544,449063043,620.54,2128045675.0996563,25497610.957521036
2172013968,458716435,611.74,2128121092.4116638,25540620.677363105
2181220550,518644237,590.72,2128212016.140411,25613005.410903573
2136487160,477788072,614.42,2128226161.68547,25593387.631537113
2126530091,499106480,652.41,2128223267.3668942,25571636.766865708
2119690020,435945375,605.9,2128208730.318569,25552269.172069617
2154077121,479066831,583.69,2128252724.180272,25552772.241778463
2121040224,441665416,594.21,2128240478.8488965,25532798.02121676
2196563493,447718869,614.24,2128356280.5677967,25665489.11832373
2177009459,458403624,623.57,2128438604.0507615,25721611.005131856
2159339690,485704503,585.05,2128490801.8310812,25731186.262387317
2105940505,439252429,610.98,2128452774.3490725,25726125.154351324
2114402743,443398787,632.02,2128429121.0976431,25710913.773486644
2131445854,475274169,577.35,2128434191.2369747,25689596.072868258
2118139052,449757300,620.4,2128416917.5134227,25671493.44636079
2116186765,444322109,621.93,2128396431.4958124,25654859.34033942
2117236955,428975495,594.79,2128377770.1638796,25637454.797039576
2137742365,480022443,579.16,2128393403.8781302,25618898.365976475
2179517740,477016022,654.83,2128478611.105,25682347.560118943
2126696645,448468203,623.09,2128475646.1031613,25661075.09646367
2110208758,465839669,651.36,2128445302.435216,25650541.90964214
2141770782,475859033,580.2,2128467401.074627,25634998.706524722
2105108090,442271193,625.36,2128428726.718543,25631368.815842208
2110537880,445688445,624.7,2128399155.0710745,25620487.08991187
2152000402,470322264,583.03,2128438101.0231023,25617256.512116663
2108283730,438562163,590.44,2128404897.7759473,25609193.519886475
2098288879,434932762,598.05,2128355364.850329,25617209.15086613
2178713760,456970510,648.6,2128438055.1543515,25677249.57827025
2145759569,470408836,581.4,2128466451.0786886,25665762.12847141
2120328675,443703208,605.05,2128453132.2962356,25646860.109428547
2121023839,457785392,632.22,2128440992.9281046,25627654.973690238
2111409519,441644805,604.37,2128413209.1207178,25615965.975077994
2135008014,463541164,578.42,2128423949.8452768,25596478.99834149
2125593181,441170267,612.92,2128419346.9691057,25575914.699159008
2127440898,447285269,609.87,2128417758.577922,25555176.954677947
2169265824,488387134,587.58,2128483962.897893,25587273.184626162
2236014055,449433290,629.48,2128657959.8106797,25929303.484856877
2112275084,460724635,646.51,2128631493.1292408,25916703.609121732
2134779406,449190050,625.4,2128641409.1177418,25896969.75800542
2158340101,479908082,584.79,2128689233.0982287,25903496.06876613
2143136805,453025932,620.6,2128712460.705788,25889136.481408138
2116572484,446640830,618.1,2128692974.386838,25872915.04625771
2167856879,452201642,610.34,2128755737.0544872,25899595.675697967
2137414383,468728969,579.1,2128769590.888,25881181.52607106
2135478404,437830168,588.1,2128780307.8418531,25861889.248876195
2129686071,457351424,634.89,2128781752.4401913,25841282.78002415
2155442734,472117570,583.96,2128824206.232484,25842573.829284426
2130870932,441916271,601.12,2128827460.1685214,25822151.82419165
2221608115,448361802,632.07,2128974731.0492063,26064676.06396647
2124915317,445332854,617.74,2128968297.7464342,26044514.978946067
2182295262,485652715,591.21,2129052675.8544304,26110074.36142034
2172727336,461119387,632.48,2129121672.1579778,26147038.469073962
2159092730,448684114,617.02,2129168945.1198738,26153467.58175496
2175078818,456641455,621.4,2129241244.1322834,26196196.411471877
2127963092,470049590,576.42,2129239234.4591196,26175642.804642588
2128841057,441229019,590.15,2129238609.3767662,26155093.454822935
2113488194,439797502,610.8,2129213922.2053292,26142014.03301131
2138542833,472560391,579.43,2129228521.4397497,26124153.35063287
2126732995,428041036,592.6,2129224622.1796875,26103921.970568623
2214342744,438010860,604.21,2129357411.7613103,26298989.70374555
2147755142,453999076,639.13,2129386068.6619937,26288513.540471885
2133465036,478760905,578.1,2129392412.3125973,26268555.265379567
2160430548,450832343,637.74,2129440608.1754658,26276588.374486066
2163031610,450378283,629.95,2129492687.2480621,26289452.131519094
2117526010,430392527,586.99,2129474162.9798763,26273308.799813632
2150347230,472300881,582.62,2129506424.2890263,26265799.115417354
2121131132,453103625,625.68,2129493499.455247,26247583.449131764
2131717426,438298549,600.67,2129496926.1525424,26227499.152429365
2161225963,485165797,585.64,2129545740.0553846,26236803.68411749
2107515561,440807060,607.45,2129511899.534562,26230837.4117317
2118172617,465057559,630.11,2129494507.9969325,26214469.94553747
2115495872,445015952,608.77,2129473070.575804,26200108.747004867
2146564854,465175700,581.54,2129499204.8012233,26188586.917174507
2133551083,436880489,592.0,2129505390.8748093,26169066.175837345
2122075035,448227723,628.83,2129494064.112805,26150719.399821825
2212351105,481199535,652.7,2129620178.3302891,26329694.03954132
2156247722,485111757,584.12,2129660645.7218845,26330118.157292742
2159724964,451828975,599.0,2129706266.842185,26336146.22460449
2119341021,434299078,593.88,2129690561.9242425,26319275.04280858
2145078392,467813921,581.06,2129713841.546142,26306158.131730616
2110580521,425146564,573.23,2129684939.2492447,26296782.672378805
2110685375,430708928,579.48,2129656282.2895927,26287286.08428397
2111450071,429895852,590.54,2129628863.2966866,26276970.12518606
2115434667,470215891,572.96,2129607518.6406014,26262965.542359922
2112027026,449811335,615.97,2129581121.5045044,26252068.22781719
2126366603,452865681,611.8,2129576302.1364317,26232676.473249115
2111434455,425602482,585.88,2129549143.6826348,26222416.216905605
2138648494,475204354,579.44,2129562745.103139,26205168.689861115
2123386746,429916002,581.18,2129553527.1940298,26186690.690147914
2178107354,457038401,633.19,2129625887.5916543,26234117.788634717
2153274804,472085248,583.46,2129661079.4315476,26230436.450041365
2193573691,429927624,595.83,2129756046.1649332,26326298.793625448
2100962830,434751029,583.64,2129713326.259644,26330095.460007112
2276140390,465304958,641.66,2129930255.242963,26906580.428076074
2128391968,473211993,576.59,2129927979.6701183,26886736.746437043
2114313170,439117713,598.82,2129904914.958641,26873563.921826825
2098303698,428304919,589.9,2129858305.4941003,26881108.7295985
2107378974,449444019,616.46,2129825198.9675994,26875135.717323393
2142829767,478820236,580.61,2129844323.3323529,26859990.54592485
2109996960,426735948,579.15,2129815178.8928046,26851019.93806393
2126353456,429855918,587.72,2129810103.0527859,26831654.17332571
2152530868,475905062,583.25,2129843369.1800878,26826075.17694546
2182906466,435063683,594.64,2129920946.8070176,26883018.756237913
2144057938,434185276,583.35,2129941584.750365,26868810.883099586
2129523220,446566440,601.29,2129940974.8892128,26849224.80408505
2113212786,468949359,572.53,2129916625.2692869,26837255.58960143
2150266913,446263804,612.71,2129946204.175872,26828948.80448196
2106344521,427921610,576.33,2129911949.1930335,26824524.30572799
2119317440,441152574,604.83,2129896594.8318841,26808108.9767284
2144777183,472554625,581.11,2129918129.691751,26794675.67095787
2105744534,431327215,585.47,2129883196.75,26791050.223912146
2116394077,430608046,584.73,2129863731.9307358,26776609.704110965
2122683903,474334460,575.19,2129853386.3559077,26758697.22993565
2401444792,538889010,650.37,2130244165.3568347,28652698.501797758
2127700988,430310139,587.11,2130240511.3663793,28632269.312526543
2103137358,437083452,615.19,2130201625.9239597,28630107.553950425
2123092048,460753549,575.16,2130191440.282235,28610855.271864526
2116047482,436305142,593.15,2130171205.72103,28595379.91164509
2106572384,435872923,597.3,2130137493.1185715,28588844.968937382
2099257015,449138038,621.63,2130093441.0813124,28592210.945207715
2120486767,466114734,574.46,2130079756.3603988,28574136.09384358
2115044690,431353772,590.02,2130058369.352774,28559427.98667542
2109692074,434684966,587.46,2130029439.955966,28549442.968186896
2123771700,471046908,575.36,2130020563.729078,28530160.03253974
2126804837,472360098,576.25,2130016008.875354,28510203.88991595
2109798262,456094292,625.66,2129987412.3451202,28500164.45962571
2134696463,440771849,589.64,2129994063.54661,28480579.204588156
2165201312,520343215,586.36,2130043721.1607897,28491141.90528347
2105169000,452918944,573.26,2130008686.3422534,28486349.676964454
2112779269,436229709,596.76,2129984453.6877637,28473632.262473978
2112579037,432389309,582.23,2129960007.877809,28461095.121086948
2152710448,484723935,583.08,2129991915.9284713,28453870.511544194
2102290396,443960322,613.69,2129953118.2815125,28452804.259064313
2193991404,458854998,651.91,2130042682.3174825,28533442.15425101
2109405248,424259216,576.6,2130013859.0851955,28523923.936298188
2113581380,467821611,572.41,2129990940.7043235,28510622.045063388
2114559840,438652102,600.58,2129969448.9206128,28496572.40015994
2112285461,445097164,603.58,2129944853.666203,28484373.847886287
2125293218,463319380,575.93,2129938393.0611112,28465113.31224667
2094489487,447713476,613.12,2129889226.7558947,28475943.290780194
2094082527,451943457,618.69,2129839632.9889197,28487358.14873273
2097447315,440878675,593.51,2129794830.3360996,28493093.57106366
2129220749,469528003,576.75,2129794037.4060774,28473417.203316007
2103719178,436371203,611.99,2129758072.0827587,28470225.30002493
2093124877,438623694,610.88,2129707613.1363637,28483033.366636187
2169479995,438873014,599.57,2129762320.6767538,28501580.889073547
2124019315,464950643,575.41,2129754431.9326923,28482793.125714224
2111542403,443076775,594.92,2129729449.7256515,28471231.168768425
2100986432,449001638,617.35,2129690075.7287672,28471578.02811357
2133503820,466037554,577.97,2129695292.8891928,28452446.13571832
2125661668,448446201,616.44,2129689782.4726777,28433395.09137917
2117394729,445335811,624.39,2129673008.866303,28417617.13180519
2103888395,460427426,653.76,2129637879.9645777,28414174.196699966
2120864206,463264058,574.52,2129625942.9931972,28396679.871070936
2111617274,444244593,605.52,2129601474.6929348,28385134.43987482
2098903223,447080574,617.93,2129559821.705563,28388370.133440048
2091656356,452776756,631.82,2129508461.995935,28403373.517659627
2115240433,465993332,572.96,2129489154.7848444,28388995.229101017
2114492861,458565090,633.95,2129468889.522973,28375155.36237033
2161461900,457422911,626.83,2129512064.9757085,28380315.69563977
2144953120,477510287,581.06,2129532875.022911,28366841.791648544
2121762394,434862173,597.64,2129522416.7711978,28349177.373898588
2132452840,440537527,623.28,2129526355.512097,28330322.535309184
2096927593,457767233,632.14,2129482598.7838926,28336449.149944045
2146083394,470898707,581.46,2129504851.8605897,28323963.841293022
2120116380,465344585,646.7,2129492283.6251674,28307080.524898272
2107525849,465932416,634.92,2129462916.7339573,28299536.86775059
2195813296,443555260,616.45,2129551502.0200267,28384227.360685267
2134958379,472267259,578.42,2129558711.1893334,28365984.397373497
2184934650,462618496,635.84,2129632447.4593875,28418927.473763034
2124489637,426326486,576.82,2129625608.6156914,28400643.99921044
2133807032,465082368,578.01,2129631161.6347942,28382187.91533326
2112904591,437439209,603.36,2129608977.8541114,28369892.324158013
2114373168,461306007,646.17,2129588797.97351,28356512.700672414
2115603976,435049349,585.36,2129570299.5317461,28342310.31968369
2120320433,465681149,574.51,2129558080.4214003,28325576.523149848
2110786808,457957187,622.64,2129533316.2097626,28315084.921034988
2100595864,453773536,631.27,2129495190.4492753,28315888.236702494
2114973629,436234300,588.18,2129476083.131579,28302149.095300905
2138953493,462670459,579.45,2129488537.021025,28285631.35604359
2088548538,440387882,611.87,2129434809.988189,28305894.607811395
2156925468,458887618,641.28,2129470839.6841416,28304818.581060525
2141493062,474835543,580.23,2129486575.5772252,28289627.875672966
2118621587,447399815,611.63,2129472372.9777777,28273857.305632938
2198743548,463691539,622.8,2129562805.3211489,28365887.366929997
2084491613,450328175,632.61,2129504042.3585398,28394006.00351017
2133461222,479651486,577.88,2129509194.936198,28375873.11396075
2118516272,446069945,610.25,2129494899.8478544,28360184.30985066
2181016145,440006912,614.53,2129561810.555844,28402435.71440153
2092707879,464425720,650.42,2129514010.385214,28414985.351103775
2127224838,473664984,576.39,2129511045.1360104,28396695.26543402
2100153390,456077188,625.86,2129473066.2807245,28397934.03212308
2108680901,461841271,644.16,2129446203.0180879,28389409.389361322
2132260608,464824742,577.68,2129449834.508387,28371267.6177383
2107597806,433734172,597.67,2129421674.677835,28363816.796510823
2196371907,461579921,636.9,2129507839.7129986,28447004.193494532
2111416852,437523622,595.61,2129484586.5154243,28436104.44778039
2139590280,475520235,579.75,2129497559.1643133,28420150.467677273
2116949158,431287821,583.89,2129481471.4705129,28405475.694963004
2104659823,441306704,603.99,2129449689.5902689,28401158.294775408
2171350091,446484815,619.1,2129503270.6662405,28422464.695397742
2167328304,482761328,587.16,2129551578.4993615,28436414.883830674
2113579014,455802939,635.58,2129531205.330357,28423991.146785613
2141355894,471188604,653.28,2129546268.6280255,28409012.003122997
2139125692,467923243,579.57,2129558456.1895673,28392987.78141514
2109604215,462229681,645.17,2129533101.3723,28383845.76799725
2125473948,468993373,646.07,2129527950.1624365,28366198.095328964
2125233873,440384384,593.89,2129522507.7325728,28348628.025059536
2219319101,490633650,601.24,2129636174.306329,28510022.625717763
2120730842,446505216,623.21,2129624915.9848294,28493752.567376312
2140596640,453186318,632.46,2129638769.1717172,28478423.730924346
2115794343,461770681,648.19,2129621310.8789408,28464702.50746358
2143413230,472020045,580.7,2129638681.054156,28450977.182906605
2126838416,428881500,584.07,2129635158.7081761,28433251.088559162
2128306305,448405727,622.46,2129633489.2939699,28415424.379621312
2145501861,471970025,581.13,2129653399.421581,28403147.59025137
2137330092,439032427,601.59,2129663019.3370926,28386644.725229137
2160300085,446175128,623.43,2129701363.5994995,28389546.87063221
2114886268,452814789,619.82,2129682844.73,28376626.4631461
2135342340,476230547,578.51,2129689910.2671661,28359611.815488383
2133878061,450880400,623.79,2129695132.4002495,28342311.104171295
2126995703,453193410,635.32,2129691770.7198007,28324817.830548864
2119831086,462542526,640.2,2129679506.186567,28309330.823558897
2162802067,488311315,586.0,2129720652.2248447,28315787.650404558
2099947479,455576558,638.08,2129683712.8039703,28317618.199600287
2129116583,459953392,638.78,2129683010.0408921,28300074.80120496
2153737485,472559111,583.58,2129712780.4306931,28295198.406069383
2112448826,439630848,606.53,2129691440.5611866,28284210.58842575
2124259024,468953071,648.71,2129684733.874074,28267389.463199466
2163098978,460870608,647.93,2129725935.161529,28274282.66246958
2137600367,465923363,579.06,2129735632.7376847,28258216.557324097
2117235226,455172599,636.83,2129720257.0836408,28244230.751245935
2124325108,456886616,643.19,2129713629.1363637,28227509.01525777
2111432879,455898466,637.33,2129691198.768098,28217444.0164529
2127006640,478041634,576.24,2129687908.8676472,28200305.016852207
2118447905,449865192,631.73,2129674151.2129743,28185781.217357457
2145812278,470884629,654.83,2129693879.9743276,28174191.433658812
2146435284,483744591,581.57,2129714321.2490842,28163054.66747486
2116330565,434991097,600.8,2129697999.5951219,28149752.422008343
2112678146,444926299,624.81,2129677268.957369,28138866.167968705
2113193578,436225730,598.77,2129657215.8053527,28127614.22219235
2139573779,472497037,579.68,2129669265.092345,28112643.216750164
2116218929,456817735,620.31,2129652941.868932,28099481.631377105
2105900624,461788187,647.6,2129624151.1806061,28094604.76515766
2104869914,471039166,654.65,2129594182.37046,28090784.904573787
2151252122,463855659,582.85,2129620370.9310763,28083883.96767835
2125385923,452826441,621.32,2129615256.8635266,28067305.287392143
2093192692,457467739,635.78,2129571321.3208685,28078847.39732035
2125644814,475888487,575.94,2129566590.5891566,28062257.899302665
2126648214,471785292,576.0,2129563078.7039711,28045550.686304532
2122359456,464610197,611.23,2129554420.5036058,28029802.57948059
2136100388,480960673,628.17,2129562278.807923,28013889.948108707
2168238220,497004389,587.39,2129608652.8381295,28029064.520383466
2101916053,447479122,618.46,2129575488.0479043,28028644.363298725
2108511028,455004854,625.64,2129550291.3253589,28021336.630131442
2119789458,451621761,633.34,2129538629.6367981,28006622.281955488
2166521158,482581133,586.94,2129582761.5322196,28019012.288862534
2113471635,460304132,647.87,2129563558.7592373,28007826.477718517
2110582570,465632823,653.19,2129540962.3440475,27998801.41254778
2166601704,480995158,586.82,2129585029.8133175,28011282.86882252
2101103872,421713470,569.89,2129551204.2102137,28011825.166892897
2161746037,436194006,622.47,2129589394.9964414,28017131.171015527
2102418962,448497810,610.88,2129557202.5402844,28016124.619707048
2139798819,476284832,579.65,2129569322.7964497,28001756.074377738
2096137005,454101810,619.35,2129529804.6903074,28008768.86367085
2123295888,452412769,620.01,2129522444.6942148,27993048.440754022
2125512369,445290015,611.2,2129517715.831368,27976876.745780285
2151121324,475874437,582.66,2129543161.7773852,27970212.627690658
2101940380,454012428,642.52,2129510687.9164705,27969764.340444647
2104796837,459790370,631.69,2129481646.9635723,27966145.732825715
2128302989,464764551,576.73,2129480263.5622065,27949757.992107112
2120372500,461938299,574.36,2129469586.2309496,27935108.57065878
2117169508,442825980,613.93,2129455183.3290398,27921917.156405453
2102263221,428879524,582.69,2129423379.8643274,27921056.442153018
2121275645,483487666,574.74,2129413861.4824767,27906130.597036216
2117957389,438206103,595.08,2129400493.369895,27892586.864816967
2139623779,449377531,623.06,2129412408.621212,27878509.955562826
2098556381,442185375,593.06,2129376487.750873,27882137.942309536
2149764254,476710322,582.51,2129400194.455814,27874583.61417775
2121902705,441682216,615.37,2129391486.5702672,27859561.965429284
2132224516,445413327,608.14,2129394773.1473317,27843564.445250496
2120100993,462280924,574.44,2129384003.9930475,27829224.118962895
2138638925,469717197,579.39,2129394715.707176,27814894.64361418
2095447442,461679782,636.61,2129355470.3040462,27822736.816887714
2105692577,456415067,639.02,2129328145.9468822,27818278.620236415
2136067718,479272876,578.66,2129335919.3863897,27803172.236761484
2123628193,438382604,608.21,2129329343.6647465,27787826.538487647
2115304641,443491017,616.3,2129313204.7663982,27775903.6064163
2103577546,458317171,633.91,2129283623.5494254,27773628.780866783
2126092554,469594843,576.05,2129279959.8645236,27757891.02140251
2106348487,438356871,597.8,2129253662.303899,27752824.409155108
2113458088,446947041,617.22,2129235568.8625429,27742070.297897168
2132867713,465835097,601.83,2129239724.6338673,27726466.89719789
2130295416,465804341,577.09,2129240931.1382856,27710641.62829243
2142052697,460640092,638.85,2129255556.4417808,27698199.33790778
2101280535,426774674,578.86,2129223657.899658,27698498.192331664
2126627794,469388576,576.07,2129220701.334852,27682858.529452216
2119523043,428667294,591.95,2129209668.731513,27669038.521197125
2117829435,438250676,593.21,2129196736.6477273,27655970.841877226
2102162166,448327601,607.08,2129166050.415437,27655256.39738597
2133338445,466248385,577.98,2129170781.0215418,27639931.02066579
2104916196,431445720,594.68,2129143312.635334,27636318.011034682
2116089475,434578867,593.83,2129128545.8506787,27624167.491307348
2097301798,426577200,584.56,2129092583.4237287,27629253.51086308
2139080044,473132475,579.46,2129103855.952596,27615693.158721894
2113060322,436045119,594.16,2129085768.5411499,27605372.405081023
2146422703,434395495,582.12,2129105292.1159909,27595950.999376684
2133183720,478489499,577.96,2129109879.7739034,27580764.66393794
2230317232,450908911,615.68,2129223595.9,27773005.573989574
2116858107,447985576,613.3,2129209717.6857464,27760503.51910833
2124855533,446601643,607.77,2129204836.3127804,27745320.93505872
2139070592,475305918,579.48,2129215884.1914895,27731744.737011142
2107217354,449823936,619.29,2129191277.334452,27725983.135371115
2101483373,446664977,626.04,2129160318.7821229,27725945.658150688
2120478051,447585105,608.19,2129150628.751116,27711985.57951036
2147818891,483591194,581.81,2129171440.6376812,27703539.434706878
2110719186,436199506,595.7,2129150892.4699333,27694948.518251467
2120326580,439389487,600.68,2129141076.7719688,27681103.886245906
2166250043,487840752,586.96,2129182308.9566667,27693329.780601338
2111492469,453340881,642.17,2129162675.3940067,27684223.942552086
2101293164,420591804,569.5,2129131777.931264,27684412.805962913
2123463085,451812112,636.61,2129125500.3089702,27669721.77067131
2125530532,472322848,575.71,2129121523.574115,27654671.679411646
2124224182,437944821,599.97,2129116112.1469612,27639867.515775703
2114080104,454739708,630.91,2129099516.111479,27629120.7517619
2166308590,440919820,605.3,2129140540.4487321,27641480.915397584
2143266835,481027998,580.62,2129156098.0418503,27630228.553649653
2118090086,452274142,622.44,2129143924.2112212,27617462.609959934
2105634410,434529253,583.04,2129118089.5802197,27613271.713117167
2116529022,473270922,573.5,2129104270.6256862,27601260.244896084
2092999090,445866468,616.63,2129064681.6118422,27611990.67206991
2099400893,437124722,600.56,2129032191.1533406,27614302.271131143
2109506427,437139605,588.38,2129010828.1728666,27606739.44204362
2125881890,471498559,575.98,2129007408.568306,27591843.349846307
2110934026,442110423,605.74,2128987677.80131,27583235.988232825
2113322412,450955439,606.85,2128970594.6324973,27573039.878109157
2102218548,451929357,612.6,2128941452.9694989,27572143.45002808
2126060187,469998066,575.95,2128938317.750816,27557301.925011218
2129295174,437351201,587.76,2128938705.6380434,27542323.568620574
2103311604,442675151,616.19,2128910880.3376765,27540302.237833507
2118713837,473316346,574.04,2128899820.637744,27527409.38773299
2129906283,457272388,626.01,2128900911.0628386,27512513.3471718
2115340388,445434241,601.83,2128886235.172078,27501236.16601907
2116993327,449185604,621.21,2128873377.974054,27489145.016825814
2131522672,476251966,577.65,2128876238.9827213,27474435.84799927
2104956031,457281907,635.21,2128850435.0906148,27470837.376559757
2108601303,434829455,595.73,2128828614.9051723,27464068.758452393
2119986987,435476736,594.52,2128819097.5446718,27450814.371341035
2122653595,463131279,575.19,2128812467.972043,27436795.99604653
2211498758,458171636,639.77,2128901282.461869,27555490.526233483
2111133050,477871792,655.91,2128882217.834764,27546846.179000814
2137018502,468580527,578.91,2128890938.3965702,27533366.84954319
2100964148,439183814,597.4,2128861038.1927195,27533774.845056493
2107302012,435648922,598.32,2128837980.410695,27528067.810482364
2137139501,449172116,614.01,2128846849.556624,27514695.28428743
2147591195,477668197,581.9,2128866854.194237,27506818.614794895
2135490517,458753135,632.85,2128873915.6684434,27493001.95925058
2135137864,462934848,652.04,2128880586.539936,27479118.07185876
2126599716,448035723,621.21,2128878160.081915,27464598.27906706
2151103169,480416943,582.82,2128901778.582359,27459550.68299041
2116196303,441519053,607.8,2128888290.8163483,27448090.226165377
2119476894,451170777,613.11,2128878310.5440085,27435242.82180033
2159217688,492849228,584.95,2128910449.7150424,27438463.047415245
2122237326,446057948,620.03,2128903388.2084656,27424799.722236812
2128723908,454452657,623.72,2128903198.4830866,27410301.372793928
2105050252,464375777,651.6,2128878010.5776136,27406776.885761034
2147248135,480192596,581.72,2128897388.3459916,27398808.059172325
2099985190,457617331,635.87,2128866922.3835616,27400429.836708322
2107096199,441696797,606.16,2128844005.8326316,27395102.509026624
2103648248,443744064,619.25,2128817511.8706625,27392869.774698097
2148202016,475137435,581.95,2128837873.7447479,27385678.769358624
2129954563,455756458,640.9,2128839045.5068207,27371330.7336996
2133918152,474220677,624.15,2128844369.5178196,27357475.117561728
2154701794,523238113,583.58,2128871445.3549738,27355934.00477471
2138179346,482228730,630.18,2128881181.6527197,27343278.243293557
2150473649,448668708,623.28,2128903744.3145247,27337891.122065175
2097583245,491653232,675.43,2128871050.6826723,27342331.236338023
2163226142,484640185,586.15,2128906874.552659,27350556.871111393
2127996219,455956005,645.58,2128905925.953125,27336323.861721955
2112905337,437589830,602.08,2128889276.0166492,27326967.13503457
2113805296,456987486,621.88,2128873596.2037423,27317085.127708565
2139339917,472154327,579.54,2128884464.657321,27304979.037652846
2116254253,441119042,610.13,2128871362.7780082,27293841.49686805
2112304792,445559966,611.2,2128854195.3471503,27284902.813846633
2138530542,467446435,579.31,2128864212.2691512,27272551.76502823
2101760091,428932856,576.14,2128836183.188211,27272363.720547058
2094503153,449320505,615.48,2128800715.1818182,27280577.69565686
2118343422,465479273,650.75,2128789923.3415892,27268564.63493602
2137643727,468417666,579.22,2128799050.9742267,27255986.066053163
2101471321,463585336,635.19,2128770907.0710607,27256045.51947866
2111829788,446134062,609.99,2128753477.936214,27247434.56611954
2105663574,463525241,641.81,2128729747.3052416,27243477.034581933
2153497815,476580086,583.41,2128755176.5328543,27241039.032494694
2108318514,462816582,643.56,2128734215.8533332,27234923.036467116
2127774582,461698015,634.95,2128733232.6219263,27220984.457056127
2156002808,482930213,584.01,2128761144.162743,27221019.926436823
2092758951,420180573,567.8,2128724332.1042945,27231419.964278452
2194706038,442338795,616.7,2128791729.1481104,27298996.428551257
2117647066,441848713,600.98,2128780357.0428572,27287384.830280945
2110656887,471906154,571.7,2128761882.5575943,27279604.6258978
2102583109,451798618,633.8,2128735223.928717,27278493.18652342
2112820134,453310630,625.92,2128719033.6032553,27269334.68113679
2129446113,449931470,623.84,2128719772.5050814,27255484.635301568
2138284941,471018208,579.3,2128729483.3360405,27243348.914657418
2115042467,439844118,607.92,2128715601.9807303,27233015.318414286
2107147576,449272355,633.01,2128693749.8774064,27227863.43357378
2134469174,471275811,578.37,2128699595.4483805,27214700.306278765
2118668403,434448369,583.3,2128689452.685541,27202806.40531318
2113206914,449188698,629.26,2128673813.7575758,27193511.996545754
2100668144,484283607,663.13,2128645553.7477295,27194329.071705822
2138797696,466327172,579.31,2128655787.762097,27182528.039113667
2137469089,457747779,633.11,2128664663.1913395,27170275.58077482
2154917981,461759462,629.64,2128691074.9798794,27169355.801642466
2123585607,461313316,634.46,2128685943.8562815,27156181.28205457
2124225859,472283376,575.52,2128681465.8594377,27142912.779508308
2109312031,458683131,647.15,2128662038.1414242,27136224.609558497
2128738272,439143206,605.62,2128662114.5280561,27122626.006546393
2133318410,474547538,577.87,2128666775.4844844,27109447.60304198
2096545466,421586177,568.8,2128634654.175,27114903.170345485
2109711658,446000695,623.32,2128615750.082917,27107948.19133761
2110546818,453388691,641.56,2128597717.2165668,27100424.17546979
2134213322,471249024,578.26,2128603316.0249252,27087490.905528434
2113756174,443037045,610.27,2128588528.0348606,27078048.218683396
2104247997,470877958,652.47,2128564308.600995,27075451.054467026
2100855744,452945331,624.42,2128536765.2962227,27076073.733202655
2148758241,471116596,582.18,2128556846.2055612,27070120.308892507
2106247509,444283954,617.73,2128534713.9265873,27065803.231499095
2128997410,445620666,621.71,2128535172.4955401,27052391.63255011
2141445279,476592591,580.22,2128547954.779208,27042044.38027752
2124731356,435098311,575.84,2128544179.7062314,27028933.428105883
2113728842,445755231,616.15,2128529540.0444665,27019585.841334067
2116281504,450712678,625.05,2128517449.189536,27008985.0422818
2134600766,457227756,578.24,2128523448.515779,26996338.998839036
2103697036,464540311,643.24,2128498988.9960592,26994275.899844475
2115851290,451947841,630.18,2128486540.4734251,26983902.72134127
2117807792,459789720,627.03,2128476040.2291052,26972709.64505343
2126365517,467752079,576.0,2128473967.0235755,26959539.567977354
2107121518,451902393,619.52,2128453012.7065752,26954600.643970314
2135610997,455726231,624.19,2128460030.3382354,26942315.68218014
2140199014,473632978,579.86,2128471527.8736532,26931621.808838498
2132214571,470546410,577.62,2128475190.3424656,26918697.029042877
2102828352,457919788,640.88,2128450120.119257,26917471.434132636
2102585285,447590429,620.5,2128424861.491211,26916451.698493183
2124766924,470762950,575.54,2128421292.7717073,26903560.892588522
2111706725,453004865,628.02,2128405001.7699804,26895504.470427815
2121143112,445785648,622.82,2128397930.7964947,26883361.18602217
2124501503,437478367,609.13,2128394140.4970818,26870556.984521233
2158776940,478603341,584.84,2128423667.027211,26874176.849189337
2111263069,465160689,646.88,2128407006.252427,26866444.25285684
2110575709,468799559,650.23,2128389711.1047528,26859147.788865846
2142818744,464269483,580.46,2128403692.7257752,26849884.940701388
2130474665,468454866,577.14,2128405697.5392063,26836963.001464788
2108136072,439487739,587.45,2128386094.4197292,26831381.00312936
2093710974,432273572,598.37,2128352591.8879228,26840044.907863285
2127742579,468737969,576.48,2128352003.072394,26827094.7788208
2094144341,448266897,619.2,2128319015.9344263,26835169.54502671
2104834898,448587077,630.17,2128296391.5433526,26832133.034796443
2096908135,440128679,610.48,2128266181.479307,26836873.01154187
2126549078,482837430,576.15,2128264530.4182692,26824020.36019295
2106812959,440647217,610.45,2128243923.7214217,26819368.008409545
2097177292,443165397,616.11,2128214109.2955854,26823749.901705943
2122422839,437718823,609.66,2128208556.7833173,26811486.979461137
2147072805,475666841,581.65,2128226625.9865901,26804995.994428046
2111181500,450089639,621.28,2128210314.861244,26797350.654728033
2111472085,446087443,625.15,2128194312.7294455,26789532.941768296
2147704259,479041409,581.74,2128212946.8710601,26783517.63237109
2115473809,449018433,626.22,2128200791.2051528,26773625.4722418
2107970879,454938946,634.48,2128181506.2554815,26768142.23388292
2103208838,468472611,642.52,2128157722.7619047,26766478.989496324
2145635406,469992501,581.3,2128174352.336822,26759168.30948687
2112369729,458531225,645.69,2128159328.9306083,26750881.169779688
2114036152,463011516,643.52,2128145916.6068375,26741714.544633716
2153278893,473417141,666.03,2128169761.935484,26740223.46508497
2152933397,480416254,583.19,2128193234.5753555,26738408.80228461
2102413552,465192136,646.38,2128168821.997159,26737506.034282465
2151825311,454838990,628.95,2128191202.781457,26734749.598904077
2138114827,468663907,579.22,2128200582.3884687,26723851.96256455
2135312338,466524906,641.52,2128207297.92729,26712124.621868305
2157130774,485346344,669.8,2128234584.2254717,26714283.13063579
2164904916,473539897,658.68,2128269146.2723846,26725390.68846353
2158157338,477341178,586.15,2128297289.579096,26728530.065301355
2133300289,468303624,658.42,2128301996.0696144,26716395.15713618
2126919593,465859392,643.91,2128300696.818609,26703871.107050978
2210488328,471809805,668.36,2128377868.3032863,26809769.558651343
2189215031,486656612,593.59,2128434938.8123827,26861835.97910319
2163991439,460887928,638.41,2128468262.6176195,26871281.139251918
2113201034,454357670,640.21,2128453967.4597378,26862756.776444286
2180670976,482378150,590.77,2128502814.053321,26897600.414240032
2114679196,483842166,674.52,2128489894.7841122,26888346.57985367
2137552022,466376224,657.44,2128498356.1540616,26877215.8879916
2137325808,463337360,648.06,2128506590.7173507,26866028.547895618
2148165133,477332152,581.94,2128524911.8191986,26860205.554550312
2146807930,461955546,604.33,2128541935.113594,26853488.21785299
2168467766,480331778,609.77,2128579075.4213953,26868578.449015234
2162830946,490315599,626.86,2128610908.01487,26876363.04615491
2152370859,471300890,583.22,2128632969.2506964,26873628.01007277
2166423005,455121970,640.41,2128668024.942486,26885785.697223667
2132030219,461904590,641.07,2128671140.9703429,26873518.89642361
2157358281,484986640,584.46,2128697703.137037,26875241.6578138
2120012938,457866997,633.52,2128689669.1267345,26864105.518018164
2101429966,455024686,627.53,2128664475.3160813,26864462.010998845
2234187879,445312330,625.02,2128761911.5152354,27042655.85467864
2147128977,468747761,581.59,2128778855.302583,27035930.17464278
2125923719,443237883,617.89,2128776223.840553,27023607.23230127
2107034580,461322713,648.79,2128756203.9106815,27019211.094356425
2111580401,454481157,633.9,2128740402.8040478,27011799.408727627
2148489119,471733985,582.16,2128758554.1976104,27006014.55267301
2130795818,461613889,645.27,2128760424.963269,26993682.779485248
2108600456,455811842,621.63,2128741929.5788991,26988200.0118988
2138105621,469482731,579.28,2128750512.2474794,26977316.791819453
2239221504,474826126,671.75,2128851676.1593406,27171209.094008815
2189829319,464878687,640.2,2128907465.4025617,27221277.16776487
2108528866,453225639,625.94,2128888837.7979891,27215801.644335162
2165407070,481088649,586.6,2128922187.7817352,27225726.641271245
2115111417,464294838,634.77,2128909586.7135036,27216497.731711194
2106115355,450009884,622.75,2128888808.0154967,27212785.817833323
2181943661,471528253,666.72,2128937127.553734,27247431.48716626
2136312073,473484380,578.76,2128943838.1501365,27235939.93607377
2111752550,447796696,618.05,2128928209.7063637,27228486.78586019
2098257370,448939208,619.67,2128900352.4495914,27231796.541618094
2120138969,469232566,574.44,2128892402.0108893,27220716.463900466
2200526542,449106813,640.37,2128957346.8340888,27293656.38597365
2103146988,463244569,657.32,2128933967.8858695,27292339.283358965
2097005889,445303196,628.28,2128905073.6968327,27296875.142017957
2140469250,473364336,580.0,2128915529.5524411,27286745.684461504
2117366346,444956149,612.92,2128905096.6856368,27276625.04493806
2112109880,447756941,618.34,2128889938.547834,27268977.524927814
2136805942,445543133,618.08,2128897076.5130749,27257715.918040197
2136913024,471822722,579.01,2128904298.0873873,27246496.261986118
2103162469,461176231,634.01,2128881128.1242125,27245169.43820353
2113880393,460998462,640.07,2128867638.2544963,27236627.882294882
2160247274,479570428,585.57,2128895831.9973047,27240618.485309083
2095973082,439312797,605.6,2128866278.3617594,27246234.505533725
2108671929,440958619,614.47,2128848166.8376682,27240721.830606513
2201018883,454078323,656.46,2128912835.938172,27314008.00864021
2136711925,471650750,578.97,2128919818.1128023,27302775.128874112
2106327219,455586168,636.08,2128899610.0635064,27298917.749350235
2118493613,450860286,625.65,2128890310.691689,27288488.66605726
2106461796,443327904,606.24,2128870285.232143,27284528.171316445
2129331226,465026691,576.89,2128870696.4192686,27272359.200683057
2103504634,460847161,650.11,2128848088.520499,27270710.142835222
2253868762,472089446,668.68,2128959415.9234195,27512455.874678694
2139994260,478509689,579.77,2128969233.4003558,27502182.39125998
2116064393,464274585,649.08,2128957762.431111,27492646.413271975
2115030182,460819284,636.89,2128945393.3543518,27483567.07274218
2127004047,455117282,634.0,2128943670.7755103,27471431.936427172
2144330129,473631880,580.92,2128957311.2526596,27463070.167638406
2107545186,450059121,623.54,2128938345.6855624,27458294.078930277
2123429977,447442041,613.43,2128933471.0230088,27446630.430866525
2118046137,461279337,647.27,2128923844.7329798,27436402.29221405
2146877655,468965969,581.76,2128939704.9893992,27429467.590122886
2110844739,455435045,628.98,2128923734.145631,27422625.200169235
2117574300,441646443,616.83,2128913725.8262787,27412601.514728308
2161367048,476580125,585.55,2128942319.061674,27417435.667689916
2105776779,462502355,630.96,2128921926.8609154,27413975.221729446
2100553555,452664268,633.91,2128896976.6657872,27414817.865354307
2253691355,463557602,660.68,2129006637.8066783,27651127.904347356
2161351219,483253428,585.45,2129035035.1562774,27655583.360812232
2120994418,439783722,604.53,2129027981.9833333,27644475.91295076
2127278119,458183967,638.38,2129026448.3610868,27632407.63073911
2151883945,463024012,638.38,2129046463.6821365,27628580.190241244
2185522602,489543622,592.19,2129095874.1268592,27666923.8512133
2175531160,464924197,652.27,2129136464.4117134,27688855.9183068
2134046815,465599520,647.72,2129140752.927511,27677142.168378096
2153357201,477405424,583.48,2129161884.2085514,27674302.94812355
2114193431,458573181,639.34,2129148834.11857,27665764.038212955
2101485871,450620060,620.07,2129124737.4608014,27665751.104510497
2120467586,468643467,642.72,2129117202.951262,27654887.736790188
2139844442,471517329,579.64,2129126530.9852173,27644669.5683141
2093175736,453268976,640.42,2129095296.584709,27652951.252482988
2136698828,463413329,644.86,2129101896.8723958,27641853.50554084
2101948053,434769272,604.33,2129078346.2705984,27641423.953891423
2158451279,477003766,584.98,2129103799.4185443,27642959.62822245
2102770906,451469730,629.18,2129081000.3766234,27641842.824806333
2124125556,473495228,653.93,2129076713.6600347,27630268.50172874
2173959276,484096882,589.0,2129115505.8487468,27649800.8706752
2111673829,423429723,572.5,2129100443.9516408,27642607.803278156
2139124626,458915766,638.37,2129109092.9439173,27632247.52565385
2117856731,447825883,622.43,2129099392.6318965,27622308.657237664
2146868193,482197025,581.69,2129114697.369509,27615330.217441875
2123887005,454797036,622.25,2129110198.4948366,27603870.62854337
2099733735,457860318,631.75,2129084939.2828891,27605432.120149594
2111805515,450782896,621.03,2129070094.4166667,27598215.201191444
2142929445,466360233,580.62,2129081990.8549356,27589353.58058639
2115460016,462232021,643.88,2129070308.2006862,27580402.984511275
2103737281,445801538,616.44,2129048600.3796058,27578547.067650672
2133728398,475817357,578.12,2129052607.0556507,27567078.453089625
2123891080,426560951,575.95,2129048191.7202737,27555698.22313975
2109369752,439178055,606.62,2129031372.5410256,27549922.1127664
2105484255,443277938,606.23,2129011263.9863365,27546744.63768635
2125216740,464742665,575.81,2129008026.337884,27535213.00024875
2115041846,434041295,587.1,2128996119.9607842,27526491.481370647
2114401764,441243209,613.02,2128983688.65247,27518059.501849104
2113156816,441797849,612.98,2128970218.973617,27510218.784475457
2142617066,474014990,580.44,2128981823.4353743,27501396.682433568
2101978848,441252919,616.08,2128958881.2302463,27500967.479519926
2104092559,431548266,596.31,2128937772.2979627,27498829.886638116
2133582749,466313288,577.99,2128941712.057676,27487498.083142523
2100508071,422176533,569.33,2128917615.751695,27488303.12528191
2119537387,440060340,605.0,2128909673.1363251,27478017.516256634
2108959547,441024360,608.74,2128892794.857022,27472515.403557245
2117755353,466793849,573.65,2128883380.2823331,27462809.04852198
2121234771,458779806,633.9,2128876920.3082771,27452108.310868934
2107786819,443499282,608.62,2128859122.7544303,27447355.453738865
2101814941,453568225,618.5,2128836319.9030354,27447008.53203194
2128588054,470609411,576.75,2128836110.748947,27435445.538337227
2114473831,459086287,622.63,2128824021.2878788,27427059.06590194
2093315387,459400808,637.91,2128794157.003364,27434840.03923525
2127206909,468465112,576.46,2128792823.1815126,27423348.940832224
2119055079,470747862,574.08,2128784647.0738876,27413284.759432517
2106165708,443546794,623.97,2128765671.453859,27409607.558587424
2125892623,446321204,612.36,2128763263.198659,27398243.631264217
2128742525,462787750,576.71,2128763245.8299832,27386767.93319263
2168041309,465534370,612.46,2128796114.5020921,27398856.743603207
2140818510,493780381,619.5,2128806166.6722407,27389604.371097177
2130821506,463343500,598.04,2128807850.330827,27378222.95932395
2159098111,489132659,584.95,2128833134.354758,27380771.186311226
2108867799,471227143,647.42,2128816482.6989157,27375418.403800413
2112689248,455350977,633.69,2128803043.3366666,27367966.322665486
2142860065,468300981,580.61,2128814747.7676935,27359574.58510317
2130741190,476465489,577.33,2128816350.4650583,27348247.763424393
2105580210,453365627,625.78,2128797035.3025768,27345079.531139698
2114085316,450436728,627.22,2128784816.2666113,27337006.61496645
2133702387,473225624,578.09,2128788897.2381742,27326028.006328333
2115172805,439097673,609.52,2128777606.9461029,27317508.026381988
2109215142,432608006,588.13,2128761399.4357913,27311989.594635215
2104465585,460056187,639.73,2128741287.0066226,27309623.120820716
2138788140,477784112,579.41,2128749597.0587263,27299854.386683095
2119461869,470831736,653.92,2128741921.2504132,27289876.25215955
2124711676,464883409,650.12,2128738593.2196531,27278852.07259182
2112589380,447474620,639.69,2128725268.7863035,27271538.250804562
2134111230,481919473,578.22,2128729708.9851608,27260732.84515718
2138732906,443800182,621.99,2128737948.8509061,27251014.007853653
2120730463,455395136,648.21,2128731358.327572,27240765.160086755
2153355359,477295294,583.48,2128751608.328125,27238708.969918802
2113898941,451037360,621.57,2128739404.0,27230841.551172536
2131607358,458905571,629.59,2128741758.6420362,27219784.693739485
2141598197,457944739,620.25,2128752305.3511074,27211107.17519597
2135566213,462820819,578.57,2128757890.5213115,27200651.78885343
2262440989,461414657,647.09,2128867377.088452,27457130.50122639
2131216889,439010535,591.36,2128869299.7659574,27445975.924937822
2210814893,463686966,662.47,2128936303.521668,27534557.162410878
2142109394,467001285,580.52,2128947065.85049,27525880.373517048
2119278839,441509543,605.33,2128939173.4204082,27516028.499579176
2106546411,453046297,627.27,2128920908.5244699,27512232.363004938
2146182524,474487365,581.49,2128934976.6707416,27505430.036839258
2124050417,437932327,604.05,2128930999.0162866,27494581.516947262
2105991656,447182102,617.04,2128912333.9690804,27491175.54995764
2124260257,458395365,646.86,2128908551.792683,27480317.88238609
2141455605,482740925,580.1,2128918744.362307,27471479.662921783
2133850599,443840217,605.56,2128922747.4910715,27460687.445470687
2151880015,438990495,589.17,2128941366.5239253,27457328.00786976
2146456431,465256686,638.33,2128955560.2552674,27450725.30949676
2147040902,465944295,582.03,2128970204.2566803,27444430.976356894
2120748576,448577179,626.06,2128963552.4538834,27434322.544977844
2156309964,453559939,621.66,2128985659.4963622,27434242.683706973
2172909442,482791349,588.53,2129021139.1268175,27451536.67780396
2118613349,458353701,632.51,2129012738.9733655,27442048.039448217
2142129894,444443004,625.4,2129023317.3241935,27433507.527744375
2134554638,465195143,649.65,2129027774.4722,27422901.47042467
2171995958,471125403,589.41,2129062370.4331722,27438938.868625846
2121511765,454920726,638.16,2129056295.931617,27428734.699978836
2163047422,485255100,671.36,2129083619.9879422,27434626.747762013
2142634985,456204139,641.82,2129094504.618474,27426293.63838025
2165369717,478969844,586.66,2129123617.9510434,27434524.497256275
2155407053,475063622,656.53,2129144695.2846832,27433612.663814273
2114265693,466240189,648.55,2129132773.0072114,27425851.051196683
2138862718,468117139,579.54,2129140563.1953564,27416251.01420546
2152608413,453826733,622.55,2129159337.4752,27413313.162114527
2118525274,434911546,605.2,2129150837.0247803,27404002.43347666
2256815109,453279053,649.86,2129252805.2931309,27629455.890920907
2129366473,467180928,576.88,2129252896.009577,27618428.55520272
2146440489,443109089,614.94,2129266602.224083,27611677.045049336
2139409351,438111777,597.47,2129274684.0956175,27602157.932376377
2152535947,454619252,628.44,2129293204.209395,27598967.174638405
2126789503,469985639,576.19,2129291212.4025457,27588077.190402556
2138477912,441524327,612.64,2129298515.025437,27578325.315303322
2127572729,436202205,602.63,2129297144.2660842,27567413.53963883
2147173228,467046867,581.71,2129311331.634127,27561069.60713112
2126497204,453522961,638.03,2129309099.9706583,27550253.067290194
2151637216,446885253,609.95,2129326792.6141045,27546501.322313532
2127812373,448395989,624.94,2129325593.5486937,27535626.92362542
2132138128,465420915,577.61,2129327818.6550634,27524846.103790473
2116181055,442159377,603.33,2129317425.9565217,27516445.419790056
2121465058,431615812,592.74,2129311223.4541864,27506460.43863671
2110140409,473657148,656.57,2129296092.5824783,27500873.534771565
2166873647,483509812,587.13,2129325727.8777602,27510258.800735928
2124202184,450433894,644.43,2129321690.4121356,27499793.13952104
2123672550,465620251,647.52,2129317242.2700787,27489421.01294749
2165941751,481514157,586.77,2129346057.7765539,27497786.18043291
2130997585,453729631,635.91,2129347356.1470125,27487014.151943736
2129246468,468785467,647.17,2129347276.8947368,27476216.019894358
2123455962,443926250,624.94,2129342652.6287284,27465926.01581902
2175460349,483081534,589.39,2129378823.3709805,27485491.201453388
2131228508,460541748,646.4,2129380272.9670846,27474767.671082444
2144472881,439959882,596.1,2129392091.7674236,27467252.745155998
2126083934,470117013,654.95,2129389503.2245696,27456660.276360832
2141910755,471674684,580.22,2129399293.10086,27448155.843063768
2131130683,471172776,655.17,2129400645.7492187,27437474.457089253
2115206477,449552599,623.86,2129389565.2115536,27429627.83610738
2140918340,472367058,580.01,2129398558.0156007,27420816.81856243
2118495002,469542598,651.79,2129390059.5307872,27411817.473901182
2098083937,459608605,642.97,2129365677.8154206,27415054.82768771
2095049419,449627742,606.15,2129338972.5556421,27421087.713838175
2140643194,470480410,579.89,2129347762.7744946,27412235.353193965
2106622080,456382686,623.38,2129330104.901321,27408899.289938692
2104270521,442844402,607.42,2129310648.7026398,27407146.496688664
2091066934,472024972,660.47,2129280979.412723,27417197.574215032
2121033524,469104622,574.6,2129274586.0364342,27407529.909591474
2107769463,457438268,642.92,2129257928.3113866,27403444.880631667
2104954151,443098354,605.09,2129239117.3382354,27401174.891981117
2134924593,470494363,578.52,2129243514.45785,27391032.873247985
2089760481,458483430,626.58,2129213002.0672333,27402420.820339914
2119607812,435689023,595.98,2129205584.9320464,27393138.098749757
2116110703,436928633,601.97,2129195480.8564816,27384981.73214457
2139588877,478037519,579.59,2129203494.2690825,27375942.681667592
2133719436,436476353,586.91,2129206973.4229584,27365682.066269252
2119856847,433179464,585.52,2129199775.4811394,27356375.84506934
2112036903,438264644,599.1,2129186573.2715385,27349991.639631525
2144040765,474512967,580.95,2129197990.7901614,27342577.622527722
2156530768,442742007,604.89,2129218983.7066052,27342562.037767306
2122577905,441323657,603.99,2129213886.9462779,27332686.58351222
2145911830,478736750,581.61,2129226692.1173313,27326113.90339682
2119636862,454260042,638.07,2129219343.5885057,27316931.043787707
2132936568,447766720,618.47,2129222189.8552833,27306664.37977309
2096349724,441927568,609.56,2129197038.771997,27311344.842885736
2167161186,482919352,587.0,2129226063.3493884,27321060.389097966
2123921297,435058346,604.53,2129222010.81589,27311015.81821337
2127814255,443637580,619.98,2129220936.1931298,27300617.461606927
2107358867,456268613,618.69,2129204260.3203661,27296876.91597482
2179802871,482335172,590.62,2129242826.3346035,27322178.945468992
2119278418,433361335,583.28,2129235237.2955065,27313155.77865995
2088036688,431071315,589.41,2129203883.7572298,27326387.929418724
2168505167,479705553,587.47,2129233770.6646388,27337471.009924635
2094673927,425634583,570.65,2129207509.3852584,27343670.780841593
2189040828,482806613,609.12,2129252940.9104025,27382930.35723727
2130682144,469994919,613.28,2129254025.2830045,27372568.612168275
2131304260,511826565,577.26,2129255579.6686883,27362248.577172577
2128243622,437334238,597.91,2129254813.034091,27351896.296484105
2107684609,445040003,614.28,2129238484.340651,27347976.9705297
2111180531,430976787,581.61,2129224824.769289,27342139.254323892
2141056851,473386301,580.05,2129233768.0997732,27333738.181681246
2116213162,438217678,605.68,2129223933.805136,27325755.15362062
2131817781,448233312,616.53,2129225891.4256604,27315534.47812528
2126456900,476827062,575.95,2129223803.1968327,27305338.36252846
2108720955,423970695,571.63,2129208352.6706858,27300845.94343706
2109672539,426670334,586.83,2129193641.9676204,27295825.89419314
2111836688,439459919,606.23,2129180581.8066216,27289705.141274497
2140139711,471325350,579.93,2129188821.7533834,27281097.77066154
2104696662,434056800,589.95,2129170420.4312546,27279103.225946262
2097287328,440478519,604.95,2129146484.1756756,27282840.595165312
2123672123,442616629,607.26,2129142377.3780944,27273016.912770793
2135391925,470335730,578.45,2129147062.1964018,27263329.27716964
2146997047,452558550,611.83,2129160432.9715357,27257491.479441762
2110760552,430607494,579.47,2129146660.6055388,27251934.721580688
2145760362,481001282,581.35,2129159086.709798,27245527.373115845
2104799072,422380444,571.08,2129140880.4207773,27243478.826275207
2107775289,427183147,578.78,2129124924.0418222,27239557.66609076
2096093541,434542509,593.54,2129100273.7559702,27244327.86375632
2144367732,476904844,580.83,2129111658.8851604,27237356.43795279
2087656823,466748443,646.77,2129080768.5454545,27250694.918957066
2134131524,444961646,616.7,2129084529.3462398,27240895.9627414
2092811928,426354650,586.19,2129057540.8035715,27248715.499504402
2134058913,468883485,578.32,2129061259.2959108,27238925.10873335
2096384986,432538954,583.92,2129036982.718425,27243356.75419247
2130337933,453908091,626.23,2129037948.5315516,27233265.323669463
2143275273,477083280,580.71,2129048510.3449554,27225921.740004305
2122203581,462446836,574.94,2129043436.268347,27216466.318049148
2109218520,452065193,613.86,2129028751.1451852,27211730.21260553
2085642654,430611436,589.97,2128996637.0836418,27227237.047232684
2129458100,465955438,577.01,2128996978.4023669,27217168.831520412
2112237478,446917312,619.57,2128984591.4841094,27210920.95682843
2102817047,431376587,591.82,2128965265.3803544,27210158.268611882
2108562916,444840843,613.08,2128950208.2959409,27205758.0467375
2133161740,461823898,577.87,2128953314.1452801,27195964.882474437
2131819857,438751932,606.7,2128955426.5571113,27186053.70115637
2159330781,458048248,624.29,2128977794.2702503,27188530.671854045
2140565345,472124973,579.97,2128986320.7976453,27180341.93458562
2139084497,481043057,580.96,2128993745.9272058,27171726.092641637
2111333703,448502725,625.74,2128980770.1425424,27165956.86959645
2095037547,441253483,600.87,2128955848.5396476,27171541.52385502
2195930119,490940341,594.87,2129004985.9354365,27222041.2190619
2108635678,431775702,585.46,2128990052.42522,27217645.127365492
2144240083,453436889,609.05,2129001224.608791,27210802.024724204
2102921897,441795365,606.09,2128982132.8609078,27209984.224017926
2138086021,470320655,579.28,2128988792.618142,27201143.635314886
2089745156,451240319,616.48,2128960105.749269,27211878.0130671
2188805748,452148218,641.03,2129003820.6084733,27249947.560814336
2130550676,461928352,592.17,2129004949.7,27240032.543965943
2146643364,484172561,581.66,2129017815.0641868,27234259.805927806
2106557431,455076921,634.79,2129001444.5218658,27231080.158629145
2102848604,449528608,633.44,2128982396.568099,27230303.7167087
2137659888,469582105,579.06,2128988712.0640466,27221398.673742753
2129478985,439680105,601.49,2128989068.6261818,27211501.392675105
2095401186,443913437,613.9,2128964658.8277617,27216666.88682882
2135721703,453072700,623.43,2128969565.9041395,27207391.40534767
2124231827,469022235,575.51,2128966127.7772133,27197816.79340347
2100554213,466433705,648.16,2128945524.5032632,27198709.04481082
2108745551,448467489,619.82,2128930886.8413043,27194285.70073935
2123767191,465044205,643.67,2128927147.7422159,27184792.912620053
2135557383,467154296,578.56,2128931945.3075254,27175540.657329388
2103327342,445378807,618.16,2128913431.494577,27174431.26843117
2114692166,450103600,626.26,2128903156.0137284,27167299.784590017
2143150420,474940919,580.72,2128913442.8469315,27160186.562613137
2121686073,450199620,624.87,2128908228.2943723,27151080.28881955
2125319914,446468378,613.12,2128905641.1896179,27141461.718837682
2125855458,435361564,595.93,2128903443.6512969,27131806.20951584
2179435567,479480690,590.45,2128939823.8696904,27155882.965166714
2114799834,442888098,618.41,2128929651.215108,27148760.258424114
2137919378,449876010,629.95,2128936113.9949677,27140069.3828125
2140537567,450663522,624.3,2128944448.3721263,27132099.675659806
2154840357,470894607,583.76,2128963038.3998563,27131226.078729507
2141920439,453170891,624.06,2128972333.5222383,27123711.610326808
2128855536,454474312,627.64,2128972249.7964158,27113988.287218705
2139452750,475508640,579.46,2128979757.3180516,27105725.634232145
2149917548,449404480,631.99,2128994744.9992843,27101808.412253555
2119159315,465846456,657.0,2128987709.641631,27093389.716508046
2126244059,460882024,634.23,2128985748.4903502,27083804.12210022
2181173467,491454096,590.94,2129023025.432143,27110007.431797776
2128868971,455214083,623.12,2129022915.4718058,27100330.78238156
2157721457,443193614,612.32,2129043385.1875892,27101496.590841375
2211871486,460409978,649.85,2129102421.6101213,27181868.814082984
2140201942,471443644,579.78,2129110327.2514246,27173800.42010101
2131589789,458407412,628.58,2129112091.9928825,27164208.78993164
2149612126,444702472,606.84,2129126672.3869133,27160046.15377656
2127354857,466096990,576.4,2129125413.100924,27150433.741339024
2143692658,465689858,646.58,2129135759.1555398,27143564.93872839
2115320420,440109453,615.81,2129125954.0887153,27136425.276493397
2117895713,447344090,609.28,2129117989.3787234,27128448.162200496
2151366956,501563947,582.94,2129133757.6045358,27125296.227494176
2105452424,457753655,646.19,2129116986.121813,27123006.71702513
2126384983,459366217,640.45,2129115052.6447275,27113504.692868296
2113604313,465839552,644.75,2129104083.2390382,27107051.803853754
2144559953,464304703,580.92,2129115006.1151943,27100584.364998236
2124530174,444616439,616.93,2129111768.2394068,27091287.05062968
2104314798,459232585,646.72,2129094268.6132674,27089730.77823205
2144930387,483559182,581.14,2129105436.5387871,27083439.928204477
2110118272,457929486,644.52,2129092055.87315,27078583.380974762
2128517933,439312480,604.27,2129091651.5612676,27069051.27389976
2135617253,461885729,643.12,2129096243.8212526,27060078.282163013
2121006432,464353801,574.61,2129090554.7834036,27051411.89101641
2101374469,426804481,578.1,2129071077.5621924,27051877.7069424
2120498293,442500786,616.62,2129065057.3483145,27043331.04224013
2178740033,453352079,621.08,2129099916.980351,27065826.567009937
2155515660,481739970,584.15,2129118441.3443198,27065369.819668774
2114337079,430639725,592.87,2129108082.9964962,27058712.238936972
2105330871,435740687,593.81,2129091432.287815,27056548.401216052
2128409780,472145480,576.86,2129090955.2743177,27047085.799305633
2134312380,442587961,610.23,2129094606.6202798,27037979.441989042
2100957126,423582264,580.39,2129074943.810622,27038756.24817601
2102904520,454507424,612.15,2129056668.375,27038153.424604308
2132380643,467672320,577.77,2129058987.9665039,27028860.201239165
2161085569,437035591,596.69,2129081321.705021,27032658.07687369
2103405291,443469663,611.76,2129063429.000697,27031730.47646674
2115174397,431458310,591.51,2129053756.9728413,27024800.462409023
2134936271,472259852,578.42,2129057850.5803757,27015840.995661248
2105780766,428686279,585.78,2129041663.4561892,27013415.97424704
2096452807,436675782,591.42,2129019016.578874,27017680.510549195
2129739179,477189926,577.05,2129019516.6916666,27008304.405241866
2100368756,446432656,618.24,2128999634.1374047,27009471.522151824
2112107147,432430942,591.09,2128987919.5138695,27003766.426167905
2130098946,475532485,595.59,2128988689.4559944,26994423.8236334
2190017209,525820133,593.31,2129030952.9736843,27032790.683552355
2132921823,472417495,614.67,2129033645.617301,27023628.868214194
2140981413,456611870,635.92,2129041908.2503457,27016108.838688925
2121592922,440441815,594.89,2129036760.3676572,27007481.45393335
2144433289,478934878,581.05,2129047393.3294199,27001183.678555228
2130230386,463074723,637.01,2129048209.7494824,26991882.77042215
2219990268,467392535,671.02,2129110928.4103448,27087988.290052697
2161451842,481638240,585.55,2129133217.1171606,27091950.057989605
2126793295,457427792,642.39,2129131605.600551,27082688.83626849
2129767575,449112800,607.33,2129132043.294563,27073372.7931801
2112844196,450654210,627.87,2129120841.198762,27067429.555318195
2149303883,476913339,582.15,2129134712.7051547,27063295.861994494
2107783154,461762474,631.15,2129120048.1730769,27059782.730219975
2094774034,440123476,602.13,2129096475.0679479,27065445.98929696
2115754516,432698185,591.69,2129087324.2043896,27058417.293793086
2137936560,472046848,579.2,2129093389.4790952,27050134.213058457
2138050918,449420181,599.99,2129099524.7726028,27041884.351873234
2110338967,443191028,612.48,2129086683.8706365,27037080.54322577
2145192699,472149367,581.26,2129097700.2968535,27031112.28046588
2120653661,458555753,621.93,2129091928.568011,27022773.62334961
2094539569,444165198,627.71,2129068327.2295082,27028622.384894557
2122834253,461787724,637.41,2129064071.8887372,27019886.593466017
2136336388,477903740,578.89,2129069032.5409276,27011336.843417402
2131797037,435539336,593.62,2129070892.121336,27002222.82783582
2115437566,450268302,612.81,2129061605.1144414,26995367.906630293
2123349573,449528301,622.1,2129057716.733152,26986589.227928396
2141502634,471454252,580.18,2129066182.6632652,26979359.85963587
2117850283,442424417,613.45,2129058557.9864037,26971772.171617024
2131338265,465683725,641.89,2129060106.7004075,26962674.435569163
2157915193,471521719,584.72,2129079696.0325866,26963997.10542999
2111956744,428350719,576.22,2129068079.375848,26958535.974832788
2123888960,456177079,629.2,2129064568.1084745,26949733.1044575
2126700272,465597269,646.96,2129062966.2818427,26940672.484367527
2123593843,469311613,575.24,2129059263.422478,26931926.59681251
2093960216,449383502,619.97,2129035515.7584574,26938279.019547943
2102207608,443389142,607.5,2129017376.5375254,26938198.43957239
2108699784,453188092,632.76,2129003648.4344594,26934270.984879218
2132137476,473568048,577.51,2129005764.455773,26925299.236280713
2090942885,456427903,624.7,2128980081.0013494,26934355.029293146
2135689588,463851272,651.09,2128984605.2811868,26925835.777667012
2131821245,472279031,577.58,2128986516.763477,26916862.85506217
2110361477,424040129,572.3,2128973974.6491582,26912135.839711748
2102374001,439518963,602.05,2128956074.2631226,26911921.035264596
2116512342,439686300,599.52,2128947705.9159381,26904804.436647728
2134252996,476713535,578.3,2128951271.2990592,26896113.72831954
2111119140,444096398,606.95,2128939295.38818,26891048.998443868
2116034133,455008596,626.65,2128930634.2053692,26884101.138766613
2169809310,476985075,655.69,2128958051.1576123,26895913.555515535
2148078331,471623068,581.83,2128970866.3585792,26891451.913746767
2137302390,476213897,658.91,2128976446.7494977,26883308.71701929
2130429168,449227671,625.81,2128977419.1198125,26874336.383392002
2122934061,472873830,575.03,2128973376.7397993,26865801.16609926
2127922169,428548216,576.85,2128972674.060829,26856834.196088515
2129504146,453567166,622.59,2128973029.0855043,26847865.990684588
2112882822,456740235,639.33,2128962287.959279,26842120.625021182
2137130019,476745792,578.96,2128967736.7458305,26833994.499265317
2106449144,468698736,654.17,2128952724.3506668,26831344.56663643
2106661865,446888115,617.45,2128937873.6782146,26828571.287831053
2103145833,457457798,631.56,2128920701.8801599,26827889.014548205
2139875723,468799652,579.83,2128927990.6500332,26820450.37761375
2111049673,458427255,635.97,2128916103.4707446,26815492.865768578
2123184520,440477966,597.23,2128912295.1096346,26806989.447860036
2150433207,473698989,582.6,2128926585.2237716,26803821.510247298
2112781757,423858756,572.63,2128915872.0,26798152.12818393
2124598876,436032870,605.09,2128913009.270557,26789495.83115619
2132555047,457404658,638.15,2128915422.8144467,26780781.79358879
2133482384,473669344,578.03,2128918447.292053,26772170.31376319
2123287261,453513894,615.52,2128914720.4976838,26763701.566767428
2122396582,447087541,632.2,2128910409.5595238,26755374.44526236
2111966120,461305435,634.02,2128899210.4256444,26750075.97677879
2151917780,475913141,583.09,2128914414.2364597,26747778.794709217
2181043362,466266565,670.26,2128948822.7828383,26772447.175649036
2150281120,466235455,637.28,2128962894.2189975,26769219.38348909
2133777146,475465018,578.34,2128966067.753461,26760680.123827986
2155543248,477650729,584.18,2128983575.7773385,26760553.928058416
2101563699,442366319,603.03,2128965524.5088875,26760987.23396156
2118944674,443348184,601.76,2128958931.844079,26753416.730910305
2131524487,471409174,577.48,2128960618.5996056,26744701.454976626
2135543789,466191821,651.57,2128964943.9415243,26736446.130932264
2129683518,453915844,621.7,2128965415.7564018,26727673.46837284
2110716880,464133090,651.1,2128953441.6515749,26722989.162496477
2134690352,477876905,578.36,2128957203.56,26714629.759024307
2139721018,453514173,624.26,2128964257.1736567,26707295.68103964
2119672387,469862250,648.54,2128958172.124427,26699607.399807796
2141653227,468667299,580.17,2128966480.4064136,26692843.667269588
2149798817,479692424,582.38,2128980105.2177894,26689427.833019532
2116420639,442871958,612.09,2128971896.4163399,26682635.11300682
2123535158,450065520,607.89,2128968345.3135207,26674281.2277626
2147026258,474769551,581.69,2128980132.4627938,26669562.323500503
