CPU_Cycles,Execution_Time(ns),Time_clock(ms),avg_cpu_cycles,Std_Dev_CPU_Cycles
2887862214,762118001,958.17,2887862214.0,0.0
2865353409,724415438,779.6,2876607811.5,11254402.5
2843034063,762551882,981.61,2865416562.0,18301070.49229192
2827528635,736612185,946.8,2855944580.25,22811229.705780387
2820234471,722259798,905.07,2848802558.4,24906137.09460806
2848539733,725719930,775.02,2848758754.1666665,22736299.498096272
2808451792,715653009,883.72,2843000616.714286,25338265.97930013
2816811283,720938177,924.93,2839726950.0,25234748.14173096
2853730588,729050816,776.6,2841282909.7777777,24195162.25744596
2818828924,654281084,768.66,2839037511.2,23921572.313614797
2833898856,685403178,859.79,2838570360.7272725,22856114.1046521
2770751668,695753476,838.46,2832918803.0,28813358.15484652
2844220003,741674754,773.87,2833788126.076923,27846292.427423526
2782421500,694250888,809.51,2830119081.357143,29917113.89315317
2826354706,706524601,842.79,2829868123.0,28917927.164208185
2748585399,681703046,832.7,2824787952.75,34221382.95046056
2838068603,728539814,772.61,2825569167.470588,33346354.812925376
2807336526,722539731,923.25,2824556242.9444447,32674837.731072694
2769976224,745157736,932.22,2821683610.368421,34058618.58703925
2838950858,725018315,772.5,2822546972.75,33408868.91966163
2780472083,723794592,894.36,2820543406.571429,33812541.32730655
2814143779,698473847,872.81,2820252514.409091,33062022.021138657
2763748025,715101353,890.35,2817795797.478261,34327123.507170595
2888441170,731213359,785.94,2820739354.6666665,36449109.70276563
2810377169,693541310,874.57,2820324867.24,35770368.88325346
2805454441,736570404,927.39,2819752927.769231,35192113.8696344
2804139162,711318905,916.09,2819174640.148148,34659917.76078579
2827931955,719507877,769.56,2819487401.392857,34074141.27033495
2835432643,724353377,925.89,2820037237.3103447,33607676.85086988
2818643182,718784423,934.66,2819990768.8,33043749.265984252
2937635674,721616963,799.27,2823785765.7419353,38584027.545523725
2796027940,719616609,922.77,2822918333.6875,38282241.92296745
2807112072,725121042,927.13,2822439356.060606,37794992.676029064
2781697491,734948495,907.16,2821241065.9117646,37865981.76411315
2915419874,721318138,793.2,2823931889.0,40485107.29015563
2804639604,680889841,816.09,2823395992.1944447,40044555.22600811
2845475943,702790159,881.96,2823992747.6216216,39661656.34670002
2786450061,692539183,853.48,2823004782.1842103,39595022.565979965
2834853190,716186633,771.48,2823308587.5128207,39128940.70081791
2780985294,695941914,852.65,2822250505.175,39197693.06310797
2787155778,695438582,871.78,2821394536.219512,39093373.38185849
2833050397,727331115,770.85,2821672056.714286,38666027.25895569
2793181935,734174707,940.59,2821009495.744186,38454261.71083939
2894850413,732887395,949.79,2822687698.409091,39575578.30429948
2774994268,708748006,867.04,2821627844.4,39759856.01025487
2817604891,711402246,766.7,2821540388.8913045,39329684.848407224
2796885180,726420510,902.0,2821015809.9787235,39071362.64102798
2775468420,693552257,858.51,2820066906.0208335,39205707.34140291
2870343609,718179337,923.34,2821092961.1836734,39449362.95041888
2825246910,729625951,768.92,2821176040.16,39057206.71206622
2754034302,705996233,884.62,2819859535.490196,39777047.869730674
2868920394,691657336,841.57,2820803013.5384617,39964785.07421326
2917193089,718964506,793.69,2822621694.207547,41701842.47185361
2794323265,725354508,938.86,2822097649.2222223,41489687.63433255
2865680506,704191061,898.14,2822890064.8,41521126.142982334
2802161155,697556316,845.15,2822519905.696429,41240200.155570894
2791196395,709703992,759.6,2821970370.4210525,41083180.28762207
2782795602,704720550,866.08,2821294943.37931,41045471.38445388
2805041273,731418792,941.91,2821019457.440678,40750186.85017698
2844961790,731670269,774.37,2821418496.3166666,40525252.896197125
2880974475,665412803,827.49,2822394823.836066,40897018.96908917
2797387012,695442956,869.54,2821991472.032258,40688002.41270605
2782267001,694238705,858.92,2821360924.873016,40667998.60178003
2833800001,720287773,770.99,2821555285.4375,40378509.50233329
2888485613,711835821,917.06,2822584982.7846155,40904746.51096546
2775737580,711737871,897.78,2821875173.651515,40995069.01177957
2823335624,700311775,875.26,2821896971.4179106,40688370.88201706
2853635364,727027785,776.62,2822363712.4852943,40568375.130513854
2833974546,717302857,902.35,2822531985.4347825,40297226.46538085
2828992852,713900555,900.42,2822624283.5285716,40015699.10966311
2984587693,730905207,814.41,2824905458.3098593,44079092.074966334
2792272720,682500609,835.63,2824452225.8333335,43938201.04888612
2830826503,720432404,936.76,2824539544.6986303,43642506.55704049
2827927055,687835072,853.77,2824585321.864865,43348386.26502538
2855039795,725398898,776.85,2824991381.5066667,43199879.69016308
2793875043,709576585,849.43,2824581956.0,43060958.48860279
2801048141,702234265,880.84,2824276322.038961,42863321.71165897
2819565626,710956414,851.74,2824215928.5,42590967.64869483
2906493138,755695491,790.66,2825257412.164557,43308593.85047352
2779362150,692887868,853.44,2824683721.3875,43338083.02227608
2801376820,705993278,894.02,2824395981.8641977,43146557.66983201
2830097049,721836988,770.08,2824465507.0731707,42887226.812097795
2793441796,700742531,888.02,2824091727.4216866,42762251.250188015
2757078403,718857871,887.07,2823293949.75,43123847.79286258
2800072394,717128856,916.99,2823020754.9764705,42942487.05290977
2819307944,714072701,766.94,2822977582.755814,42693946.821867235
2763530449,694259572,861.81,2822294282.367816,42918236.57236181
2747195952,714150812,887.33,2821440892.25,43409715.437343344
2760155935,702274863,883.09,2820752297.224719,43645809.37595892
2805005289,722599502,763.36,2820577330.4666667,43434031.36256659
2775434576,724270476,898.09,2820081256.2417583,43450341.91753367
2794017451,693632773,858.66,2819797954.0108695,43297977.833317906
2820800249,724555525,767.79,2819808731.376344,43064687.92222077
2894969748,685144168,891.57,2820608316.6595745,43523513.32473832
2797779311,703162415,890.28,2820368011.336842,43356480.91030398
2744637071,697764517,851.72,2819579147.375,43810072.498442285
2822409874,710746234,767.92,2819608330.123711,43584600.25816878
2781710035,706539915,874.16,2819221612.8265305,43528610.18734144
2748367091,719075732,896.46,2818505910.585859,43883933.60057441
2794802584,693034816,882.45,2818268877.32,43727610.54665876
2802204101,717268775,762.49,2818109820.1287127,43539661.47214841
2805871305,747088838,954.69,2817989834.6862745,43342483.23922568
2743292372,713148519,901.48,2817264616.6019416,43749037.82818971
2805317663,712738761,763.34,2817149742.048077,43553804.40431789
2740537193,701440048,861.74,2816420098.7238097,43979941.982030675
2810373867,700287581,892.28,2816363058.8018866,43775899.956209734
2756995847,701272342,853.94,2815808225.046729,43943724.11184684
2880618277,724197411,783.79,2816408318.1203704,44178079.853907004
2781995680,712211629,912.97,2816092605.8440366,44097188.43567563
2901977704,725084744,882.69,2816873379.4636364,44646740.11420953
2807888611,717864893,764.4,2816792435.603604,44453280.780975424
2810797957,675128950,765.3,2816738913.473214,44257976.08198136
2775224912,735465192,934.89,2816371532.9292035,44232913.998642266
2818685157,719878617,888.58,2816391827.877193,44039011.098528065
2805405393,713197176,763.56,2816296293.6608696,43858982.02629208
2904274175,701091222,939.39,2817054723.672414,44420460.44795462
2750260061,701148134,873.21,2816483829.119658,44655563.27702219
2796832779,730629084,931.52,2816317294.7966104,44502414.04538463
2810974428,715630730,764.92,2816272396.7563024,44317718.380661346
2786098523,702797377,869.92,2816020947.8083334,44217835.278152056
2729414546,685484681,838.1,2815305192.421488,44727338.75067664
2840297446,722475584,773.13,2815510046.9590163,44600614.529346704
2805654425,695580145,861.01,2815429919.9512196,44427757.3074927
2778051437,717410284,925.7,2815128480.572581,44374363.67776356
2777246382,724589137,927.83,2814825423.784,44325162.8571511
2792810952,709800032,760.04,2814650705.7539682,44192112.92411436
2842447469,717524865,909.25,2814869577.905512,44086294.63157916
2779744792,735720843,937.1,2814595165.515625,44022498.37174426
2780828580,716791646,925.63,2814333409.0387597,43951420.51525855
2821084974,725796789,767.81,2814385344.1538463,43786023.684328526
2819590153,714912246,927.55,2814425075.519084,43620933.621541776
2769668309,703419952,868.37,2814086009.1060605,43628332.03259514
2863515043,718567298,779.16,2814457655.9774437,43673239.705763094
2832647944,698640901,831.07,2814593404.3955226,43538130.09805628
2800108592,711168156,829.66,2814486109.4888887,43394356.27665974
2760694238,698708252,836.01,2814090581.022059,43478084.436442174
2957914476,739014476,804.75,2815140390.4744525,45015900.30961596
2904509056,661159080,800.27,2815787989.5,45488489.447920404
2735502700,669692992,821.22,2815210397.4892087,45829628.53178946
2808741901,704972311,902.3,2815164193.9428573,45668906.81217248
2987058449,750397716,812.66,2816383302.134752,47738126.08267333
2810833599,683890341,875.41,2816344219.71831,47572000.76436327
2791257002,726410790,928.37,2816168784.6293707,47451446.93863067
2859410268,729554173,778.11,2816469072.7083335,47422549.045755774
2775218299,697184894,859.67,2816184584.613793,47381884.04931598
2780027460,702179831,892.21,2815936933.0753427,47313412.11436241
2770319185,703106287,872.62,2815626608.2585034,47301064.37959492
2826372902,722373823,769.07,2815699218.3513513,47149212.124185406
2795441552,703475264,858.5,2815563260.8590603,47019826.82236241
2816260466,689505910,841.67,2815567908.8933334,46862866.315859154
2790762279,674733378,824.06,2815403633.1986756,46750746.72442814
2904413475,726113647,790.25,2815989224.263158,47149057.365034714
2793271668,672574233,791.78,2815840743.503268,47030363.090789296
2831915507,685713109,813.07,2815945125.0844154,46895195.60702958
2918686928,716149210,794.5,2816607975.4258065,47461924.89364354
2769834383,681521748,834.39,2816308144.705128,47456597.14433123
2788666474,686528259,842.19,2816132083.10828,47356303.522179015
2812249297,705167171,896.66,2816107508.512658,47207208.168610096
2963819943,734149501,806.3,2817036517.534591,48485748.18832317
2775993157,719114858,907.98,2816779996.53125,48442104.97875295
2849065304,753044301,961.65,2816980526.3913045,48357999.362272345
2869722251,730636596,780.94,2817306092.5925927,48385182.34723222
2838248237,723703882,772.18,2817434572.006135,48264244.14453691
2822633034,693554513,836.47,2817466269.945122,48118573.88645461
2788292708,686940300,848.07,2817289460.478788,48025944.479833156
2957905646,729908140,804.94,2818136545.933735,49101865.43028131
2810615878,702055215,902.42,2818091511.994012,48958071.45937895
2786879138,729590015,921.72,2817905724.053571,48871156.19389258
2802878657,711325427,865.45,2817816806.497041,48739980.37360183
2932600766,724156309,798.11,2818492006.2588234,49382768.86487541
2760025062,722271902,904.74,2818150094.3040934,49439562.569819175
2775882658,732804093,909.72,2817904353.395349,49400262.37377181
2801594598,715767118,762.41,2817810077.352601,49272795.50434378
2805118854,691126363,845.96,2817737139.2873564,49140368.41968756
2846902261,704024191,870.6,2817903797.1257143,49049056.16647831
2820329305,718124175,924.63,2817917578.4204545,48909853.53733807
2838625277,717755702,772.34,2818034571.0677967,48796184.56579486
2792620622,704373681,855.82,2817891796.073034,48695984.79851367
2801811653,681853983,834.1,2817801962.8715086,48574560.38030234
2811790468,737217640,948.37,2817768565.677778,48441503.91580702
2844415542,722420860,773.99,2817915786.5414367,48347865.43356579
2983154564,761441808,860.94,2818823691.912088,49738008.38698456
2783295977,683945735,838.9,2818629551.3934426,49671025.19892592
3148773034,819199923,857.11,2820423809.451087,55162897.24203501
2825990744,694749774,877.23,2820453900.989189,55015120.57290798
2772802591,677682143,834.4,2820197711.1505375,54977570.47625988
2859810078,741242905,944.7,2820409541.989305,54906431.54150629
2873947784,729409676,781.98,2820694319.87234,54898505.52430048
2800075207,700780379,850.97,2820585224.037037,54773508.118365474
2819892728,718957426,883.9,2820581579.3210526,54629200.1269911
2915945942,717032075,960.95,2821080869.1780105,54918938.5242302
2860253303,724942256,778.37,2821284892.2708335,54848258.52496072
2787209168,691261087,844.31,2821108334.11399,54760655.83842615
2826640606,675748659,799.54,2821136850.9793816,54620774.52316848
2826182066,748501754,768.82,2821162723.876923,54481733.071636766
2813886044,666619312,766.04,2821125597.9591837,54345044.2431104
2773530120,657536046,774.4,2820883996.5482235,54312363.24322053
2792747068,687285259,859.67,2820741890.848485,54211741.15902896
2931643639,729065779,797.59,2821299186.0653267,54641000.25520631
2813841704,713583680,884.4,2821261898.655,54506764.66446906
2820119102,679901893,812.79,2821256213.0995026,54371066.08743475
2770132039,678043621,824.9,2821003123.1287127,54354880.845353946
2842329369,724482823,773.67,2821108178.5270934,54241391.1723656
2855050615,718089478,891.23,2821274563.019608,54160189.52119807
2790349759,681018310,839.04,2821123710.3170733,54070875.29113745
2823067080,729194719,768.63,2821133144.1504855,53939644.76215928
2769134408,686313285,842.19,2820881942.52657,53929851.26388121
2803935854,697828465,845.23,2820800470.9471154,53812823.87385933
2830875593,673992622,826.33,2820848677.2727275,53688432.421647176
2861370098,738579778,778.56,2821041636.419048,53633045.59339213
2796169731,675655735,843.76,2820923760.0900474,53533062.45035063
2908543110,715218973,907.06,2821337058.9103775,53743028.029433265
3018111244,747520646,841.08,2822260881.375587,55278240.4872362
2969650721,751377478,808.03,2822949618.9439254,56057502.040959865
2850527079,725784742,899.11,2823077886.2,55958452.009253666
2946063762,714605025,932.49,2823647265.2546296,56449559.407954246
2850899949,735069250,775.64,2823772853.658986,56349578.80101845
2795354354,721775998,896.74,2823642493.568807,56252974.976293944
2813319533,684489902,839.55,2823595356.762557,56128711.556057
2827012897,712309157,890.54,2823610891.0363636,56001472.85558236
2806407647,714233988,763.73,2823533048.3031673,55886557.045105346
2773628136,721527945,918.84,2823308251.400901,55860596.512998
2786885224,676008117,826.96,2823144919.4394617,55788312.009403914
2921369830,716274594,794.78,2823583423.504464,56047490.020084456
2766376624,651653097,771.96,2823329171.062222,56052118.91138403
2781284401,683636596,823.53,2823143132.256637,55997548.47997465
2735384779,699209322,873.86,2822756531.5814977,56175525.3278839
2830689780,728601741,770.41,2822791326.5307016,56054649.477899455
2769545778,691565729,834.64,2822558813.2183404,56042206.41795167
2757141314,684911545,851.23,2822274389.308696,56085639.52630378
2771531400,689957690,862.21,2822054722.6883116,56063178.08597899
2820508223,717514869,767.55,2822048056.7413793,55942313.530999325
2747368906,675131366,832.82,2821727545.3648067,56035200.72625542
2762012321,657863523,797.04,2821472352.0982904,56050860.44912282
2820121812,709994776,767.31,2821466605.1191487,55931545.248211764
2923195067,680565625,869.79,2821897657.923729,56202727.84912876
2781611598,702173821,862.63,2821727674.5485234,56144791.73507198
2734066550,710919183,881.86,2821359350.495798,56312920.196566306
2803794017,714071523,762.99,2821285855.3765693,56206424.51508332
2829539158,729829371,930.55,2821320244.1375,56091725.05263572
2804947426,705600403,902.98,2821252307.13278,55985124.93254878
2861145255,692709214,890.2,2821417154.0247936,55927913.18664507
2834181407,730399139,771.03,2821469681.814815,55818697.99863771
2829634487,688090751,859.24,2821503144.1311474,55706640.23875418
2803430322,687876907,859.44,2821429377.5102043,55604777.24305237
2950326529,737502012,802.77,2821953349.6707315,56094443.22523757
2759304036,685367091,837.42,2821699708.724696,56121951.51064034
2771060701,692567846,841.99,2821495519.177419,56100547.30498433
2783692565,705628142,914.82,2821343700.084337,56038807.311472006
2794304278,716232188,760.37,2821235542.396,55952652.810155414
2822325239,726072654,932.23,2821239883.816733,55841124.29629728
2793341087,716762049,929.36,2821129174.3055553,55757812.323041
2788090602,684477203,835.85,2820998587.063241,55686108.885732345
2929939367,731562778,797.42,2821427487.7716537,55993527.38298573
2799973539,706414132,882.57,2821343354.6392155,55899712.180059254
2781502645,722910406,889.16,2821187726.8671875,55845749.697902285
2820437358,740630990,767.53,2821184807.143969,55737014.06046243
2800304473,720940583,858.2,2821103875.616279,55644019.637476794
2797717338,704979086,824.66,2821013580.104247,55555430.04600792
2761553424,679665638,841.19,2820784887.1961536,55570503.25125864
2929679059,727087593,797.04,2821202106.2452106,55870455.12027763
2803960739,690558174,865.55,2821136299.5,55773863.693872474
2784140951,702744997,866.89,2820995632.7756653,55714273.317390494
2852341356,711018600,912.72,2821114366.5757575,55641981.189250916
2844966902,721123903,774.1,2821204376.1433964,55556149.91160903
2774586144,694720844,841.18,2821029119.631579,55524966.42826454
2800650795,706666436,862.74,2820952796.318352,55434867.31629784
2826975176,720759159,769.38,2820975267.8843284,55332565.748613365
2805584131,744264112,956.34,2820918051.7620816,55237563.50590131
2807900056,661661278,804.42,2820869836.962963,55140847.468938224
2828439055,701817103,856.94,2820897767.6568265,55040931.02042225
2935459784,729663107,798.8,2821318951.540441,55375450.19242932
2771272739,681281874,818.1,2821135632.080586,55356561.85056329
2977925156,695108217,884.7,2821707856.620438,56058510.12035948
2837039251,728634640,772.26,2821763607.1454544,55964101.91980681
2835995129,665683536,772.36,2821815170.630435,55869169.633959495
2822834846,663901268,806.43,2821818851.768953,55768265.10742908
2771712242,672758062,806.9,2821638612.1654677,55748638.497866124
2855903539,719651994,777.14,2821761425.5232973,55686302.957826935
2793489688,676884921,829.15,2821660455.0321426,55612353.66950211
2797399329,675250223,803.32,2821574116.505338,55532107.16159616
2836463582,660710203,792.31,2821626916.028369,55440623.921203904
2853238407,727020368,776.35,2821738617.409894,55374365.47322227
2890047836,695482186,893.99,2821979142.8274646,55424684.931576006
2757124816,696366047,840.29,2821751583.785965,55460107.49804218
2826585586,715536469,769.23,2821768485.891608,55363799.68105601
2760120327,682914066,836.62,2821553683.944251,55386517.79606336
2801208385,707664239,878.3,2821483040.545139,55303227.79796795
2902627295,719530922,966.27,2821763816.5121107,55412712.12123188
2863122669,734271733,779.05,2821906433.2448277,55370196.150092684
2849163378,696645142,865.91,2822000099.7216496,55297986.524256565
2774707413,683758980,837.65,2821838138.4657536,55272312.38866539
2805722465,716344915,901.27,2805722465.0,0.0
2831113962,704319515,877.06,2818418213.5,12695748.5
2792014760,704048891,888.04,2809617062.3333335,16198000.196542913
2857119692,696691735,852.43,2821492719.75,24897291.519550737
2776236069,694734119,871.13,2812441389.6,28698543.690312766
2841736916,695887718,872.9,2817323977.3333335,28381983.542777237
2760613791,702269996,870.92,2809222522.142857,32928129.831656963
2851366507,691545290,834.08,2814490520.25,33808159.4564415
2844456137,700979261,904.86,2817820033.2222223,33236693.98617457
2884814728,734323013,933.94,2824519502.7,37391925.14394834
2840635852,696460164,850.98,2825984625.3636365,35951589.85718467
2813001348,738440460,919.23,2824902685.5833335,34607565.7825161
2829346058,723996723,914.38,2825244483.4615383,33270948.445318166
2827152855,697487810,848.76,2825380795.714286,32064455.04578971
2881564310,716406073,933.92,2829126363.3333335,33999958.832356215
2848819209,746940877,957.97,2830357166.1875,33263651.491555613
2802074287,692160828,841.5,2828693467.4117646,32949511.49551558
2867036610,692718021,849.31,2830823642.0,33203843.676473267
2793969513,688872424,838.01,2828883951.0,33349548.588489667
2803156801,692201847,839.64,2827597593.5,32985184.071663905
2879878257,727114140,904.32,2830087148.904762,34061261.00932335
2857268008,698394149,856.24,2831322642.5,33756330.62262021
2909646903,751963818,963.15,2834728045.130435,36675273.6253795
2865164946,763353591,953.42,2835996249.3333335,36414595.131025575
2840778942,698798586,858.95,2836187557.04,35691178.13047606
2842744550,715272841,872.11,2836439749.076923,35020788.02643297
2846969737,705130992,895.12,2836829748.6296296,34423624.20870686
2862116167,752493324,951.08,2837732835.0,34127485.013180934
2949302975,695117880,879.87,2841580081.206897,39229582.81828272
2830551409,682184605,834.73,2841212458.8,38620988.29152537
2986983547,721665002,853.75,2845914751.967742,45900022.44055225
2849773344,731751212,775.32,2846035332.96875,45182130.49734128
2951708496,701383341,901.0,2849237550.030303,48038502.960407324
2934164316,682565847,865.92,2851735396.0882354,49454211.70752278
2845905224,729269240,774.37,2851568819.742857,48752279.837868236
2849935027,710111594,901.96,2851523436.611111,48071145.98891094
2860792267,722120366,909.32,2851773945.5405407,47440902.654446
2857816074,689548623,847.61,2851932948.9210525,46822508.827488504
2841407605,733269739,773.22,2851663068.3076925,46248254.555724405
2862333084,741439114,950.72,2851929818.7,45696866.394916646
2823742180,720995594,910.25,2851242315.3170733,45345101.60199716
2852396950,722467324,777.09,2851269806.6190476,44802372.71829886
2803590671,682634609,839.6,2850160989.5116277,44857666.836362906
2845020546,718346217,888.89,2850044161.25,44351607.89145091
2824648668,710680969,885.02,2849479816.9555554,44015518.644172914
2848359814,713920639,774.91,2849455469.0652175,43534766.6676502
2827484111,690076181,819.75,2848987993.361702,43185685.49885226
2835007095,683398259,814.29,2848696724.6458335,42780095.309462
2818991137,726115623,864.55,2848090488.163265,42549123.579399765
2959301224,743028230,805.09,2850314702.88,44906890.15316416
2757855980,712403838,881.49,2848501786.745098,46275482.57976497
2792714294,669713835,810.87,2847428950.3461537,46464384.24739515
2855943618,732258824,777.27,2847589604.4528303,46038531.817317076
2775146540,662733119,782.51,2846248066.2222223,46644195.438406706
2778303601,667290010,797.75,2845012712.309091,47101300.343089364
2764848854,693132420,854.48,2843581214.839286,47870878.59716374
2821693770,726786560,767.84,2843197224.5789475,47536031.147787765
2860085027,699865903,861.66,2843488393.586207,47175701.17730894
2813807288,694391652,836.41,2842985324.0,46930845.210549615
2809492372,664931595,814.4,2842427108.133333,46735217.134202614
2816314751,716917732,766.35,2841999036.704918,46469011.08704901
2791001357,662457099,794.9,2841176493.483871,46538281.85127503
2756021019,707805450,886.79,2839824819.285714,47378361.61249976
2800995581,717503026,762.35,2839218112.4375,47252782.35415941
2781102222,665848320,798.91,2838324021.8153844,47430325.25912562
2740724758,680253260,827.91,2836845245.090909,48556061.44475465
2799846949,706060007,871.28,2836293031.716418,48400699.35344371
2904141980,717880186,790.07,2837290810.367647,48732740.12867747
2795526093,668631187,799.5,2836685524.6086955,48635117.23124611
2776583427,647173216,776.44,2835826923.214286,48810348.394993916
2762250440,674200285,809.28,2834790634.71831,49234815.368444294
2905187335,704621367,790.25,2835768366.6666665,49580970.03576945
2839654266,705928930,857.53,2835821598.1643834,49242274.94089792
2898487369,742586116,911.4,2836668432.9054055,49440716.76609124
2894848985,732392434,787.77,2837444173.6,49561314.84960925
2808623821,711009937,915.76,2837064958.4342103,49343583.053563304
2797489425,722755087,910.12,2836550990.4675326,49226465.88096683
2735911243,756046911,938.48,2835260737.294872,50203224.004893765
2812659673,728083491,765.68,2834974647.873418,49948417.80032688
2872431017,667552674,832.64,2835442852.4875,49809405.884207726
2758186054,677817165,823.01,2834489064.851852,50230712.101532534
2769364863,679284836,814.19,2833694867.268293,50432582.34460134
2922644048,727158994,795.17,2834766544.1445785,51058571.56980714
2774590910,690684926,853.33,2834050167.547619,51171647.444197275
2830284428,720917064,840.43,2834005864.7294116,50871367.671150446
2777075378,735106978,755.52,2833343882.3255816,50941662.654124305
2779209359,698636707,836.45,2832721646.4252872,50975700.73060811
2803681067,690908141,878.04,2832391639.840909,50778618.366651274
2777361240,720375462,935.67,2831773320.741573,50824605.85667363
2951197854,736570248,802.99,2833100260.0,52068678.99714195
2774299095,706275141,862.75,2832454093.3516483,52143382.37060807
2758428012,719653065,906.2,2831649462.0326085,52424183.205276534
2818373787,720077903,766.93,2831506712.83871,52159545.0549725
2790262598,703131684,759.14,2831067945.6595745,52053620.82943012
2758556740,699657160,855.3,2830304669.8105264,52305076.37543651
2799753022,716290867,910.67,2829986423.4791665,52124318.203467615
2797907651,706926049,761.2,2829655714.484536,51956079.34325606
2787488253,700117946,893.26,2829225434.265306,51863740.87438667
2871518072,714094912,961.79,2829652632.6262627,51774146.89410451
2756214540,695568900,861.34,2828918251.7,52030268.91038683
2777096963,708577336,755.65,2828405169.633663,52025673.94355196
2939242128,705566573,926.77,2829491806.480392,52909295.07039639
2779101025,673169056,814.34,2829002575.592233,52883157.12063789
2792662687,704695920,760.32,2828653153.5865383,52747639.86443474
2760118093,689598033,860.07,2828000438.7238097,52916189.425563335
2813587588,676478216,829.66,2827864468.4339623,52684419.700715154
2750784533,711148820,894.49,2827144095.2056074,52959558.41289369
2797355090,712249831,762.69,2826868271.0833335,52790962.226714276
2793063205,702185246,868.82,2826558132.8623853,52646994.13556911
2798103316,718998602,909.52,2826299452.7090907,52476684.77792128
2793132601,689399516,837.16,2826000652.243243,52333683.25720759
2888123132,738529350,786.06,2826555317.241071,52426235.94228485
2845505038,703822383,877.48,2826723013.884956,52223910.21588776
2788454236,710768206,868.78,2826387322.8508773,52116663.250689685
2854642522,735422897,776.98,2826633020.2347827,51955844.55773991
2799073848,704124612,866.03,2826395441.163793,51794112.101978905
2791661627,699421779,868.52,2826098570.957265,51671315.92232517
2810808578,693707856,838.6,2825968994.745763,51470990.241106205
2968602940,735200164,807.74,2827167599.327731,52882181.97910489
2818402461,708034762,875.57,2827094556.508333,52667406.330762506
2816992210,689082343,832.06,2827011066.041322,52457294.45360857
2779856780,676990577,855.92,2826624555.5,52414582.95481741
2823198293,724151429,768.38,2826596699.707317,52201987.440392494
2771038910,685647789,835.38,2826148653.016129,52227990.97495537
2749866827,671513690,828.6,2825538398.408,52460650.60696328
2800093934,716686201,761.99,2825336458.214286,52300813.77194549
2839740043,697326083,859.31,2825449872.2677164,52110051.2436279
2825421819,653050166,771.69,2825449653.1015625,51906097.28595501
2834437506,715398529,859.46,2825519326.379845,51710527.846064664
2850897010,724813268,775.83,2825714539.330769,51558952.3524525
2799973642,692996974,874.83,2825518043.931298,51410625.00649896
2764802440,708990713,876.58,2825058077.2348485,51485384.58624795
2825422072,713948698,913.57,2825060814.037594,51291474.94915819
2835534332,724232557,771.67,2825138974.619403,51107680.03809677
2779848516,697951452,846.81,2824803489.740741,51065923.68674691
2794986642,735875448,935.9,2824584248.2132354,50941565.657691635
2847089044,723924549,774.75,2824748516.7956204,50791446.50300349
2758135712,742138718,920.57,2824265815.311594,50921490.000261724
2821402745,727565356,924.83,2824245217.683453,50738565.50136905
2896367403,737545573,977.43,2824760376.15,50920549.9711102
2831851885,726870782,770.85,2824810670.539007,50743148.93805591
2870275635,729134255,926.6,2825130846.3450704,50706888.7420014
2808752158,710537011,899.86,2825016310.0629373,50547710.74718829
2811448512,724137351,774.1,2824922089.2430553,50384491.70365662
2823530287,719451538,768.37,2824912490.6068964,50210583.60504197
2747637560,682140937,860.31,2824383210.260274,50442589.58040615
2802321534,697072705,860.68,2824233130.8299317,50303420.429673016
2923414386,729987059,795.5,2824903274.4459457,50787332.787707455
2744111336,713132693,875.29,2824361046.671141,51044644.17177667
2822470820,723664611,923.49,2824348445.16,50874443.37006068
2809143892,740845739,944.0,2824247752.7549667,50720699.67382772
2821177805,721386592,767.75,2824227555.730263,50554189.15571818
2817605701,736570279,944.42,2824184275.633987,50391533.72108409
2799811129,711114880,908.79,2824026008.448052,50265794.4056945
2850000941,728214728,775.79,2824193588.6580644,50146524.51024032
2774936695,697837068,844.14,2823877839.3397436,50139877.82993637
2801444102,734310843,932.23,2823734949.2929935,50011795.64214411
2937944954,715217586,959.93,2824457797.424051,50669353.963657826
2964299181,737083966,806.62,2825337302.981132,51705455.315954305
2818574787,734771696,939.9,2825295037.25625,51546377.73398513
2801863893,734582687,927.94,2825149502.1987576,51419010.5301217
2971099151,738047738,969.31,2826050425.95679,52519253.85604504
2850281049,724900975,775.74,2826199080.0858893,52392079.510591775
2804146969,708319625,862.34,2826064615.993902,52260307.633276515
2793487749,712626921,893.88,2825867180.4363637,52163016.04468562
2938813551,725170197,799.62,2826547580.259036,52734946.119401544
2765265767,684185789,848.59,2826180623.293413,52788967.88983484
2883810412,680745739,839.56,2826523657.75,52817980.92996644
2812739185,691273434,812.17,2826442092.822485,52672093.69478868
2824528390,733540012,768.72,2826430835.747059,52517151.17460338
2798836202,723519498,910.02,2826269463.619883,52405621.61718179
2806422064,674157128,810.99,2826154071.7616277,52274840.446887635
2804813872,670545178,820.08,2826030718.00578,52148637.613573045
2823597042,716049267,768.26,2826016731.362069,51998894.705129616
2818899880,706088410,890.54,2825976063.64,51852888.55123964
2778421230,684830932,835.64,2825705865.721591,51828770.30584604
2801786315,708062134,762.32,2825570727.016949,51713240.41073908
2780095176,678636603,853.92,2825315246.3932586,51679668.7033368
2821253901,699939307,885.8,2825292557.312849,51535998.93718782
2792586346,724799922,906.34,2825110856.138889,51450107.86494923
2806130291,720922751,763.86,2825005991.1381216,51327069.49175639
2815921176,720892431,896.55,2824956074.571429,51190272.06885675
2768753914,718962111,906.86,2824648958.939891,51218071.32876669
2792993531,700332104,887.8,2824476918.570652,51131694.954081684
2928358624,722961752,796.73,2825038441.302703,51559040.88268198
2772663058,692082249,838.98,2824756853.22043,51562695.49403908
2742232023,682089452,853.09,2824315543.9679146,51775651.37186441
2810245197,711164898,764.58,2824240701.6968083,51647907.91155941
2749054736,714397330,894.1,2823842892.3544974,51799073.6258961
2941074339,718624418,891.8,2824459899.968421,52354314.19282091
2788121583,681059387,837.28,2824269647.0,52282892.42898732
2815266523,726923513,765.99,2824222755.7291665,52150587.976839565
2794640566,687582266,856.78,2824069480.134715,52058648.98933689
2765750701,741017492,934.27,2823768867.871134,52091979.27043371
2888214879,729429131,858.11,2824099360.2358975,52161750.62306231
2803797403,718285946,763.08,2823995778.821429,52048616.94306097
2771828984,681140595,831.86,2823730972.7563453,52048543.889121756
2809018086,671978200,806.01,2823656665.2474747,51927416.6695845
2924031709,715303165,795.83,2824161062.4522614,52280790.3895856
2784877996,692980646,897.2,2823964647.12,52223479.931039676
2812237422,720217538,915.39,2823906302.716418,52099942.93465236
2813469772,705532321,889.4,2823854636.722772,51975984.39970278
2805720283,714205318,763.72,2823765304.9310346,51863349.79667726
2775531300,678591713,826.86,2823528863.730392,51845639.40238272
2823679640,668489935,795.6,2823529599.22439,51719033.10223356
2847758806,730985577,774.8,2823647216.73301,51620825.06747134
2794573447,678308685,763.72,2823506763.7391305,51535428.1874336
2752803730,704960976,850.54,2823166845.3076925,51643482.90467289
2833517091,706738521,873.96,2823216368.014354,51524736.24042866
2819910966,730137821,767.42,2823200628.0047617,51402415.57166158
2799790720,735318196,920.76,2823089680.5734596,51305662.183479786
2802810917,743521561,952.27,2822994026.0283017,51203371.03833579
2766631945,673424904,833.34,2822729415.3192487,51228120.66000281
2818022341,726939582,766.97,2822707419.64486,51109296.792575695
2778801480,717003672,889.79,2822503205.972093,51077736.11062218
2766914318,662618755,796.29,2822245850.009259,51098890.61926583
2926126496,728914929,796.32,2822724562.6635942,51464198.557453245
2887165673,670036591,849.06,2823020164.087156,51530339.23804431
2745177954,681166497,841.83,2822664720.2054796,51679716.088718474
2813569066,669139055,814.37,2822623376.322727,51565758.27933752
2815479303,719257414,766.08,2822591050.1990952,51451195.55297424
2760099610,674703332,824.94,2822309557.2252254,51505463.2789821
2749251891,678709702,834.82,2821981944.372197,51621158.7101559
2796963978,678786585,823.17,2821870257.022321,51532800.857204445
2968147511,728688863,807.72,2822520378.151111,52330698.849865906
2796164204,723948563,933.43,2822403757.9115043,52244089.038920105
2794126445,725271144,909.27,2822279188.2511015,52162513.6577571
2783448459,709222880,757.38,2822108878.0350876,52111209.94005709
2800253805,706073580,886.42,2822013441.0349345,52017270.74454005
2779627763,658295014,800.83,2821829155.478261,51978930.63924947
2782079230,678146182,810.24,2821657077.878788,51931912.612580046
2922854848,727257190,795.45,2822093275.163793,52242231.97414965
2786863346,701940172,887.89,2821942073.751073,52180851.20117751
2759376040,690020588,852.24,2821674697.5384617,52228941.570181884
2752675434,692114740,849.98,2821381083.651064,52310872.15465926
2816966792,722977761,766.54,2821362379.0254235,52200713.90570766
2868573088,682806248,824.19,2821561580.329114,52180281.29676972
2780901358,669751693,836.66,2821390739.0588236,52136923.13537023
2822633963,722573973,768.0,2821395940.832636,52027797.631119624
2772077643,692896133,889.56,2821190447.925,52016394.952980906
2799077970,660866993,825.54,2821098694.9045644,51927823.166376226
2779671805,703586830,904.95,2820927509.409091,51888521.272978485
2912743910,714451952,792.46,2821305354.6790123,52114185.72149514
2857505036,696156496,896.31,2821453714.0286884,52058680.48773526
2769254052,689841167,850.47,2821240654.1836734,52058820.708035514
2776543567,676217009,812.31,2821058958.707317,52030686.21052776
2819682769,715801085,767.34,2821053387.089069,51925327.6480379
2806416547,677400460,847.3,2820994367.572581,51828834.57304135
2797105283,655792173,779.72,2820898427.4738955,51746717.24077978
2816836980,719003216,766.4,2820882181.684,51643756.36718411
2815428314,706035072,880.49,2820860453.12749,51541922.71536301
2757774869,707419884,871.7,2820610113.5079365,51592228.143020295
2761134819,713717336,896.48,2820375033.29249,51625220.8176673
2790039530,716707698,759.21,2820255602.1771655,51558504.577674404
2786597595,647304565,760.11,2820123609.992157,51500290.690285265
2759136262,695666251,862.98,2819885378.1640625,51540196.406906664
2836428868,716032458,772.25,2819949749.7198443,51450135.831721894
3010392497,745048975,818.95,2820687899.903101,52696174.612870865
2892227901,750583235,923.23,2820964116.1235523,52781146.83686526
2831911379,752659875,970.04,2821006220.980769,52683904.71401332
2787704330,707822637,758.61,2820878627.5287356,52623114.502953045
2801301939,701658045,881.3,2820803907.3435116,52536462.90792975
2780886042,683123940,863.3,2820652128.3878326,52494009.08129248
2795307843,677305834,815.74,2820556127.306818,52417620.069216706
2918086961,718751558,793.97,2820924168.188679,52659267.425309666
2767200783,685941120,840.45,2820722200.575188,52662920.851026714
2777459193,706459403,883.1,2820560166.838951,52630597.95660562
2816999795,721103885,766.63,2820546881.869403,52532763.28668163
2778123922,645541671,758.13,2820389175.698885,52498548.88165499
2759327870,690410721,847.42,2820163022.7148147,52532351.146555334
2771673983,723011267,925.07,2819984096.369004,52517698.60142512
2806953719,725754586,764.04,2819936190.569853,52427001.59912347
2825252605,650942436,779.69,2819955664.6153846,52331878.93125287
2754137157,704491961,864.89,2819715451.0839415,52386862.4973386
2885403348,679955274,843.88,2819954316.163636,52440797.8072191
2811189374,719604357,765.05,2819922559.1268115,52348359.20609409
2749490654,683486248,844.53,2819668292.3212996,52424246.228505105
2953025375,697695968,912.56,2820147994.057554,52935405.22204448
2804454718,722010928,763.01,2820091745.7562723,52848775.84525532
2788570144,696384538,883.36,2819979168.607143,52787821.24128935
2760407977,688031162,832.64,2819767171.483986,52813080.646125585
2783061699,685896136,837.34,2819637010.2340426,52764489.187552884
2807827673,713351017,764.21,2819595281.1272087,52675844.4876487
2780447975,667021191,812.38,2819457438.5,52634128.96575233
2775513905,703037033,855.14,2819303250.663158,52605919.67428012
2771835093,707454299,899.49,2819137278.083916,52588568.02438937
2824211478,720390985,768.61,2819154958.2229967,52497721.83651756
2844909346,713202466,922.5,2819244383.1805553,52428393.11191667
2765945452,696648246,881.74,2819059957.813149,52431105.919254676
2827929201,721273745,769.53,2819090541.4103446,52343211.62880232
2755324453,704383504,841.59,2818871413.958763,52386272.30860279
2728596258,728932113,857.46,2818562252.4657536,52561746.41474964
2790685495,710829210,862.78,2818467109.9488053,52497154.79704969
2934568608,782330113,798.43,2818862013.0034013,52841935.67331556
2792453397,696368761,901.49,2818772492.2711864,52774624.08949142
2747565352,724413430,913.87,2818531927.608108,52847172.77784885
2797294336,719361601,904.69,2818460420.5656567,52772471.49809246
2807972888,715385043,764.14,2818425227.5033555,52687343.66610743
2757128440,693471108,837.41,2818220221.5250835,52718082.558421165
2796363713,713988086,914.33,2818147366.4966664,52645220.959762774
2794437406,715567767,760.6,2818068595.863787,52575403.264277875
2862286420,678745018,871.22,2818215012.5,52549718.59884907
2792705139,711036320,896.65,2818130821.4983497,52483328.462153554
2772539522,711616561,898.01,2817980850.118421,52461927.2487683
2834091367,717440733,771.15,2818033671.4852457,52383949.995150715
2805024495,729623139,923.79,2817991157.8366013,52303555.341578074
2786204127,722436037,922.29,2817887617.019544,52249703.20484681
2810794625,706813435,784.88,2817864587.8246756,52166373.862465635
2934598872,726964531,798.53,2818242368.6796117,52502199.251438946
2755579118,678781007,838.14,2818040229.16129,52537747.48888791
2778175441,667166885,793.42,2817912046.5627007,52501744.38495105
2789875657,709938678,759.14,2817822186.3397436,52441488.567186266
2801994816,700346856,878.23,2817771619.6613417,52365267.216487065
2744985922,698563887,861.79,2817539818.076433,52442410.78228852
2808973266,684419162,829.22,2817512622.673016,52361320.32125635
2977692999,739310720,810.02,2818019522.598101,53046866.52665687
2771175735,714854163,917.54,2817871750.397476,53028233.46226692
2889019746,740144412,947.77,2818095486.2327046,53094435.63718836
2804484666,709796863,763.11,2818052819.0846395,53016610.223321915
2782450148,645122014,758.43,2817941560.7375,52970992.50997475
2857375466,682472955,860.87,2818064407.7943926,52934054.18684203
2763296330,679466035,835.55,2817894320.5962734,52939575.033985116
2824600122,725742680,768.6,2817915081.5913315,52858874.5340235
2760778572,678355814,841.57,2817738734.339506,52872315.45162441
2817640054,674212464,802.09,2817738430.707692,52790911.043528266
2835094143,677884601,856.6,2817791669.088957,52718618.456540234
2775238042,718911278,755.25,2817661535.672783,52690361.56922161
2794148195,674261281,822.34,2817589848.6585364,52625948.103937544
2803970248,707316762,900.97,2817548451.6960487,52551256.942474335
2817913665,721588809,766.75,2817549558.4030304,52471577.253570415
2789444004,696843214,791.61,2817464647.362538,52414956.41536016
2792645439,691526370,839.28,2817389890.7108436,52353628.1940492
2789667817,664996918,767.95,2817306641.24024,52296963.24332323
2835049742,736654355,771.35,2817359764.296407,52227613.100152746
2753811168,699707023,854.63,2817170066.99403,52264712.03347137
2782112353,706305327,883.03,2817065728.5595236,52221809.066276446
2767357316,656800720,778.55,2816918225.851632,52214321.54338942
2962059857,731026306,805.93,2817347638.9615383,52729599.05818501
2764475207,669017733,816.07,2817191673.0855455,52729790.303201586
2773883895,679843163,829.44,2817064297.2676473,52704394.379135706
2803672800,713230014,763.01,2817025026.0146627,52632040.068226315
2765013935,690390536,849.11,2816872946.8011694,52630015.38427077
2747367051,664351468,784.75,2816670305.705539,52686683.73143729
2827972583,673397797,840.29,2816703161.162791,52613567.32544691
2822790948,724510749,768.81,2816720806.921739,52538279.82688452
2749983577,680844902,823.17,2816527924.7543354,52584488.243048966
2878282475,730428022,942.3,2816705891.757925,52612910.33617803
2857648906,702094264,894.03,2816823544.097701,52582955.131523944
2827285852,717225307,769.39,2816853522.057307,52510545.30562454
2812979098,687929289,864.43,2816842452.274286,52435884.3815777
2764150337,684733814,839.03,2816692332.2877493,52436401.27406677
2788697259,718183396,759.33,2816612800.8295455,52383060.68149649
2838748098,694316282,871.89,2816675507.0538244,52322039.39504268
2903179007,664470435,823.68,2816919867.2231636,52449411.655157566
2774390899,678265558,819.6,2816800067.312676,52423966.54750363
2827336667,728731550,769.6,2816829664.502809,52353255.68101239
2815394912,684429427,840.87,2816825645.5882354,52279935.36661093
2776533771,665303177,796.1,2816713098.452514,52250158.81920401
2797657754,663883064,801.6,2816660019.498607,52187000.67887762
2804804607,719349306,763.38,2816627087.797222,52118203.57224669
2793221880,652353314,771.85,2816562253.426593,52060503.315852165
2805058987,683353616,827.55,2816530476.4475136,51992052.558443755
2841210265,716619810,773.03,2816598464.84573,51936500.52781729
2793208166,717101508,894.55,2816534205.782967,51879558.17786744
2764108183,680460190,819.42,2816390572.843836,51880864.37982216
2817883114,672121416,804.09,2816394650.8251367,51809998.98229541
2839101031,720227185,772.62,2816456521.0708447,51752902.45398161
2799503839,710774159,889.35,2816410454.0,51690072.45646121
2810932197,693874211,885.41,2816395607.775068,51620769.839676395
2827392789,727936115,769.45,2816425329.8864865,51554126.4353044
2809450518,719386290,764.42,2816406529.8544474,51485869.60524
2794081350,705959503,875.96,2816346515.9301076,51429614.00401053
2819896659,688563205,857.17,2816356033.7399464,51360955.29536547
2835567896,731256373,771.69,2816407402.355615,51301838.57049537
2762556793,696552727,856.33,2816263800.7306666,51308602.70220287
2911581256,682092150,886.0,2816517304.6010637,51474947.962083004
2768879997,720187875,895.94,2816390945.69496,51464991.94702014
2840278279,720418294,773.0,2816454139.698413,51411515.6404256
2806701753,685950289,852.13,2816428407.807388,51346082.918772355
2889333884,668036481,827.91,2816620264.323684,51414325.48311082
2928606908,728898166,797.05,2816914192.52231,51665504.54162709
2767800762,642312488,754.62,2816785623.332461,51658828.31979213
2783322480,656829625,783.01,2816698252.2010446,51619598.10130639
2795570763,682560634,829.71,2816643232.6979165,51563584.89246939
2933691357,727855344,798.45,2816947253.8,51840042.20017526
2762441825,675033192,820.28,2816806048.0259066,51846932.09165018
2783265720,677148572,812.12,2816719380.5116277,51807892.32152915
2748454520,670101048,811.34,2816543440.1494846,51856722.04802528
2798417361,713038976,761.47,2816496843.544987,51798157.88377359
2774230296,718283770,911.78,2816388467.782051,51775848.33638207
2784361024,670368818,798.93,2816306556.161125,51734892.216485165
2820544626,717764807,767.63,2816317367.5637755,51669303.95783974
2771053256,683939060,834.78,2816202191.7073793,51653885.293051064
2920911647,709824780,947.95,2816467951.746193,51856619.041234694
2806901899,699705970,900.38,2816443733.891139,51793167.02454089
2833631761,729768033,771.49,2816487138.0,51734922.69664765
2791572495,756056798,959.56,2816424380.7128463,51684814.44434093
2873560761,713012722,874.24,2816567939.4572864,51699032.89851098
2826087263,686222726,826.18,2816591797.4110274,51636400.17670637
2835729626,719105440,771.66,2816639641.9825,51580668.67301811
2793554799,746633481,955.06,2816582073.7955112,51529178.07253496
2783078839,676388340,830.93,2816498732.415423,51492099.76261528
2806679591,720830266,764.04,2816474367.300248,51430494.28422406
2769926189,722389308,882.53,2816359149.037129,51418852.57994062
2798965751,737214837,944.21,2816316202.3753085,51362587.55559538
2776106330,710847637,878.86,2816217163.280788,51337998.790676735
2803070408,721443602,762.75,2816184861.6707616,51279021.89394443
2782773422,698092195,869.03,2816102970.8872547,51242780.20347589
2775770207,695227455,830.47,2816004357.772616,51218844.519728325
2784580031,680790183,827.57,2815927713.0731707,51179822.236009255
2939743309,741997374,800.02,2816228967.564477,51480193.0936712
2869282646,729292761,881.15,2816357738.6286407,51483909.41234963
2837845729,704786872,862.25,2816409767.661017,51432385.90764156
2868344705,738974087,780.81,2816535214.369565,51433452.73339543
2834090832,698133442,871.45,2816577517.0626507,51378657.65557748
2807071146,731691908,938.67,2816554665.2091346,51318978.809236914
2831599982,728156375,933.15,2816590745.1055155,51262690.52703432
2815116521,720082122,765.98,2816587218.2535887,51201385.45352675
2797524595,720455216,877.04,2816541722.732697,51148707.78277228
2812523651,692398127,843.38,2816532155.895238,51088155.49635475
3063047945,768296703,848.2,2817117704.087886,52419501.295192756
2898115185,743087594,789.39,2817309641.2464457,52505259.91116894
2834648029,730994043,939.48,2817350630.3427896,52449919.54155453
2850265442,760582921,977.3,2817428259.6155663,52412355.34648809
2997672274,734467353,815.63,2817852363.1788235,53074038.842766285
2787886214,715978947,929.87,2817782020.1056337,53031539.95094055
2785567246,698399700,870.69,2817706575.6697893,52992288.84386527
2794103866,722672862,924.0,2817651429.1518693,52942611.08545942
2874970416,738386145,782.32,2817785039.843823,52953064.43456011
2818011667,732526217,917.01,2817785566.883721,52891456.390181124
2782539249,741131408,936.25,2817703788.883991,52857271.12952239
2871234408,737443436,784.41,2817827702.3541665,52858694.468854964
2833132548,720659521,891.16,2817863048.418014,52802732.370018885
2833141427,734780106,951.07,2817898252.0552998,52746951.58603666
2804342389,744805900,940.17,2817867089.1517243,52690287.667185225
2948714327,734971196,802.4,2818167197.495413,53000727.483123146
2827983509,761439757,981.81,2818189660.450801,52942128.95645149
2820983747,701223344,877.93,2818196039.6438355,52881826.34356104
2882209553,756582866,985.06,2818341856.3029613,52909643.737967454
2872804683,723846953,781.56,2818465635.4545455,52913080.61209854
2797563915,725890104,927.06,2818418239.2630386,52862404.18249521
2929515050,694347213,880.25,2818669589.5135746,53065738.11656306
2894104261,737874059,788.68,2818839870.939052,53126566.72774758
2807025742,668226435,827.99,2818813262.5405407,53069660.92114362
2760953435,679141007,826.8,2818683240.4561796,53080750.71131695
2830460172,717183136,894.22,2818709646.132287,53024135.67315977
2797670649,715663761,761.35,2818662579.0246086,52974117.757957846
2758968341,680782382,810.93,2818529332.957589,52989899.54040705
2785439113,682601708,831.79,2818455635.363029,52953837.92654519
2802991849,676964126,830.67,2818421271.3933334,52899979.33959504
2807472397,713543050,763.93,2818396994.509978,52843808.85150149
2798910047,692170405,880.97,2818353881.7942476,52793260.77835339
2785188959,743420132,856.7,2818280670.04415,52757923.4276916
2831945778,768454433,770.49,2818310769.4008813,52703681.61451285
2791702648,682383148,811.34,2818252290.013187,52660477.35823058
2763300138,677514497,809.95,2818131780.9078946,52665474.18785279
2749833707,693891360,859.65,2817982332.16849,52704531.46348973
2818198516,716638516,766.93,2817982804.1855893,52646963.29101518
2768231655,672983748,792.4,2817874413.882353,52640715.889746904
2797833714,692662280,850.78,2817830847.1434784,52591750.00377859
2762882275,670376986,816.54,2817711652.8438177,52596841.65100367
2922530381,717454410,795.12,2817938533.2077923,52765231.44363341
2791446303,680251592,832.94,2817881314.5680346,52722565.37126814
2779758433,709102126,881.82,2817799153.1853447,52695386.05765474
2930749832,727795729,797.39,2818042057.870968,52898103.343331955
2790672684,688020897,875.56,2817983325.309013,52856490.80469987
2753007466,679028859,815.89,2817844190.7066383,52885226.59993552
2761653301,693036938,848.11,2817724124.7029915,52892373.95915333
2936360083,720829310,798.88,2817977079.837953,53118582.179138176
2744227825,691095476,860.42,2817820166.529787,53170744.030507706
2739800930,710368206,871.5,2817654520.5923567,53235530.96199234
2836369793,702433003,825.41,2817694171.59322,53186069.42144449
2795863648,713260012,760.68,2817648018.2663846,53139278.700569466
2764715596,753523096,959.31,2817536346.4894514,53138725.80243618
2798042322,679075279,805.62,2817495306.437895,53090280.17355669
2931332061,732903735,797.65,2817734459.2836137,53289995.839636944
2777143173,669991329,810.61,2817649362.2473793,53266472.612034164
2781044715,665486333,812.47,2817572783.4874477,53237003.75560167
2743325124,708127837,881.73,2817417777.9352818,53289271.67939494
2819497637,722790285,767.29,2817422110.975,53233817.550173394
2917036412,685513284,859.2,2817629209.313929,53371667.01217425
2821976086,661077046,798.47,2817638227.7302904,53316640.33818717
2905679656,719516447,790.69,2817820508.120083,53411550.28341927
2764676278,668702969,811.54,2817710705.9917355,53410886.482816346
2830561307,725412676,887.24,2817737202.0762887,53358979.3828444
2754002135,684526570,842.28,2817606059.962963,53382238.97001472
2841530320,734278406,773.24,2817655185.7535934,53338399.46355773
2770819632,705673176,853.83,2817559211.258197,53325798.42689355
2754095847,701691732,863.45,2817429429.3271985,53348337.520137355
2769839631,681540989,832.44,2817332307.289796,53337130.09064462
2800524232,708381950,762.11,2817298074.95723,53288175.642924674
2770103370,688173116,877.36,2817202150.760163,53276411.0190585
2766597696,703242653,854.92,2817099504.807302,53271027.98376393
2791775718,706837456,759.63,2817048242.0809717,53229253.43846099
2742037354,662581374,810.58,2816896704.9333334,53282018.053224206
2807642422,698917988,856.57,2816878047.104839,53229897.87462859
2775463776,665914250,808.84,2816794718.5915494,53208693.118556865
2797773758,709386954,761.34,2816756523.8915663,53162063.48614353
2763276464,681594557,835.18,2816649349.422846,53162594.62517699
2746419673,669705255,825.17,2816508890.07,53202007.76678873
2863678181,673578048,833.77,2816603040.3512974,53190564.57781675
2780411420,721912103,756.57,2816530945.49004,53162056.616349936
2803428267,667285638,790.73,2816504896.4274354,53112392.16293447
2796205095,682293223,836.09,2816464619.0436506,53067364.03947696
2908416604,729860679,791.48,2816646702.182178,53172157.68465241
2780120426,691302519,858.22,2816574515.8656125,53144353.72348148
2781647904,716142917,905.29,2816505627.0848126,53114527.04527043
2784549034,689481609,867.29,2816442720.405512,53081125.255506605
2814871593,722560391,766.04,2816439633.7111983,53029002.69684604
2890270877,723056672,940.14,2816584400.854902,53077571.86331272
2747286033,676467938,818.17,2816448787.6105676,53113979.82510808
2780725129,687566482,865.12,2816379014.8398438,53085521.30646931
2781252506,707474739,756.79,2816310542.1130605,53056382.96052036
2805004643,697884767,863.76,2816288546.200389,53007087.81152488
2803211037,719141435,870.92,2816263152.9786406,52958728.8900888
2856251373,734983540,777.11,2816340649.52907,52936609.12328254
2913708622,659086876,815.96,2816528982.16441,53058141.72660438
2791741438,660112336,784.93,2816481129.7625484,53018068.36330414
2778210769,696980348,853.74,2816407391.1098266,52993547.89151491
2833183568,721603537,771.14,2816439652.9884615,52947669.45168389
2771791774,684564496,852.97,2816353956.483685,52932916.13539076
2761711050,643312273,757.64,2816249276.586207,52936141.28630052
2740234981,716147247,886.27,2816103933.764818,52989659.93397168
2816769507,713411408,766.35,2816105203.942748,52939081.10429243
2734442459,673166943,809.96,2815949655.857143,53008361.72866411
2750919121,684658891,837.35,2815826023.661597,53033659.18603405
2907255054,722394904,791.1,2815999513.2827325,53132513.14176024
2741582754,713580547,895.17,2815858572.4507575,53180689.50639553
2765282450,693278342,874.19,2815762965.4139886,53175800.34219229
2790466086,705692571,880.43,2815715235.4528303,53136951.96917275
2784146462,718506240,757.46,2815655783.9020715,53104534.17232189
2814452202,695383482,815.64,2815653521.530075,53054626.03322581
2809076743,712575326,872.01,2815641182.358349,53005596.92241948
2825596410,733528409,768.97,2815659825.1067414,52957691.97831739
2831422399,720979188,770.44,2815689287.8616824,52912556.09358454
2774885972,716038680,921.83,2815613162.272388,52892490.779129736
2796055618,683454199,871.81,2815576742.264432,52849946.3375351
2823522662,727434385,768.39,2815591511.6319704,52801915.67536925
2778535862,677314008,823.56,2815522762.745826,52777007.18112259
2802085346,701937735,849.12,2815497878.640741,52731281.74618683
2810907430,665892075,810.56,2815489393.523105,52682893.18097982
2809581591,716720625,764.38,2815478493.5184503,52634880.877879836
2770548998,698761212,867.28,2815395750.4327807,52621662.47292332
2778002278,678042401,830.51,2815327012.4319854,52597669.56010878
2843785189,721570677,773.79,2815379229.269725,52563503.86456678
2796225289,661252328,787.17,2815344148.7930403,52521732.079633795
2787434576,679035981,825.95,2815293125.808044,52487243.652922675
2816438581,703870412,889.79,2815295216.0547447,52439354.75198997
2836491517,723978328,771.82,2815333824.9817853,52399369.29876163
2768840721,699075045,874.83,2815249292.0654545,52389166.6666911
2828825531,700118503,869.89,2815273931.3375683,52344794.53942906
2821654843,693883148,859.57,2815285490.960145,52298063.207902424
2843111329,724972639,773.57,2815335808.931284,52264128.37298815
2785867972,696072344,850.16,2815282617.8898916,52231916.81545048
2840282244,708124616,893.53,2815327662.2612615,52195608.727118924
2966626233,730978848,807.16,2815599781.992806,52541211.261689246
2842386035,666665688,788.98,2815647872.2136445,52506271.71127947
2839392749,681716644,831.45,2815690425.7562723,52468814.45659877
2820437322,673383029,805.13,2815698917.5205727,52422246.27121131
2913971194,716967876,792.78,2815874403.7285714,52539501.62391618
2804475952,699294777,846.58,2815854085.6327987,52494856.08286385
2798753752,659694724,790.45,2815823657.9928827,52453082.97600806
2827350063,724633416,915.76,2815844131.1811724,52408726.13068181
2821868266,718484752,767.95,2815854812.2712765,52362857.203378014
2918527075,676321766,856.12,2816036533.0902653,52494196.00829599
2831085186,669326922,799.47,2816063120.8162546,52451610.02406289
2800780816,712681618,762.32,2816036167.8977075,52409258.878935106
2772734464,647583562,776.29,2815959932.503521,52394560.15545075
2780806676,649727002,772.77,2815898151.7363796,52369202.06854157
2757367371,709807885,876.24,2815795466.1561403,52380545.87511397
2811518786,714012525,765.13,2815787976.348511,52334963.886259586
2757261513,730660624,895.5,2815685657.356643,52346327.21710395
2889677623,707786622,898.33,2815814788.1867366,52391734.573203996
2763218996,686842923,833.96,2815723157.8867598,52392010.63764557
2839705406,715240113,772.66,2815764866.1443477,52355969.26915575
2783944335,701033118,877.21,2815709622.1666665,52327272.26088383
2846944647,703056227,856.98,2815763755.658579,52298048.43643454
2889683127,795585093,786.11,2815891643.8442907,52343012.39599152
2816281500,723761625,864.2,2815892317.1709843,52297794.14783638
2812562485,732644477,905.63,2815886576.0810347,52252873.0042629
2797344451,711095879,886.65,2815854661.9242687,52213542.8357393
2845889898,730498747,774.26,2815906268.8591065,52183494.836358026
2840924947,682026988,834.83,2815949182.5437393,52148998.701289006
2760080198,674992185,822.33,2815853516.474315,52155507.57770341
2749274192,693441552,846.29,2815739705.663248,52183441.39048599
2813635186,717393150,765.84,2815736114.3327646,52138969.61424892
2802701641,680875956,860.02,2815713909.097104,52097312.45359157
2805099834,672452063,825.87,2815695857.9489794,52054830.400240056
2823589807,724351842,768.34,2815709260.239389,52011637.80273042
2850139357,690445431,862.64,2815767616.335593,51986836.459252186
2879237879,693972483,869.69,2815875011.027073,52008297.61416494
2801453550,670895896,792.2,2815850650.4510136,51967727.64910238
2825642679,716623893,768.82,2815867163.146712,51925445.88337373
2857743176,726697788,916.89,2815937661.4848485,51910114.66777775
2837584403,706569482,895.29,2815974042.563025,51874052.981139615
2826973037,719108007,769.26,2815992497.251678,51832471.030210964
2791988701,654590726,761.43,2815952289.887772,51798343.50506025
2769672914,715641237,916.1,2815874899.6270905,51789547.56649272
2776362538,685573858,837.87,2815808935.751252,51771435.652188964
2934166215,718769030,798.27,2816006197.883333,51953083.74366355
2767518283,660823551,784.26,2815925519.156406,51947447.40184694
2802914386,673496535,845.26,2815903905.9784055,51906988.1257758
2818032141,696580415,852.93,2815907435.389718,51864001.94076799
2814977649,713065351,766.08,2815905896.0082784,51821064.16611759
2778583929,718690213,899.08,2815844206.8066115,51800410.54768192
2811220567,740555052,957.0,2815836577.037954,51757993.51821815
2815162940,712014242,766.22,2815835467.257002,51715348.89879629
2816370040,675089289,828.75,2815836346.488487,51672806.86779461
2892826890,711433014,908.42,2815962767.7422004,51724383.63261265
2863235919,669895149,822.57,2816040264.7114754,51717341.977894336
2920030286,742515374,795.13,2816210461.145663,51845690.99330777
2834225122,701557551,857.78,2816239896.866013,51808425.622824304
2838626640,728025901,943.55,2816276416.838499,51774033.49372794
2826489424,699113090,852.76,2816293050.4006515,51733494.26362907
2832410052,727972511,770.99,2816319256.907317,51695496.094289765
2833762213,724207310,926.1,2816347573.3944807,51658291.55799223
2837639192,689391607,855.74,2816382081.690438,51623517.37031799
2937807875,734416204,799.26,2816578563.5566344,51812108.90758689
2821349591,662536118,788.15,2816586271.193861,51770595.11408276
2803697179,695991080,864.48,2816565482.335484,51731413.48752479
2802053704,671456342,814.59,2816542113.9323673,51693019.931291185
2996915643,740118707,815.2,2816832103.528939,52154525.90185595
2797281605,718830219,904.16,2816800722.3113966,52118528.2102763
2781405425,696875541,863.0,2816743999.0785255,52095992.07638508
2781502807,682580726,835.27,2816687613.1712,52073351.436393455
2855799252,727593623,777.16,2816750091.827476,52055182.117446
2808159560,721449351,905.37,2816736390.8197765,52014783.84991411
2835521260,699194703,868.11,2816766303.031847,51978751.04396513
2934922565,728778674,798.63,2816954150.825119,52150314.398570195
2799979937,664323611,804.5,2816927207.6285715,52113289.97819571
2765076844,717394830,876.74,2816845035.8954043,52112809.56131049
2831966671,740879252,935.01,2816868962.533228,52075033.29839013
2936051500,724704053,798.81,2817057244.582938,52248727.417453565
2819543114,673286034,808.23,2817061165.512618,52207598.73591515
2804187737,694331802,833.84,2817040892.3968506,52168971.652396835
2787847864,740980929,935.71,2816994991.408805,52140773.272089586
2951969091,740480979,803.15,2817206881.6750393,52373152.715518415
2792624597,735159967,937.76,2817168351.448276,52341126.3885521
2812404500,707238397,880.78,2817160896.28169,52300493.85578789
2842089425,727734835,774.12,2817199847.1078124,52268892.81245689
2798386996,664826392,799.18,2817170497.8861156,52233382.8940091
2781957190,668661363,802.39,2817115648.496885,52211157.6112385
2771278273,707340957,883.66,2817044361.7542768,52201800.58597994
2830691972,718515911,770.25,2817065553.695652,52164023.47176245
2807401317,719793423,910.37,2817050570.3829455,52124957.415568024
2768384636,704012616,873.95,2816975236.119195,52119725.85300014
2837594416,723592763,772.08,2817007105.0216384,52085730.88530479
2811237916,717482471,765.05,2816998201.9521604,52046018.44479668
2884569098,683623539,867.14,2817102317.3543916,52073396.08225756
2774579244,706390477,867.99,2817036897.2415385,52060007.80201034
2880896641,728189136,783.81,2817134992.0860214,52080091.20112306
2806019073,692514912,823.78,2817117943.130368,52041955.18306541
2849167433,686720950,833.69,2817167023.5130167,52017190.60777409
2855753608,694881213,835.21,2817226024.406728,51999269.128408074
2816930281,718390462,766.56,2817225572.890076,51959561.15085058
2744472353,705144858,873.46,2817114668.5914636,51997469.143930286
2814194736,737678480,936.99,2817110224.2496195,51958006.8718198
2802170450,718803286,762.6,2817087519.425532,51921771.72986931
2812597975,676925850,848.63,2817080706.7632775,51882656.72223982
2752165955,702294381,875.34,2816982351.078788,51904784.26365332
2785789110,666587195,798.25,2816935160.093797,51879674.61307286
2825253563,727040482,768.84,2816947725.6570997,51841482.372225404
2768681881,693356233,846.69,2816874926.494721,51836223.86065303
2892498511,672804159,825.98,2816988817.4352407,51880124.289389804
2764269789,666645082,813.17,2816909540.700752,51881335.41417765
2829438741,725946330,770.21,2816928353.3138137,51844640.67233626
2815049771,676142895,820.92,2816925536.8485756,51805813.03498607
2794381420,673582121,807.43,2816891788.1706586,51774358.822110735
2817689951,720759626,766.85,2816892981.239163,51735658.20511332
2768417190,669894539,816.78,2816820629.31194,51730895.20784466
2771300700,651919289,777.06,2816752790.371088,51722149.372671574
2820355995,679642750,854.28,2816758152.282738,51683837.93150281
2843093808,722030994,773.67,2816797284.0148587,51655387.03626283
3046482437,740952472,874.51,2817138063.1735907,52368653.999353416
2772954655,648306983,768.99,2817072606.2725925,52357433.27151611
2816334116,658063477,776.86,2817071513.831361,52318700.72563968
2823948252,716731436,768.43,2817081671.49483,52280713.40337295
2865862763,698606875,849.59,2817153620.007375,52275674.72786901
2835913058,665124999,816.92,2817181248.0456553,52242119.29496477
2831851349,724513158,770.65,2817202821.7235293,52206718.57368176
2800543108,696278322,892.92,2817178358.1204114,52172273.85171058
2925724519,711657650,894.97,2817337516.714076,52299194.62394427
2801943617,688521234,844.19,2817314978.0614934,52264208.73252249
2833680049,727238128,771.27,2817338903.6038013,52229732.86054631
2789810107,665879479,802.85,2817298715.579562,52202177.216087766
2862994107,681603847,812.82,2817365326.937318,52193239.981550306
2776722775,662833384,805.59,2817306167.473071,52178251.50901699
2907851373,733107637,791.21,2817437773.8764534,52254298.53513941
2794977637,684404164,845.09,2817405175.7097244,52223364.55267726
2759054981,708113122,913.43,2817320610.210145,52232695.58252243
2792197418,726157799,759.97,2817284252.479016,52203623.61290889
2779154842,721644779,920.93,2817229152.1748557,52185994.745994985
2834681516,676029267,826.15,2817254335.961039,52152536.770058766
2906192286,714740240,879.71,2817382488.626801,52224028.55167768
2794188545,714879701,760.59,2817349116.0460434,52193848.70653854
2848678704,681394042,822.73,2817394129.821839,52169838.05081836
2856952845,655616073,813.35,2817450885.5107603,52153898.19178356
2751813813,644106381,763.32,2817356849.5902576,52175622.72320295
2776119639,713247305,755.41,2817297855.011445,52161579.16212691
2749082098,671422972,803.55,2817200403.93,52187945.37802012
2780790277,680723085,791.69,2817148463.663338,52168810.76057161
2864587703,771125734,779.14,2817216040.9273505,52162334.70656178
2755475783,684060838,797.15,2817128216.9473686,52177133.86737203
2754586689,698616263,819.76,2817039379.549716,52193240.09827032
2781291665,652059799,769.1,2816988673.5716314,52173559.811358176
2930269089,724553742,797.22,2817149127.417847,52310374.099492505
2755071086,693658044,853.36,2817061322.5502124,52325403.768101215
2770801181,697265485,841.01,2816995983.367232,52317292.09465602
2949803641,738102398,802.68,2817183300.2327223,52517431.12748272
2761908226,651470561,752.03,2817105448.015493,52521359.253397286
2754947928,664034986,794.53,2817018025.3431787,52536080.69093766
2812839417,675047169,816.17,2817012156.511236,52499407.645366736
2818587940,717895174,766.98,2817014366.586255,52462612.01834548
2764580371,697147547,888.69,2816940929.617647,52462520.55176267
2750008848,689774365,837.37,2816847318.3146853,52485459.946957126
2770611997,676407631,810.41,2816782743.8435755,52477210.084032744
2915420314,730251569,793.62,2816920313.6764297,52569643.34324472
2774383851,705841011,875.43,2816861070.6922007,52556968.128163666
2761032450,677611441,812.15,2816783423.0973573,52561602.47405378
2801714172,712046324,762.44,2816762493.5819445,52528086.72276354
2787111784,693014548,866.81,2816721369.158114,52503244.32790915
2819804899,691011207,833.59,2816725639.975069,52466997.46790391
2794598158,718310506,904.48,2816695034.8824344,52437149.53150545
2828025247,726319980,769.53,2816710684.346685,52402613.029248625
2790806852,678481427,835.22,2816674954.9227586,52375284.93296207
2766090947,688943321,827.67,2816605279.980716,52372813.39881837
2795409902,729588556,919.75,2816576125.403026,52342676.2531365
2908592206,723091315,791.3,2816702521.1181316,52417619.35653474
2773046415,694954898,841.89,2816642636.1989026,52406569.885936886
2791994467,738619610,945.58,2816608871.5835614,52378596.81970253
2827675788,721577068,769.42,2816624011.004104,52344356.14768491
2893130298,732833153,904.09,2816728527.7896175,52384862.43144387
2794312313,728308112,934.42,2816697946.323329,52355655.28714462
2805718957,704943116,863.26,2816682988.572207,52321545.74542655
2922616496,739628138,795.11,2816827115.793197,52431543.2607834
2761992890,697560565,855.17,2816752612.7690215,52434829.53767349
2779171785,720022774,926.59,2816701621.1438265,52417501.95700301
2792753923,698590038,899.7,2816669171.688347,52389383.6613561
2830111768,728237687,770.04,2816687361.94046,52356257.617309324
2773751869,707564652,914.19,2816629341.004054,52344638.77572824
2753181601,703294990,877.73,2816543716.523617,52361139.2478214
2942236895,725738288,800.9,2816713114.338275,52528633.70524181
2751463501,668369571,815.44,2816625295.208614,52547751.04850077
2769212229,696036420,860.3,2816561567.969086,52541147.71967208
2903322935,697303021,917.67,2816678026.179866,52601874.954316355
2870142007,728176362,781.01,2816749693.714477,52602991.22859619
2785159399,666027452,783.98,2816707404.16332,52580458.22603152
2744084834,690281360,860.93,2816610315.1657753,52612259.829766996
2731549289,659360421,791.69,2816496749.0427237,52668789.40481006
2810542209,715767539,764.83,2816488809.656,52634113.66430876
2842194193,701879225,850.72,2816523037.8628497,52607411.24070847
2787884725,705787596,883.87,2816484955.0,52582779.09258511
2932127358,726524454,797.82,2816638530.568393,52716344.797873355
2776633061,721267163,919.95,2816585472.9164457,52701490.45680309
2869234380,695284744,835.13,2816655206.568212,52701374.709420756
2849056079,682917510,819.28,2816698064.8650794,52679672.075248554
2838527566,719459353,772.54,2816726901.722589,52650835.99808624
2762863343,667610956,848.17,2816655841.6187334,52652406.345121495
2790918929,677804530,852.08,2816621932.6429515,52625990.90801227
2832247301,735208647,770.76,2816642492.338158,52594407.27775271
2898589909,713801941,788.71,2816750176.197109,52643609.0931488
2781066171,670856428,824.37,2816703346.7939634,52624913.34264237
2740827774,657012763,794.25,2816603903.055046,52662010.69304047
2927957703,726403357,796.82,2816749654.102094,52781304.47904923
2775485396,687466914,859.91,2816695713.895425,52767862.76265443
2738930750,712436833,888.05,2816594193.05483,52808112.53787894
2777284478,752426264,951.6,2816542941.7966104,52792735.72888274
2826816856,716804874,769.5,2816556319.2890625,52759655.08568671
2797569270,698702888,873.97,2816531628.7178154,52729779.58175938
2765953198,699987788,878.16,2816465942.4441557,52727001.631917395
2811408997,725243567,765.03,2816459383.5006485,52693110.95498307
2797942900,672659530,762.65,2816435398.4183936,52663183.54213474
2793562673,687824715,808.33,2816405808.864166,52635529.49588335
2870660093,719535234,869.22,2816475904.8385015,52637606.354651436
2860013113,737987371,778.3,2816532081.8812904,52626847.89159894
2785858615,728937768,924.66,2816492554.2177835,52604438.53952223
2823844717,686744734,869.78,2816502016.4607463,52571237.45760205
2828553026,704863550,906.53,2816517506.1902313,52539214.65103721
2849436312,726046607,775.52,2816559763.9640565,52518709.88748452
2841709713,729178788,917.75,2816592007.4884615,52492748.057829626
2838046305,701997660,856.55,2816619477.7797694,52464740.97365411
2824421151,729267539,768.64,2816629454.34399,52431926.305495225
2909653318,688549286,883.09,2816748258.7675605,52503651.64356986
2865032056,709432952,890.95,2816809845.2436223,52498449.09958117
2822894705,697914389,858.39,2816817596.657325,52465448.86863727
2954471402,734175600,805.88,2816992728.7251906,52661163.90687466
2779527469,698436569,862.06,2816945123.566709,52644616.99539352
2824175011,734958401,920.05,2816954298.550761,52611832.06041784
2795122821,720489967,903.79,2816926628.74398,52584217.55098038
2860812729,727665548,778.48,2816982180.7696204,52574087.578268036
2789820255,681042815,824.15,2816947842.051833,52549708.433021
2822261582,690672632,830.58,2816954551.3194447,52516861.63314776
2973658478,736197092,809.01,2817152160.3064313,52777550.650003895
2836616681,709851336,890.95,2817176674.816121,52748822.417232245
2761182509,674465774,822.88,2817106241.903145,52752983.000678726
2804106833,693574631,864.65,2817089910.9874372,52721847.12354337
2836286962,733172698,772.03,2817113997.6260977,52693143.828596435
2793792967,716304527,914.88,2817084773.2769423,52666580.35835088
2840050863,712869598,895.56,2817113516.818523,52639874.97050289
2811162868,728246005,921.46,2817106078.5075,52607384.92656967
2816725703,718911804,766.52,2817105603.6317105,52574537.81926906
2831426601,719163340,901.19,2817123460.236908,52544180.89693281
2957504734,761877317,946.38,2817298281.2503114,52744324.43333309
2859079409,735629196,778.18,2817350247.8271146,52732078.734461606
2801403898,743811731,945.47,2817330438.6968946,52702308.9388484
2790370435,713441330,909.4,2817296989.560794,52678154.545299865
2776858509,688998794,857.11,2817246879.9194546,52664724.11663391
2822319892,715615233,768.09,2817253158.3997526,52632426.67416129
2772456126,730371592,890.62,2817197785.0593324,52623432.41827767
2789529906,747080473,963.34,2817163627.1839504,52599912.08737708
2929698659,746119935,820.81,2817302388.0123305,52715608.89684878
2814195201,723534134,765.89,2817298561.42734,52683251.250992365
2827895637,720237783,907.23,2817311595.9606395,52652150.86364034
2758967266,707138472,871.97,2817239919.8796067,52659472.41226772
2828118749,718264052,769.6,2817253268.136196,52628534.00385281
2778174278,730026643,902.54,2817205377.216912,52614042.894608065
2763182978,707906545,902.65,2817139254.329253,52615748.202494614
2821288357,725399289,924.93,2817144326.5819073,52583777.01979194
2817716444,732931018,766.78,2817145025.1379733,52551668.58441945
2801158457,719797356,891.78,2817125529.3231707,52522578.59481878
2785754913,685114615,867.89,2817087319.0718637,52501984.7885765
2916314882,728838623,793.47,2817208033.8686132,52583920.67963958
2806397384,684278468,763.82,2817194898.2065616,52553313.91327099
2766536223,713645689,816.9,2817133419.2317963,52551020.03133291
2801321088,705335970,845.92,2817114252.769697,52522042.98885269
2834362296,725090897,771.31,2817135134.177966,52493666.85660597
2797831051,694275640,876.68,2817111791.8766627,52466209.04400876
2764848660,709318923,873.82,2817048672.152174,52465926.28738325
2744825003,715158834,898.77,2816961550.7177324,52494167.162959754
2819544055,717915353,767.16,2816964662.1686745,52462611.12928446
2796334375,721393243,900.57,2816939836.3116727,52435913.74504895
2775984674,744932940,938.63,2816890611.3569713,52423600.84525983
2854516759,728116991,776.63,2816935780.801921,52408322.2123943
2820602038,694671194,872.06,2816940176.793765,52377046.60063239
2756380384,684546857,845.59,2816867650.0958085,52387560.51946537
2734160739,708584246,875.65,2816768718.383971,52434208.33094107
2928437181,725743472,797.76,2816902133.5125446,52544665.79496459
2768547202,698964869,876.65,2816844430.7303104,52539833.53514453
2828885717,682051170,869.26,2816858782.680572,52510156.826467894
2758094778,729165049,927.68,2816788825.5321426,52517998.04266393
2815030994,720856104,766.18,2816786735.3638525,52486800.17246241
2825765176,684927815,846.31,2816797398.5950117,52456534.46066344
2814593887,731397896,939.96,2816794784.702254,52425467.08609953
2829095850,716650489,769.89,2816809359.4241705,52396108.99871075
2768626606,681144693,826.99,2816752338.4142013,52391292.0103384
2798941978,702343951,885.54,2816731285.9787235,52363894.87237698
2801075668,692606016,852.84,2816712802.368359,52335735.73896198
2769606780,697407087,753.68,2816657252.813679,52329846.94077469
2806443832,700680798,874.9,2816645222.8716135,52300192.60115762
2797267206,676400137,827.77,2816622425.2047057,52273639.51383076
2734215701,708157280,875.52,2816525590.041128,52319144.79459507
2920851655,728238088,794.64,2816648038.4741783,52410301.43484715
2788731379,698952244,892.48,2816615310.854631,52388281.71013682
2800089947,714035600,917.05,2816595960.3114753,52360650.522007026
2808042482,709609568,764.15,2816585956.2432747,52330837.93289174
2773447262,683240875,829.89,2816535560.57243,52321017.39106993
2800696786,704859385,879.57,2816517078.92182,52293278.50288624
2758208948,711340544,896.69,2816449120.7272725,52300647.31206241
2842407785,724340769,773.43,2816479340.3597207,52277690.32861515
2824128513,692094167,864.22,2816488234.7465115,52247937.80444361
2758405411,670399617,787.63,2816420775.020906,52255049.0511894
2809566629,706822823,878.42,2816412823.575406,52225251.08116438
2803058516,717684079,762.86,2816397349.290846,52196961.593015864
2750837004,699655213,857.27,2816321469.2615743,52214350.32454038
2810750632,708083569,895.39,2816315028.987283,52184503.253163666
2810118944,721509349,764.59,2816307874.1547346,52154789.44399443
2771155827,669271282,811.46,2816255795.6689734,52147228.15581878
2814096516,704136057,861.08,2816253308.019585,52117232.24703829
2732165945,698853015,861.3,2816156544.655926,52165193.77481507
2812635749,719083042,765.29,2816152497.7643676,52135341.64863041
2776876913,698033030,848.74,2816107405.2445464,52122377.072899275
2796386570,688862627,863.22,2816084789.607798,52096757.57158355
2843328218,717532568,773.61,2816115996.284078,52075065.52718373
2765792606,649075988,767.07,2816058418.034325,52073063.160332136
2760635648,662700092,798.67,2815995077.725714,52076975.85660746
2748963735,692460253,829.35,2815918557.928082,52096438.27009256
2823613559,721303358,768.51,2815927332.159635,52067375.92782266
2768451726,643641515,758.49,2815873259.715262,52062348.407305144
2775224251,678578328,829.32,2815827015.109215,52050765.37650795
2803796834,690467564,847.63,2815813344.4488635,52022761.55845113
2930010376,729777324,797.07,2815942966.505108,52135222.69348228
2812029997,693673019,857.76,2815938530.031746,52105825.589918435
2828443779,716028418,895.91,2815952692.261608,52078010.691085294
2928628870,727545841,796.79,2816080154.001131,52186174.840862624
2776443261,645800012,756.7,2816035366.5514126,52173679.08617953
2775649966,669131642,807.26,2815989784.8352146,52161855.87256136
2785989227,702142327,846.49,2815955962.3348365,52142164.06107745
2933274155,723482526,798.15,2816088077.4166665,52261128.992319405
2792560978,701858852,878.4,2816061612.737908,52237680.801576726
2838169835,666217502,810.68,2816086453.4370785,52213578.90920333
2948951297,712918173,938.05,2816235572.228956,52373547.3112084
2867719461,740224196,780.22,2816293289.5930495,52372526.594105385
2804108203,701277492,814.23,2816279644.4792833,52344780.89239486
2814310574,705872258,815.21,2816277441.939597,52315538.50022681
2856421593,743629131,777.11,2816322295.739665,52303500.53494519
2776340905,655894514,780.65,2816277673.651786,52291347.68316519
2764905143,678966654,815.51,2816220402.157191,52290300.98673728
2895650959,718283323,904.51,2816308854.893096,52328278.713861056
2833680222,725096606,771.2,2816328177.882091,52302372.44699404
2745940243,691764707,858.6,2816249969.0655556,52325878.08343198
2780181264,664379621,795.14,2816209937.206437,52310620.04030193
2758530267,675454507,813.64,2816145990.78714,52316838.43922052
2920272881,735245996,794.58,2816261302.957918,52402426.663736045
2783064182,726425049,948.99,2816224580.4789824,52385059.18506181
2760448150,664103157,797.1,2816162949.0640883,52388891.46264903
2797386804,721425595,761.27,2816142224.8421636,52363682.880764805
2871654775,674299851,842.19,2816203429.417861,52367223.11678472
2897264611,730904632,973.13,2816292703.846916,52407390.651143834
2855489897,675844949,870.51,2816335825.071507,52394670.3032618
2930737248,717627980,797.4,2816461540.920879,52502866.9583543
2781395930,662999053,797.35,2816423049.5806804,52486888.15093507
2780513263,729137345,926.88,2816383674.814693,52471564.89272889
2915502346,701394001,911.71,2816492238.529025,52545203.42396583
2847350385,723057821,775.02,2816526000.1772428,52526358.1347889
2811949452,708702124,896.68,2816520998.4852457,52497865.13589217
2858374468,694655795,896.06,2816566690.0458517,52487401.77040832
2824071592,721296849,768.79,2816574874.235551,52459359.663934335
2759897600,677567046,829.82,2816513134.2854033,52464102.51056693
2772660126,699761415,843.41,2816465416.104461,52455479.00034003
2762751641,664875239,805.43,2816407031.566304,52456830.608477384
2804238122,720901966,763.24,2816393818.8523345,52429876.36635005
2742089941,717575304,900.88,2816313228.963124,52458480.13170734
2755167591,705640842,884.87,2816246982.334778,52468628.498638324
2804437210,715153961,763.65,2816234201.1958876,52441666.30498928
2934206618,715405201,798.22,2816361738.9437838,52556492.68714587
2824201217,686271867,848.7,2816370204.9028077,52528737.84432456
2794273088,688748972,846.41,2816346367.6677456,52505408.3739609
2819581916,728964889,767.35,2816349854.25,52477218.56589204
2811743312,707639146,881.79,2816344895.646932,52449184.55280548
2826104758,688261461,853.22,2816355390.1225805,52421954.3658184
2928153728,718377589,904.42,2816475474.2663803,52521617.990056515
2865296863,723108828,779.53,2816527857.7306867,52517761.37603545
2776282840,707614277,871.1,2816484722.663451,52506125.276873805
2829026196,703898055,898.8,2816498150.3650966,52479612.31447091
2962596263,731241891,806.04,2816654405.031016,52668474.75536832
2851949840,693535346,873.78,2816692113.8290596,52652959.2545177
2796519696,700131321,899.0,2816670585.1013875,52628976.87469557
2817818209,737124059,947.73,2816671808.581023,52600928.90049143
2835900055,728432929,771.7,2816692285.946752,52576653.044523716
2800456713,739011933,938.55,2816675014.0606384,52551344.574645646
2747843367,707906132,866.6,2816601866.72051,52571270.87240095
2915348217,719504354,935.86,2816706692.9946923,52641664.483265005
2839946891,732420736,772.71,2816731337.9554615,52619182.22664295
2783168320,744580118,957.81,2816695783.911017,52602636.31456146
2799625987,741043877,879.2,2816677720.6338625,52577726.04044112
2874133206,764770511,781.89,2816738455.8192387,52583086.05799327
2879041483,696472385,864.85,2816804245.710665,52594256.28360503
2782383164,721495117,921.69,2816767936.5527425,52578383.29868656
2780953270,675566744,826.76,2816730197.178082,52563519.07091074
2852170741,728330353,776.21,2816767503.0136843,52548415.23708119
2738998244,716217660,896.82,2816685726.7160883,52581225.98090335
2777349136,717513032,918.55,2816644406.767857,52569048.09811796
2883807280,697330753,917.48,2816714881.975866,52586437.16260704
2848039030,719724565,775.1,2816747716.5125785,52568642.14471491
2774510641,747903567,956.06,2816703489.208377,52558867.33217944
2889285836,742031471,978.25,2816779412.1652718,52583741.417470194
2827567108,716879308,769.59,2816790684.5747128,52557416.68323421
2802551135,724665604,912.78,2816775820.744259,52531991.18202277
2781231812,689687836,872.73,2816738757.127216,52517125.987834536
2780598222,717220270,905.77,2816701110.7364583,52502711.34206779
2827507603,718337993,769.22,2816712355.78564,52476544.17892635
2769922584,725647339,901.52,2816663717.769231,52470930.23597751
2776568072,703474645,865.54,2816622081.5846314,52459577.1538052
2796742110,738362649,941.77,2816601459.207469,52436266.10329931
2849216419,715335985,775.28,2816635257.093264,52419594.52528824
2774343185,731728633,929.17,2816591476.4803314,52410104.16375232
2751473546,713795750,894.92,2816524136.3247156,52424793.54196483
2840140942,723334225,772.8,2816548533.8512397,52403199.90707676
2769656414,689203905,889.71,2816500141.5706916,52397788.956855044
2781844273,663103178,784.35,2816464413.871134,52382580.539958365
2783188814,675371234,829.41,2816430144.4582906,52366478.01295148
2811504754,711419178,765.06,2816425077.1841564,52339771.773374565
2765543477,698880866,869.98,2816372783.6587873,52338267.869156435
2771238554,693537997,836.14,2816326444.613963,52331359.58676086
2892596157,724765788,794.76,2816404669.96,52361460.1655376
2807349697,714288255,763.79,2816395392.3237705,52335430.55541983
2768311925,691376768,861.5,2816346176.90174,52331231.976056464
2768361694,696605422,847.76,2816297113.0132923,52326948.85804316
2959857936,744312490,805.22,2816443753.2819204,52500885.97143193
2807129957,668679576,815.56,2816434249.408163,52474935.53763962
2791376752,720571693,898.47,2816408706.5973496,52454278.140421584
2818104195,724529807,915.63,2816410433.163951,52427591.346503474
2858761253,728789469,777.71,2816453516.3987794,52418306.9263471
2810100242,713283404,888.99,2816447059.8191056,52392055.91645472
2785731206,729468541,890.79,2816415876.2111673,52374589.76859479
2825661404,731159272,768.93,2816425253.014199,52348851.11151441
2758223055,693726959,847.35,2816366284.2218847,52355079.524670504
2741272539,675049432,824.5,2816290278.406883,52383029.59878931
2772237716,704275575,865.35,2816245735.876643,52375256.726812124
2801876648,722721545,762.69,2816231221.646465,52350787.83080058
2783468043,722319359,928.89,2816198160.921292,52334707.15980496
2782112780,721708723,924.59,2816163800.658266,52319504.64098391
2789559487,748793021,959.62,2816137008.8016114,52299961.75981133
2810783090,720554180,764.94,2816131622.5653925,52273922.86558171
2819264667,677878322,829.13,2816134771.353769,52247742.27324698
2741108260,720714533,904.36,2816059443.5311246,52275536.27061207
2863851810,723076538,779.29,2816107379.7061186,52271210.27094723
2778078070,720817729,930.63,2816069274.185371,52258868.55717253
2794547913,729332281,930.84,2816047731.2812815,52237139.93255248
2809583782,740111384,948.05,2816041267.332,52211414.56044268
2837724352,726888231,772.13,2816062928.7552447,52189823.904258326
2756251653,694158163,856.26,2816003236.8632736,52197950.756801665
2796203400,705786510,897.22,2815983496.2482553,52175665.37995698
2795226156,719994279,913.83,2815962821.6065736,52153785.35381157
2839002078,725532871,772.62,2815985746.239801,52132892.52279284
2817192402,704302643,857.71,2815986945.6988072,52106988.97439726
2815631403,706663450,870.81,2815986592.627607,52081111.36425901
2830144702,729998596,770.26,2816000638.3710318,52057179.23574874
2794067416,703159263,892.98,2815978900.7869177,52035953.29017894
2768469318,697584218,802.0,2815931861.59604,52031645.21079338
2866478657,737609896,889.27,2815981858.4263105,52030173.43139503
2850101801,743657804,775.51,2816015573.784585,52015508.63135301
2770933235,693854575,856.44,2815971069.9950643,52009101.135853134
2790322561,704734986,876.12,2815945775.607495,51989682.86383619
2760710211,687373431,858.18,2815891356.33202,51992952.02085256
2821894333,716233822,767.84,2815897264.773622,51967699.556984775
2772399629,700120985,867.2,2815854494.2369714,51960031.62841216
2802179731,699143972,873.93,2815841061.2671905,51936271.449736536
2841697926,723602981,773.12,2815866436.0117764,51917094.273681946
2779299044,711568920,914.24,2815830585.627451,51904256.2188483
2779258067,694820557,859.02,2815794765.3349657,51891443.69245001
2789487747,699658232,876.17,2815769024.6125245,51872571.4640267
2814720379,713761070,765.98,2815767999.5434995,51847222.45845515
2764857073,674094638,818.42,2815718281.841797,51846292.51683391
2771402736,692449423,850.55,2815675047.1629267,51839460.55615292
2789878790,722515717,842.26,2815649904.612086,51820443.77090677
2811126514,711171876,765.0,2815645500.142162,51795400.72705585
2776427153,656700990,792.27,2815607349.9990273,51784636.47109767
2810092516,712150421,913.8,2815601990.5879493,51759752.98926903
2809542569,717469112,764.5,2815596107.654369,51734964.97795881
2805705585,736070520,938.12,2815586514.5189137,51710785.72875072
2734818523,732242646,915.91,2815508250.9612403,51746780.9182072
2763431647,731166424,939.89,2815457837.9854794,51747076.66470524
2830714028,722507327,770.38,2815472592.5212765,51724221.73255434
2744751937,703551096,872.55,2815404263.385507,51745896.48875706
2821649160,693227878,844.85,2815410291.2779922,51721280.128982656
2829559545,725726834,769.8,2815423935.6885247,51698201.57652232
2781006590,691718514,843.52,2815390778.3227363,51684323.30955729
2805416076,741064188,953.74,2815381178.031761,51660371.11345927
2783965744,686899990,851.94,2815350970.8836536,51644707.89688449
2848276850,727729779,775.0,2815382599.970221,51629973.273810424
2762608806,755062091,965.04,2815331953.334933,51631058.29751158
2806368721,742587414,946.97,2815323359.631831,51607046.71262535
2860101054,727966755,948.93,2815366250.143678,51600919.8327619
2934073677,729583844,798.41,2815479845.767464,51706659.84839023
2768365749,712919466,889.85,2815434803.6099424,51702444.447957374
2805892134,714557886,930.95,2815425689.3123207,51678588.4927728
2828025089,723245190,769.52,2815437711.6402674,51655391.61342995
2773113541,715430185,896.38,2815397364.480458,51647283.31529011
2844233165,763789148,979.04,2815424827.1476192,51630345.79403396
2788980640,735241223,919.99,2815399666.170314,51612217.50735986
2978966574,743323847,810.61,2815555148.021863,51833351.790778704
2938179195,756322381,986.81,2815671600.108262,51946233.30295949
2851955266,741764004,965.64,2815706024.83871,51933600.513885595
2844316025,753250129,941.11,2815733143.3222747,51916447.248730734
2898984078,739396702,788.66,2815811979.434659,51955000.489351906
2810515886,731030574,938.6,2815806968.939451,51930673.29543689
2824245560,718399747,908.7,2815814944.9234405,51906773.31479405
2873089336,732730821,781.69,2815869028.3899903,51912075.507787615
2817755678,734852257,946.58,2815870808.248113,51887615.22937413
2842609345,740847997,954.54,2815896009.5080113,51869647.086920395
2857656550,738922833,953.48,2815935332.0508475,51861040.128395885
2841927029,733442566,773.15,2815959783.317968,51842764.6667807
2848572417,726625717,881.88,2815990434.2894735,51828032.086571716
2881410658,751625134,893.15,2816051861.7295775,51842429.840011045
2822855822,751496843,901.9,2816058244.4315195,51818526.44247575
3051583280,755020160,830.2,2816278980.1724463,52293242.40143061
2833081932,754535107,936.23,2816294713.2734084,52271281.26132006
2768747128,724029872,909.83,2816250234.709074,52267043.02773479
2948419492,729555566,802.02,2816373757.3794394,52398485.69929588
2791247269,750151611,963.21,2816350296.6059756,52379639.683486685
2804046968,723126222,897.88,2816338819.620336,52356550.43597695
2841501014,690976857,841.31,2816362269.941286,52337779.575914584
2847191728,719869523,774.78,2816390975.209497,52321857.85177382
2795777221,718033073,883.09,2816371799.624186,52301291.94467747
2870731321,684480018,855.87,2816422319.625465,52303218.00070487
2819844852,728116473,784.06,2816425497.4642525,52279034.383834116
2824015389,710976489,768.36,2816432538.179963,52255291.44453399
2803253602,699325535,883.27,2816420324.151993,52232610.61600487
2758880021,742700122,931.73,2816367046.0935187,52237747.41988204
2944784948,729132366,801.27,2816485841.5624423,52359328.63497507
2823655518,723916811,910.22,2816492467.8807764,52335580.885100335
2842174622,756972256,964.39,2816516181.781163,52317228.427885056
2851138458,709306432,888.81,2816548121.150369,52303653.70540607
2878926854,725247450,783.45,2816605613.070046,52313801.256023765
2797684695,741774619,941.09,2816588190.493554,52292859.32842134
2793404240,709585166,901.63,2816566862.1122355,52273525.60254737
2936082711,725844765,798.78,2816676711.2380514,52374866.25184797
2764736089,670632094,812.11,2816629015.533517,52374447.431104004
2833191343,720497273,932.03,2816644210.3293576,52352818.30372675
2777391293,700909271,845.44,2816608231.4867096,52342299.888651945
2790407838,719267830,759.23,2816584238.452381,52324330.011427976
2760076674,709988701,877.27,2816532538.9423604,52328284.60948412
2758209779,702098481,874.73,2816479227.461609,52334050.39338552
2779435785,724165822,926.04,2816445397.83379,52322114.02976361
2934314030,729372346,798.45,2816552942.2062044,52419179.1742914
2848533018,699029389,877.4,2816582094.50866,52404169.528446004
2897786960,680069937,854.91,2816656051.5810566,52437544.73928303
2918233681,720013091,794.05,2816748478.9053683,52503086.63023146
2781555087,689615513,855.66,2816716484.9127274,52489933.15625327
2760482844,709244912,920.96,2816665409.852861,52493429.72819487
2789962188,706655404,897.71,2816641178.2540836,52475767.08253249
2955959953,734253124,804.24,2816767487.206709,52619300.879611805
2925280303,730537355,963.85,2816865777.8007245,52696669.633260705
2809037751,729280925,925.12,2816858693.6135745,52673345.52217576
2849071282,691106435,845.85,2816887818.91953,52658428.661304384
2819795387,726381868,767.38,2816890445.4489613,52634711.47267195
2810948854,725359399,932.64,2816885083.001805,52611256.513371885
2799510516,678634954,842.31,2816869416.1244364,52590116.748298354
2932296784,725653241,798.37,2816973404.744144,52680366.9183015
2796653309,703832026,889.01,2816955114.828983,52660178.77111177
2806572944,712737340,885.47,2816945778.3444242,52637415.24865856
2794913518,719920793,915.55,2816925982.962264,52617904.11497852
2834101129,718625344,771.24,2816941400.508079,52596797.2098015
2820910010,688027623,867.37,2816944959.7991033,52573340.131351486
2753358683,701005489,850.78,2816887982.8485665,52584209.941545196
2787455870,707121933,899.06,2816861633.5980306,52568036.73121177
2822132906,717203317,767.92,2816866348.5107336,52544757.90453069
2821122628,724712771,923.05,2816870152.1563897,52521428.19682441
2868151547,712583727,922.0,2816915939.116071,52520314.12456719
2844035003,732971924,774.04,2816940130.9661016,52503125.864191756
2860091377,729437187,917.33,2816978590.1871657,52495518.536077335
2797461839,717011608,924.34,2816961211.067676,52475369.498205766
2764041332,704632161,886.89,2816914129.3247333,52475745.521741435
2852853983,733872934,776.66,2816946075.8613334,52463351.63293133
2802501122,724065800,920.73,2816933247.305506,52441815.37678852
2771838248,712067621,838.07,2816893233.996451,52435737.47781283
2923668997,775439271,839.8,2816987893.3608155,52508736.64907998
2846686215,749130766,774.62,2817014198.340124,52492912.03501222
2899046761,694396987,856.96,2817086793.5283184,52526347.792877056
2979741155,750304505,950.27,2817230608.17153,52725223.18037698
2891373069,732480465,786.63,2817296105.045053,52747940.08758252
2835633022,707342262,893.31,2817312289.4377756,52727468.749064796
2852742552,737807483,955.33,2817343533.0555553,52714706.59120303
2877323582,758325520,956.3,2817396378.913656,52721521.96238556
2856593067,723047585,777.27,2817430883.040493,52711131.084485754
2780240264,674831054,824.0,2817398173.6130166,52699478.88619499
2769745001,709101456,882.77,2817356299.1203866,52695240.02426248
2836853907,722772073,772.1,2817373417.3011413,52675268.14364602
2789407518,646034933,760.99,2817348885.8105264,52658668.65184129
2819261840,718604236,903.81,2817350562.369851,52635618.3673058
2833671217,690059739,863.33,2817364853.661121,52614782.57681175
2841212018,718330240,773.05,2817385717.32196,52596487.29982648
2843723739,709634979,883.65,2817408740.068182,52579255.855610944
2762343981,722139185,903.76,2817360648.575546,52581455.868613444
2830832390,733226770,936.11,2817372404.021815,52560014.79898062
2836611066,715835685,771.99,2817389177.048823,52540166.15886125
2962252838,721292868,938.61,2817515364.9067945,52690877.596838854
2954107263,737762835,965.32,2817634243.843342,52821738.41717634
2945920654,731695144,801.67,2817745797.2434783,52933998.38700463
2795847150,706666767,885.4,2817726771.485665,52914932.199126005
2769441053,700909787,889.07,2817684856.799479,52911072.81672393
2804065666,689898744,869.51,2817673044.8386817,52889642.386484645
2902697560,709783421,789.65,2817746722.9280763,52925884.70025548
2802903913,709947153,904.48,2817733872.01039,52904769.27860988
2829855796,710137043,898.99,2817744358.103806,52883082.43361011
2816179861,703930283,881.56,2817743005.9023337,52860243.95048269
2832298324,716292807,770.74,2817755575.261658,52839144.82196046
2775288949,700699363,874.46,2817718934.5142365,52831060.37191927
2794063468,688294019,839.16,2817698541.87069,52812846.760202445
2808506769,713196018,764.13,2817690624.7536607,52790785.97287906
2878860480,693588822,868.13,2817743266.6256456,52798542.32453827
2810331525,701042205,893.41,2817736893.6749787,52776285.271700054
2758538561,698584255,858.63,2817686036.0008593,52782113.3481615
2930548452,722572974,797.36,2817782913.611159,52862884.62345145
2770323517,690664804,880.73,2817742210.86964,52858471.40764845
2918909265,700389947,886.69,2817828900.7189374,52918677.72896903
2771755559,677644420,808.54,2817789454.364726,52913181.068462156
2829131612,712715471,769.79,2817799156.8092384,52891583.83675268
2866033636,676446323,859.7,2817840382.859829,52887762.439191066
2816274468,675856080,854.82,2817839045.614005,52865195.09751533
2816267055,716779814,766.28,2817837704.325085,52842656.807361215
2849049745,675262820,860.3,2817864313.0554132,52827981.84923077
2798928550,686093635,843.27,2817848183.7853494,52808367.3083688
2777282268,731843790,938.58,2817813659.601702,52799143.82967133
2816460458,714459005,766.55,2817812508.9200683,52776705.17909925
2785293333,692654748,872.15,2817784880.053526,52762788.07634779
2725239028,704015662,888.82,2817706318.209677,52809212.77199681
2787306530,710368774,918.31,2817680533.8261237,52794230.01781322
2829316986,724381760,769.92,2817690395.226271,52772941.15077202
2798631784,704549242,902.52,2817674257.5368333,52753506.63520856
2809078471,693116989,867.39,2817666985.2978005,52731778.77952573
2810997044,708095634,764.91,2817661347.139476,52709843.18417267
2792728681,725342710,819.94,2817640289.144426,52692557.31670939
2898590566,717821958,849.88,2817708601.614346,52722744.623514846
2763267379,723030070,853.0,2817662698.391231,52724197.204559706
2818830242,720306008,766.96,2817663682.0,52701994.39799664
2777044136,723126830,935.77,2817629490.462963,52692977.957542434
2780947921,708411625,890.32,2817598639.6896553,52681547.35260766
2852071270,728889144,776.28,2817627608.286555,52668880.68836578
2770181755,642439109,754.76,2817587771.298069,52664697.487787604
2808776023,683809625,848.69,2817580378.8917785,52643220.134059094
2789343921,717600426,909.48,2817556710.444258,52627496.65782597
2809359153,722426073,764.58,2817549844.818258,52605988.21407008
2741415270,706511240,880.81,2817486133.8769875,52630036.431601755
2807230342,697911768,871.18,2817477558.800167,52608864.44532456
2810889264,734628592,936.03,2817472054.794486,52587229.04804734
2853813269,727109623,776.68,2817502389.6978297,52575752.82213939
2758177565,707085369,883.68,2817452911.1117597,52581719.40688113
2762729848,718674300,896.73,2817407308.5591664,52583520.38939229
2807966337,717910984,764.17,2817399447.633639,52562329.65949359
2795000459,704577145,901.85,2817380812.8677206,52544429.30170131
2776386529,701063709,894.72,2817346736.1562757,52535871.679826505
2809421520,720468955,918.68,2817340153.7508307,52514546.20596229
2844257145,725372483,773.91,2817362491.5029044,52498473.47527759
2796975791,703810740,896.18,2817345587.1077943,52479984.198353186
2916356977,679013047,857.62,2817427618.0853357,52535532.73838086
2755759132,733655989,905.14,2817376568.014073,52543724.85014857
2850038180,731053674,775.66,2817403583.408602,52530382.465107605
2869073179,708423160,901.96,2817446285.553719,52529659.53827021
2792381507,716542254,888.8,2817425587.9661436,52512902.21785736
2826544908,721469293,769.18,2817433112.157591,52491887.055729665
2812413073,724617973,934.59,2817428973.6257215,52470443.189419836
2774930593,737740525,933.76,2817393966.7224054,52462997.32420256
2766457328,706811851,881.8,2817352043.562963,52461742.57143273
2963460766,730183910,806.59,2817472198.7623353,52607151.30425028
2771065652,701519776,864.72,2817434066.842235,52602342.53685058
2833987460,688669367,859.69,2817447657.4770117,52582881.85819807
2835834956,722957310,927.07,2817462741.3970466,52563945.53414063
2815357740,729556363,766.12,2817461015.9860654,52542433.05138581
2828456164,704505842,893.31,2817470021.021294,52521854.308925256
2975276621,714621926,910.27,2817599158.9918165,52693926.83736151
2837685773,732229841,771.98,2817615583.0425186,52675508.537160695
2830188520,721526757,910.39,2817625855.0498366,52655211.74730982
2793903058,738389631,927.13,2817606489.5012245,52638075.86319169
2811813745,693457193,871.74,2817601764.5872755,52616863.95766134
2881362016,741033850,784.07,2817653728.9323554,52626880.84924468
2844080088,744161011,954.81,2817675248.7687297,52610849.1704965
2838795058,734359617,935.95,2817692433.3165174,52592888.60766541
2811717180,713733667,915.07,2817687575.386992,52571780.88736994
2882366855,732690054,784.33,2817740117.450041,52582721.569331035
2779062497,722083853,898.61,2817708723.2775974,52572917.00422111
2846524055,721073978,932.96,2817732093.376318,52557995.1869263
2856107235,723500988,777.36,2817763191.546191,52548042.40129472
2817526440,756833562,960.33,2817762999.8445344,52526764.013549805
2875403094,695263488,896.68,2817809634.2249193,52531081.495590284
2788960142,755891379,953.06,2817786312.0808406,52516245.09734353
2842917181,732799069,773.76,2817806611.651858,52499885.53986662
2784593918,680039042,809.17,2817779805.6037126,52487169.83824481
2772731117,684064471,843.7,2817743476.016129,52481583.26596244
2940637230,729103228,800.27,2817842504.020951,52576204.36693661
2760883627,648926217,753.21,2817796643.411433,52579860.03484292
2871997023,670382076,838.55,2817840247.9002414,52581165.74485304
2795133991,687234261,831.28,2817821995.2821546,52563966.89191783
2812563391,717187782,765.23,2817817771.5036144,52543063.816719785
2773043765,693664053,834.7,2817781837.3089886,52537276.98246319
2790301278,694931763,840.32,2817759799.9719324,52521968.17323662
2888843975,738374179,879.05,2817816758.445513,52539436.23892173
2829858255,743228411,770.03,2817826399.3554845,52519503.77133219
2886760110,708887148,891.81,2817881546.324,52534656.00675717
2775669444,709196877,888.48,2817847803.636291,52527203.864454016
2841836343,718175981,773.26,2817866963.8115015,52510595.53672689
2776601118,710125928,878.3,2817834030.1755786,52502571.21975294
2792329195,709348518,866.0,2817813691.391547,52486570.91625935
2765911139,704811205,877.5,2817772334.7760954,52486091.85626021
2933113424,722151032,798.18,2817864166.853503,52565959.64153803
2845058180,704002639,868.73,2817885800.9132857,52550639.65290297
2774902917,724058948,901.16,2817851633.279014,52543714.919089116
2800675087,716160048,892.9,2817837990.271644,52525072.54924051
2881373513,733254277,783.94,2817888415.2896824,52534701.803876
2770139096,724775695,911.98,2817850549.0570974,52531065.95964194
2816220887,742536474,947.43,2817849257.7242475,52510269.232335806
2863718979,731349241,779.83,2817885575.7933493,52505331.13598152
2781126813,730439633,919.91,2817856494.493671,52494732.346818425
2998743731,734364587,877.66,2817999488.3565216,52719672.08800626
2776038471,737370469,906.29,2817966343.793049,52712030.08840373
2879917021,732708669,783.66,2818015239.35517,52719937.56681441
2783573676,715134956,902.24,2817988077.238959,52708013.01161004
2901857097,733641303,952.9,2818054167.8770685,52739776.19692637
2812490138,746186229,912.33,2818049786.751181,52719239.42875443
2852466274,736786527,776.2,2818076865.025964,52707330.553774714
2769441607,673555636,832.61,2818038629.76022,52704238.94367979
2788356781,721206544,907.65,2818015313.304006,52690096.74117637
2848536901,724692286,775.04,2818039270.5941916,52676349.32262306
3022683058,736468011,937.9,2818199775.5254903,52966423.71523299
2770156519,706532482,866.61,2818162124.070533,52962731.23404116
2784326558,735385692,902.17,2818135627.934221,52950449.6223738
2846414949,720819998,774.58,2818157755.728482,52935635.699314326
2784608863,713903476,889.01,2818131525.1634088,52923245.64206957
2781767561,690896739,844.08,2818103115.8164062,52912323.88625443
2782585638,728356803,924.8,2818075389.448087,52900968.345225655
2827760265,722583022,769.51,2818082943.953198,52881023.36570595
2754336239,694763723,877.81,2818033258.2907248,52890338.24473343
2802258896,720571782,921.08,2818020972.961838,52871569.59033013
2829945320,723683554,770.07,2818030252.6093383,52852039.012472756
2844000616,678064319,828.97,2818050447.293157,52836445.46784056
2789028725,668156695,814.04,2818027897.3923855,52822104.77499373
2900659570,658873943,831.14,2818092052.4177017,52851732.13145636
2806101371,713753062,763.62,2818082750.1047325,52832281.90030111
2891508048,662701805,819.66,2818139668.94031,52851322.53594889
2805930305,714754563,922.35,2818130211.6483345,52831941.37557973
2898064340,733832861,789.0,2818192080.1687307,52858255.984031074
2803451214,669932498,763.28,2818180679.653519,52839400.89233044
2864314816,711116234,879.64,2818216332.0,52834535.611866474
2805703340,715464518,901.56,2818206669.457915,52815275.99057958
2847941556,719009837,775.08,2818229613.04321,52801351.502183
2799964130,672369220,807.83,2818215530.172706,52783427.22806504
2800600105,682273495,850.1,2818201958.966872,52765354.35108179
2813833194,701488471,889.75,2818198595.791378,52745179.62577879
2840748620,719489607,773.04,2818215941.963846,52728595.54318493
2791915750,674396312,829.99,2818195726.597233,52713366.38096433
2787795678,666349870,803.03,2818172377.8655915,52699848.91070768
2854177471,720108848,776.72,2818200010.323868,52689057.44972704
2783171571,645700402,758.06,2818173148.023773,52677775.75564349
2818118126,719830183,829.31,2818173105.861303,52657588.85384144
2789866308,727004042,862.08,2818151431.437213,52643248.25682929
2953298565,749877240,803.39,2818254833.987758,52755616.69088507
2813041194,688688638,855.12,2818250848.0244646,52735643.19805085
2826875621,702454724,874.33,2818257436.8502674,52716034.44846932
2800309997,655086556,783.03,2818243736.514504,52698241.21568571
2935648786,727719772,798.66,2818333290.327994,52777763.94543263
2801949431,698923692,869.36,2818320802.6303353,52759584.14472732
2788419119,664818220,789.99,2818298029.0708303,52745939.72821345
2805713082,724193101,763.46,2818288451.4855404,52727007.29224219
2948066870,718063409,935.36,2818387142.298099,52828224.68004431
2754934633,656886568,797.69,2818338926.1056232,52837086.89499861
2793606880,668540331,830.91,2818320147.0273347,52821416.66253901
2924252049,718016780,795.76,2818400520.245827,52881875.5827466
2770783745,664830160,800.61,2818364419.582259,52878070.10251593
2814762487,687694369,821.64,2818361690.8454547,52858129.63793752
2770911800,656932257,787.72,2818325771.1703253,52854232.68426262
2806652804,716888759,763.76,2818316941.3918304,52835213.30774301
2787261222,663322645,798.33,2818293467.681028,52822137.260215595
2790865721,646573103,760.14,2818272751.860272,52807561.56593401
2902910063,710677994,789.77,2818336629.076226,52838775.92420461
2766567820,665584691,815.6,2818297587.7420816,52837962.75128075
2780007807,658893020,783.12,2818268733.3481536,52828500.09587913
2773164670,681609529,852.28,2818234769.44503,52823097.55096598
2798307734,721594164,761.63,2818219775.4379234,52806047.59836332
2740297847,683276062,833.32,2818161187.5218043,52829384.94176665
2804957048,685240055,856.89,2818151267.056349,52810774.74009598
2753311957,709347853,857.58,2818102588.8956456,52820810.19983376
2831803969,720857148,770.57,2818112867.5003753,52802326.31079736
2761911639,681479407,831.68,2818070737.643928,52804939.34621773
2760038769,673624225,814.95,2818027268.004494,52809030.45987235
2933953074,723230913,798.29,2818114038.817365,52884380.72743202
2774369481,652624070,776.65,2818081320.3747196,52878124.89520844
2769609943,647483369,765.52,2818045093.6352763,52874956.09547674
2744726296,677629860,815.7,2817990337.2516804,52893144.25408259
2804704075,712779912,763.16,2817980422.130597,52874649.13607249
2787836256,689407964,860.58,2817957943.2595077,52861335.71947438
2794346057,685878135,835.18,2817940348.709389,52845564.98633728
2807746330,691299617,858.46,2817932758.226359,52826618.70768579
2803902180,711627134,762.85,2817922318.808036,52808348.09449933
2802517636,711431165,892.74,2817910865.5122676,52790382.9565572
2825137778,699710142,860.96,2817916234.6894503,52771136.59295929
2928860467,726777401,796.87,2817998598.6332593,52838021.10464557
2733365531,705719084,883.78,2817935814.458457,52868658.38633117
2760810088,689232220,842.76,2817893467.737583,52871924.09920491
2812880922,678032347,850.26,2817889754.740741,52852514.21806526
2925550484,720906121,795.96,2817969444.399704,52914021.871598296
2903336241,705905416,874.87,2818032585.5214496,52945339.28329437
2802611199,713578679,880.06,2818021187.600887,52927429.05789073
2802721429,701188246,762.5,2818009887.926883,52909513.179800324
2766818704,641658525,754.3,2817972108.4553504,52908252.12961881
2788127472,682618069,814.92,2817950099.1364307,52894944.47509258
2776182530,678932919,817.78,2817919319.7929254,52887597.532539405
2830399066,720327713,770.45,2817928509.591311,52869205.17635095
2787219420,674222767,847.34,2817905912.763061,52856309.95066271
2773830652,705587819,862.89,2817873504.483088,52850379.35254703
2799274924,699153227,885.8,2817859839.104335,52833363.328667164
2830113586,712866101,769.92,2817868835.9816446,52815007.197843984
2803820931,670978157,820.46,2817858529.3749084,52796999.27025038
2766781646,712972062,844.95,2817821082.979472,52795745.436758526
2791194676,715866693,759.44,2817801576.4542127,52781319.61123555
2791542131,648499962,760.6,2817782352.8484626,52766776.450304635
2806936359,710852642,900.68,2817774418.690563,52748287.82065941
2823488470,665024566,815.0,2817778595.628655,52729231.10503897
2816410424,719784635,766.29,2817777596.2337475,52709982.24578584
2823269245,696203397,806.67,2817781604.7364964,52690950.25281046
2781932469,692125705,843.79,2817755456.5703864,52680621.66780705
2904918813,755094727,956.97,2817818986.713557,52713931.63390389
2820678709,722619556,767.68,2817821069.5411506,52694787.98839751
2791066699,680363381,829.78,2817801597.65575,52680549.94491509
2765982249,676722361,839.92,2817763910.856727,52679915.25210918
2835609596,715299014,771.49,2817776880.104651,52662965.22887514
2840856891,674448330,815.18,2817793641.1873636,52647510.78559552
2848258058,698324562,878.89,2817815748.8918724,52634798.03651079
2796592683,732101301,923.76,2817800358.706309,52618811.71651284
2843764504,718432376,773.63,2817819173.304348,52604383.51094043
2797120960,676806271,824.19,2817804185.4598117,52588281.78235967
2838030923,707485596,902.63,2817818821.3046308,52572065.74606692
2830100714,679233982,835.54,2817827701.921186,52554092.73777199
2849896359,727462709,775.43,2817850872.916185,52542169.47559165
2854034365,708360792,869.47,2817876998.181227,52532189.40367142
2944458207,714367094,910.82,2817968326.6147184,52623112.512173496
2867435399,733937041,780.29,2818003991.410959,52620893.17033777
2785707137,707527394,878.03,2817980722.7838616,52609071.77737554
2779634640,708832893,865.32,2817953115.812815,52600187.21777528
2785443506,694740833,865.31,2817929727.6043167,52588487.34162032
2921514238,724772313,794.92,2818004195.2609634,52642843.558689564
2803542094,741160922,949.91,2817993805.820402,52625357.66144306
2788765105,728472932,900.72,2817972823.264178,52612289.61011246
2787348991,717125732,914.65,2817950854.94835,52599806.06998254
2827914363,720346048,769.45,2817957997.2480288,52581625.91695459
2812216102,748010738,955.26,2817953884.14255,52563014.076423615
2794085655,717405553,896.22,2817936798.7959914,52548075.483305685
2837176040,717165216,772.08,2817950560.7711015,52531796.452904575
2834528723,707993966,887.21,2817962410.779843,52514887.46153416
2794321297,713626998,916.05,2817945524.27,52499928.27734141
2794708737,725763294,944.54,2817928938.4118485,52484857.40396427
2841161206,727341258,773.12,2817945509.21612,52469802.28551283
2792678686,701247623,886.05,2817927500.0762653,52455434.2310653
2761721933,720503090,894.94,2817887467.621083,52458185.39643705
2886018779,734610637,785.44,2817935959.6576514,52470983.119913936
2829348049,723792725,769.93,2817944076.364154,52453202.47747362
2805198571,719169685,875.88,2817935017.7249465,52435659.2462662
2906169818,703442732,948.47,2817997684.4865055,52469715.58847607
2838421295,719406729,772.4,2818012179.596877,52453912.79872086
2789092989,698594292,875.16,2817991669.5326242,52440960.374268
2753987096,684085249,836.18,2817946308.389086,52450038.866794504
2846247866,765737507,990.66,2817966351.9851274,52436868.09325388
2853313113,719023314,776.34,2817991367.385704,52426737.21119978
2805028870,720241795,902.07,2817982200.1315417,52409328.36973012
2840013539,723094526,910.08,2817997769.982332,52394077.19408333
2820367260,722331627,767.46,2817999443.350989,52375611.01824321
2797499935,658754439,793.87,2817984976.5137615,52359956.637382545
2794297284,655132307,768.65,2817968271.5119886,52345267.98322312
2767158289,672623845,824.21,2817932464.618041,52344189.64310447
2816512332,713322798,766.37,2817931464.5246477,52325768.90618583
2767174720,683030039,833.34,2817895745.492611,52324669.08869728
2767810404,662462263,799.78,2817860523.733474,52323116.135429755
2773403366,675874968,831.07,2817829281.8798313,52317994.33215478
2807052762,721383502,763.96,2817821714.0990167,52300400.15417953
2898136777,659473514,808.7,2817878075.5466666,52325288.54923293
2759975306,645773010,770.23,2817837470.5189342,52329392.36662549
2813190493,714303873,765.44,2817834214.052558,52311198.23713325
2735463750,693470696,858.99,2817776531.654762,52338257.23198311
2779612413,670131998,794.19,2817749824.783765,52329673.903798476
2775538480,702636370,799.28,2817720306.3608394,52323273.50701548
2864722221,766344471,779.42,2817753151.863732,52319733.543706544
2809044161,735891002,899.84,2817747070.166201,52301968.281585544
2795520084,711217634,872.55,2817731559.359386,52287010.572343215
2803955754,670765080,815.4,2817721952.800558,52270041.2577462
2857824693,735687212,778.3,2817749898.9609756,52262541.14947569
2886131417,745069606,932.86,2817797518.402507,52275473.78083552
2834554277,751389608,964.03,2817809179.334029,52259149.77105818
2956924537,729667582,804.53,2817905921.5855355,52369538.188858874
2785604858,734697344,918.3,2817883474.703266,52358258.17779655
2771754434,704267494,871.89,2817851440.647222,52354179.70321462
2766390565,714250767,886.95,2817815728.727967,52353552.88873944
2814863594,716711078,765.98,2817813681.4778085,52335454.33667109
2778120449,704508154,874.86,2817786174.040194,52327743.638883024
2801633388,699836073,872.36,2817774987.900277,52311347.346073896
2769185587,678043126,820.29,2817741362.017301,52308852.369541265
2804174950,725531862,763.06,2817731979.9896264,52291977.99915199
2815639068,678044766,805.75,2817730533.609537,52273934.70999437
2815249471,692472991,866.73,2817728820.168508,52255921.84888133
2817280386,716941119,766.73,2817728510.690131,52237888.34511618
2764519609,700129674,865.64,2817691814.895862,52238551.340311356
2808850536,716868429,906.22,2817685721.6643696,52221062.81247912
2813652286,684160408,863.42,2817682943.816116,52203184.49588353
2801925291,718598950,763.01,2817672098.9070888,52186853.66417159
2810691913,691377521,848.57,2817667298.2290235,52169225.55967785
2801626609,668866714,817.33,2817656273.7003436,52152989.17819785
2815365047,716659005,793.18,2817654700.0556316,52135110.97706348
2830788166,727499185,770.23,2817663714.102265,52118351.62493435
2830711726,689093068,859.27,2817672663.355967,52101595.166996315
2811407829,691511324,876.36,2817668369.432488,52083994.9320505
2829361314,721754942,770.12,2817676378.29863,52067053.57844171
2793572406,690796112,872.9,2817659880.0287476,52053048.96572402
2784036754,668465676,808.64,2817636881.994528,52042668.52047171
2800741370,721500911,908.82,2817625333.4559126,52026753.121986665
2818535975,719082116,766.84,2817625955.478825,52008986.828717716
2751177128,703478465,879.12,2817580597.917406,52020190.68206687
2796079980,681962611,861.07,2817565931.7387447,52005475.17341026
2829963406,724133747,770.15,2817574382.641445,51988753.98411447
2805774563,682410893,830.51,2817566344.617166,51971955.49745233
2765535207,677599141,823.97,2817530925.1906056,51971983.73838142
2791864271,714243025,905.55,2817513464.881633,51958612.97551414
2809761050,715533398,764.45,2817508194.71516,51941342.01852822
2769241419,733574832,913.42,2817475404.7860055,51938923.603759594
2762055002,681129572,842.56,2817437780.6157503,51941352.66327479
2789338237,680206869,853.91,2817418717.153324,51928885.01818373
2813002893,719663233,765.52,2817415723.374237,51911406.26791221
2796246320,673654766,831.08,2817401380.960027,51896741.459349066
2792332814,709558707,864.95,2817384408.335139,51883267.92863257
2876945498,730992361,782.86,2817424706.7719893,51888831.08292228
2806667987,698422260,867.36,2817417433.8039217,51872039.84799207
2762269611,706838582,884.85,2817380171.7614865,51874309.67010022
2788971498,702070914,877.02,2817360989.6725187,51862043.88359737
2821228151,718725368,767.67,2817363599.093117,51844640.869726986
2779571784,708266779,859.06,2817338115.738368,51836442.272041515
2812753687,697585431,886.0,2817335026.500674,51819110.78051971
2790268807,669494874,800.7,2817316800.0902357,51806418.52886683
2814877169,714718232,765.93,2817315158.346568,51789022.737971015
2837940730,735133868,907.17,2817329028.9394755,51774366.93975274
2918479906,727197102,861.44,2817397006.6794353,51823305.477306314
2860258472,764426496,778.24,2817425792.082606,51817798.901808225
2808447409,710163748,886.07,2817419766.322148,51800929.31903438
2796774485,715883769,884.24,2817405919.7216635,51786313.48689998
2793777719,715279187,877.13,2817390083.126005,51772567.40804855
2848067889,737413764,775.04,2817410630.886135,51761311.453633495
2752344432,698484334,864.95,2817367079.2135205,51771342.26145638
2793339946,736815169,913.77,2817351007.5525084,51757752.590263985
2831027057,713614538,894.27,2817360149.2967916,51741658.336790875
2852931211,727384912,776.01,2817383910.8610554,51732538.02660168
2821943106,737709025,937.32,2817386954.38251,51715402.0096722
2833250118,681059629,849.74,2817397536.87992,51699771.63326718
2831394658,727843128,770.4,2817406868.294,51683798.2530809
2806443480,741193190,954.96,2817399564.2378416,51667353.349423654
2786753930,688321388,828.03,2817379161.0193076,51656199.513935424
2814067097,708762627,880.04,2817376957.3838987,51639082.91239036
2861080423,722415120,778.52,2817406015.539229,51634203.58474686
2807560999,710120835,876.5,2817399474.0,51617669.93557637
2775499670,682250421,822.61,2817371652.0849934,51611816.758585885
2829781696,708186172,910.16,2817379887.017916,51595679.59549294
2797634847,718893535,761.21,2817366793.490053,51581073.91305766
2773759689,666104404,800.36,2817337895.475149,51576189.76345114
2839484631,752858095,974.73,2817352562.187417,51562256.51920861
2849323050,726395446,775.66,2817373720.6836534,51551748.33328584
2789634416,728448075,937.08,2817355374.582672,51539632.00461213
2814948922,706860517,889.69,2817353784.065433,51522634.04435983
2805014520,717668921,878.46,2817345633.9570675,51506591.44451914
2848179505,725822614,775.01,2817365986.3471947,51495679.26301715
2759713962,714920509,886.16,2817327957.307388,51499968.698538624
2773349516,690462176,848.62,2817298966.9044166,51495364.241427355
2866450396,733325315,780.0,2817331345.974967,51493845.086702
