CPU_Cycles,Execution_Time(ns),Time_clock(ms),avg_cpu_cycles,Std_Dev_CPU_Cycles
4569308705,1377191976,1910.25,4569308705.0,0.0
4953396021,1618269745,2072.66,4761352363.0,192043658.0
4461822299,1311050769,1865.56,4661509008.333333,211008456.37288618
4511794074,1307170553,1886.62,4624080274.75,193897284.1186993
4425131973,1307830299,1849.95,4584290614.4,190813505.06177366
4769064529,1472825288,1995.24,4615086266.833333,187305514.6161113
4470692561,1332912772,1869.32,4594458594.571428,180622404.510194
4455460756,1305833003,1863.09,4577083864.75,175098729.40497628
4682074921,1481851907,1958.26,4588749537.666667,168349784.9666975
4458691931,1313103310,1864.66,4575743777.0,164407522.28279424
4522275748,1304921825,1891.56,4570883047.090909,157508230.75436676
4512156780,1375711425,1926.41,4565989191.5,151673620.77966842
4772953258,1542163186,2057.09,4581909504.307693,155810002.40148512
4576591312,1355675479,1935.03,4581529633.428572,150148522.17806464
4575110982,1351944142,1933.97,4581101723.333333,145066089.41031262
4697543537,1531666593,2000.33,4588379336.6875,143259779.75426996
4878355285,1506830403,2040.23,4605436745.411765,154826970.64275867
4430367996,1343268129,1885.04,4595710703.777778,155716977.11768305
4577955625,1362415106,1941.26,4594776225.947369,151615621.40439093
5110536129,1618972489,2178.36,4620564221.1,185669935.65733382
4392687426,1349071403,1876.55,4609712945.142858,187581294.10968634
4504396647,1344412143,1924.04,4604925840.681818,184576781.5634425
4443556286,1344798359,1890.74,4597909773.086957,183494686.0865246
5134159115,1699740895,2166.5,4620253495.666667,209164851.859199
4424071453,1335698581,1889.61,4612406213.96,208513437.85847542
4430221801,1337036335,1891.81,4605399121.153846,207444239.16442084
5445296418,1781802678,2278.43,4636506428.444445,258066991.54440653
4476692015,1352829647,1907.38,4630798770.821428,255146311.53786123
4460478330,1344127282,1896.32,4624925652.172414,252627480.1828682
4554332870,1351835957,1930.84,4622572559.433333,248704369.22140437
6009848919,2068641162,2522.83,4667323409.741936,346320278.7279061
4448563715,1405342773,1897.01,4660487169.28125,342984607.40656036
4956755050,1875586846,2096.4,4669464983.848485,341544838.37237966
7332859534,2874619719,3070.53,4747800117.676471,561892236.1008705
4701224245,1368882169,1966.1,4746469378.457143,553861391.1504773
4613733245,1332839903,1929.84,4742782263.638889,546550162.6111665
4520374082,1316411119,1890.52,4736771231.7027025,540318809.4326311
9681109244,4215119741,4544.48,4866885389.921053,954285257.2946757
4658027356,1364101202,1947.45,4861530055.717949,942549686.6557521
4596550519,1348821362,1958.26,4854905567.3,931612249.836093
4877731574,1514638857,2062.99,4855462299.170732,920187728.4660933
4524302143,1360870552,1930.67,4847577533.547619,910567844.9295232
4492061780,1332799206,1912.85,4839309725.325582,901511285.6956307
4523007488,1352945076,1926.51,4832121038.113636,892453780.7189733
4744385619,1477437673,2019.79,4830171362.133333,882576675.6717352
4349358637,1339869146,1859.31,4819718911.586957,875742252.6957933
4474748379,1338664147,1907.77,4812379113.021276,867804754.7267829
4763066219,1509904775,2020.35,4811351761.0625,858746426.9595712
4388642312,1344074114,1874.15,4802725037.612245,852037379.6529776
4382072142,1328760184,1852.67,4794311979.7,845527373.9079645
4387112119,1327056253,1866.31,4786327668.705882,839098343.3168879
4768039097,1530307522,2018.04,4785975965.403846,830994718.5488747
4435020695,1335646762,1881.27,4779354167.849056,824501692.898376
4631741249,1363675186,1962.95,4776620595.277778,817074130.4096867
4457459385,1357369914,1904.77,4770817664.181818,810734336.884671
4912639703,1594240961,2076.76,4773350200.589286,803682522.122257
4510307752,1347023484,1924.07,4768735420.789474,797349676.1278751
4469812708,1323617416,1894.39,4763581580.913794,791403217.2474152
5055936154,1635538590,2146.43,4768536743.169492,785574685.0715759
4519168754,1356085165,1927.09,4764380610.016666,779654576.8388762
4486454411,1354240215,1914.42,4759824442.819673,774042531.1843324
4513196109,1353020836,1928.91,4755846566.467742,768403211.5581971
5122200829,1697561915,2167.08,4761661713.4920635,763654348.8522378
4361494316,1333816280,1862.62,4755409097.90625,759288458.2160623
4515276667,1354931858,1924.95,4751714752.815385,754004591.6023597
5443567605,1775374101,2277.7,4762197371.787879,753028209.957667
4430182141,1324372397,1875.46,4757241920.582089,748470947.1791555
4448997919,1326432868,1884.14,4752708920.558824,743873051.4333861
4519506889,1345442312,1913.64,4749329180.971014,738988722.997489
5743085214,1950865486,2410.0,4763525695.728572,743107780.4781166
4476952741,1325140931,1898.64,4759489456.929578,738628435.0540795
4485527640,1374788589,1944.82,4755684431.694445,734181537.5481206
7078757008,2523804388,2961.91,4787507343.69863,777529997.008594
4573898671,1375945780,1945.71,4784620740.013514,772652272.1224926
4673736478,1399773453,1995.36,4783142283.1866665,767589342.2011178
4745819356,1402520283,2016.06,4782651192.039474,762534550.912548
10149026285,4392289255,4763.91,4852344375.064935,971107691.396592
4644756814,1377741094,1968.98,4849682996.076923,965145143.4930178
4660037848,1394126662,1987.9,4847282424.582278,959251498.615489
4795627454,1513729152,2039.18,4846636737.45,953254599.0783687
4657849186,1392667545,1989.03,4844306026.9382715,947581373.3165627
4587634820,1382638978,1951.36,4841175890.268292,942206956.9412156
4437310314,1356931431,1893.74,4836310039.951807,937549781.0419708
4656001124,1503207813,2004.89,4834163505.238095,932157574.0246501
4461706915,1334639814,1902.01,4829781663.0,927527911.4985964
4510538833,1337724597,1920.98,4826069537.069767,922754428.1186382
4794970532,1518096717,2042.38,4825712077.24138,917441903.3762856
4670773988,1441287377,1975.56,4823951417.136364,912362083.1412394
4450627041,1335471053,1885.3,4819756761.224719,908074932.2447888
4242845656,1343896698,1815.94,4813346637.833333,905038585.4316677
4835202553,1532449125,2036.49,4813586812.725275,900054993.0243858
4479221008,1364990983,1936.48,4809952401.804348,895821176.6017964
4494418859,1344082589,1919.24,4806559568.010753,891586023.4762056
4521598279,1333369497,1917.31,4803528064.936171,887312601.3730916
4850574167,1551430816,2048.38,4804023287.063158,882643239.4721763
4533887749,1351944059,1936.29,4801209375.208333,878462354.8244432
4535287535,1372993688,1931.39,4798467912.938145,874335163.3852992
5004227165,1811230064,2123.86,4800567497.142858,870108582.9515133
4576883091,1579781695,1937.68,4798308058.69697,865991847.0277903
4682319219,1555349784,1977.11,4797148170.3,861728291.9201777
4785749000,1479895859,2000.4,4797035307.227723,857452441.1030114
5253023293,1792676757,2197.68,4801505777.676471,854420914.5842588
4482162254,1324678362,1873.79,4798405355.116505,850839507.2595422
4478840383,1319480909,1872.86,4795332615.0,847313118.4015718
5386826143,1757229515,2253.75,4800965886.695238,845223231.679446
4426015336,1317767676,1850.59,4797428617.349056,842007396.4868921
4504145370,1343434260,1882.92,4794687652.420561,838538534.4517692
4525607090,1304652252,1892.54,4792196165.731482,835045183.0246514
6017368543,2060083317,2517.96,4803436279.284404,839373541.5635611
4467266057,1326287545,1904.92,4800380186.354546,836158471.0562255
4436733592,1336468851,1894.36,4797104090.90991,833092341.3540822
7277394812,2630091140,3067.65,4819249543.776786,861558342.9149894
4662012487,1349213154,1949.53,4817858065.398231,857864068.4020886
4671020598,1394306829,1979.76,4816570017.438597,854202962.7125685
4470549561,1351199818,1903.87,4813561143.904347,851087473.1331023
10476872501,4336670027,4744.73,4862382793.534483,996099463.2550696
4556580923,1390252655,1970.6,4859769102.333333,992232895.1575096
4606927963,1363451370,1960.65,4857626380.81356,988291380.8424811
4996687203,1530083551,2111.17,4858794959.15126,984212000.2701313
4600856848,1391255870,1987.72,4856645474.891666,980382985.3297411
4586871384,1366931301,1948.86,4854415936.950413,976628846.4056693
4508240059,1366428927,1927.89,4851578429.754098,973118730.6519116
4717926895,1481029900,1996.91,4850491831.910569,969229202.2074355
4458450192,1346239859,1907.18,4847330205.782258,965949735.1636002
4540989054,1365585816,1938.74,4844879476.568,962465154.1080586
4417249076,1331451263,1874.1,4841485584.5,959388913.6299232
4804632089,1503571389,2036.68,4841195399.496063,955609878.7359614
4489071615,1345081235,1909.21,4838444432.4296875,952374429.885513
4469502179,1329323021,1891.37,4835584414.961241,949227536.6478685
4796048243,1520635060,2039.2,4835280290.561539,945575922.5573492
4490838598,1336921110,1901.27,4832650964.664123,942436875.8974891
4477385980,1358481774,1910.35,4829959563.265152,939365472.3720446
4476642035,1332584673,1906.77,4827303040.496241,936324936.5700569
4910870110,1571072240,2084.06,4827926675.343284,932852369.4604843
4504421832,1352245985,1925.42,4825530343.17037,929804818.0227761
4518484227,1330429583,1914.93,4823272651.139706,926751438.2570502
4995485941,1615492662,2123.05,4824529682.452555,923479298.3744
4482836094,1352125040,1912.42,4822053641.956522,920583575.3544136
4493547709,1351130992,1916.89,4819690289.920863,917686206.0832168
4480755773,1334128567,1898.64,4817269329.085714,914848247.6958014
5188365475,1690048199,2181.73,4819901216.6453905,912130076.3817834
4503375555,1359759239,1914.83,4817672162.690141,909297991.4552855
4463217033,1323152474,1887.29,4815193455.489511,906594344.7179253
5466632103,1791511930,2287.1,4819717334.986111,905059190.9034431
4458166572,1348206079,1900.94,4817223881.448276,902429080.0896987
4397471611,1334315412,1869.51,4814348865.897261,899999355.5553805
4478334761,1338002430,1896.02,4812063055.659863,897358057.5010543
6018517240,2040722251,2531.19,4820214773.121622,899765979.6328657
4564980885,1355299096,1950.33,4818501794.006711,896983656.0609136
4463310481,1332908677,1902.79,4816133851.92,894455856.943936
7299296670,2631414826,3053.95,4832578638.794702,913957099.3633361
4578496432,1337881782,1914.34,4830907045.328947,911177258.8345679
4625752081,1392244114,1969.26,4829566163.20915,908345119.6119347
4559011284,1361940238,1933.24,4827809313.344156,905651898.5079858
10457828726,4344069565,4727.31,4864132019.232258,1009005408.3533041
4681207710,1394853234,1983.09,4862959427.506411,1005872161.07606
4741795488,1406917598,2017.28,4862187682.66879,1002709960.8056818
4946299492,1514229802,2094.83,4862720035.8924055,999554048.3566307
4765617807,1426567630,2022.27,4862109330.050315,996435408.6195095
4520373356,1364142191,1924.87,4859973480.2125,993681707.7911607
4462999817,1360687615,1887.23,4857507805.285714,991081795.2501491
4831924184,1629146887,2055.97,4857349881.697531,988020197.6820961
4715846635,1573062010,2012.82,4856481763.619632,985046770.7553011
4688787409,1571088376,1996.17,4855459237.067073,982125755.1937383
4886406226,1514999551,2042.82,4855646794.575758,979148039.5398252
4890686658,1562761705,2045.22,4855857878.090362,976198108.924081
4449505921,1299958823,1860.64,4853424632.838324,973775753.1357305
4479919317,1316464507,1872.63,4851201386.910714,971298300.0546533
4946304624,1531355595,2069.1,4851764127.95858,968447840.7993609
4478677105,1308296978,1873.09,4849569498.411765,966016658.5394329
4481676336,1324863791,1873.39,4847418076.409357,963596289.1988195
4361577569,1311063856,1823.57,4844593422.296512,961500807.0315067
4915482683,1562844941,2056.19,4845003186.809249,958732937.221478
4468246974,1304509423,1868.8,4842837921.21839,956398114.9257425
4455825242,1329947636,1912.65,4840626420.194285,954107698.5377362
4981038785,1621615087,2111.53,4841424217.721591,951451839.7234842
4506355370,1333992018,1918.4,4839531173.384181,949092647.3194151
4451019841,1329309183,1884.34,4837348525.449438,946868274.1447955
4424918751,1336805266,1880.9,4835044448.497207,944719946.4914913
5249655044,1701900237,2209.51,4837347840.694445,942595975.283134
4499556027,1365334635,1920.48,4835481587.580111,940321926.700679
4504988029,1367959177,1919.01,4833665688.906593,938053250.1620842
5394784142,1796658924,2277.34,4836731909.961749,936400862.3611028
4516171642,1374579207,1927.38,4834989734.592391,934150170.7661173
4492171894,1342822314,1910.3,4833136665.183784,931961060.6944114
4528827199,1354329378,1918.65,4831500592.784946,929718765.5162276
5776040821,1958177656,2426.64,4836551610.048128,929784933.3952848
4402533524,1318797134,1861.82,4834243003.207447,927846035.4236887
4474109798,1332696821,1896.22,4832337536.513227,925756900.7026728
4482434725,1335287201,1907.98,4830495942.768421,923664530.1452789
7288013845,2539382343,3048.75,4843362528.643979,938159738.0755239
4660594205,1358889886,1948.31,4842410610.291667,935805902.2994783
4597686175,1395892327,1958.18,4841142608.036269,933543740.2841352
10369837195,4377049818,4740.07,4869641033.742268,1011809546.5412172
4616770602,1393805355,1964.62,4868344262.297436,1009373443.3406149
4671845934,1385268169,1984.27,4867341719.806123,1006892548.6284156
4632579410,1377270948,1976.4,4866150032.954315,1004472293.8565187
4805724685,1534032019,2045.36,4865844854.429293,1001941692.7929732
4612401246,1377636447,1965.12,4864571268.457287,999581740.9726208
6282973535,2868790444,2631.26,4871663279.79,1002086257.2280644
4858525141,1550385166,2058.44,4871597915.915422,999590824.5887398
4571044723,1391988797,1944.19,4870110028.821782,997336626.9089093
4556411276,1371770676,1943.54,4868564714.768473,995119500.0002383
4634683669,1377666532,1976.59,4867418239.053922,992811872.5654671
5014819961,1589286446,2129.35,4868137271.843903,990440665.1675094
4652365501,1379832611,1985.06,4867089836.063107,988147568.7955211
4534893144,1362526403,1934.28,4865485021.125604,986026914.5516788
4943627200,1530491726,2080.94,4865860704.677885,983668652.24455
4710893205,1390123666,2003.19,4865119233.38756,981370820.4787111
4690154170,1391103331,2001.75,4864286066.419047,979105526.296931
4548272684,1362567271,1932.16,4862788372.663507,977023708.0561231
5030111286,1675472339,2124.91,4863577631.68868,974784104.5539368
4446240068,1348239477,1900.99,4861618300.403756,972911538.7210729
4468009683,1359818228,1905.67,4859779007.799066,971006837.0980124
5045239319,1605553512,2129.76,4860641613.897675,968828232.486982
4428476913,1335845469,1892.3,4858640851.393518,967028075.7431321
4501953042,1342806857,1923.12,4856997128.769586,965099723.9392874
4588737988,1391702827,1959.83,4855766582.252294,963054261.7213947
6400228753,2876291858,2681.77,4862818920.931507,966478560.0214504
4693555687,1399104353,2001.75,4862049542.595454,964346732.5881677
5018888148,1562361429,2139.26,4862759219.542987,962220056.4559048
4671029315,1388454254,1992.84,4861895571.324325,960136294.6517198
4588780677,1359048632,1946.18,4860670840.856503,958154887.0027142
4916712956,1522370041,2090.9,4860921028.870536,956021056.4104782
4663336148,1393198761,1990.75,4860042873.844444,953984739.179683
4515626396,1339764152,1911.8,4858518907.128319,952146263.0568377
4525554724,1343383418,1931.26,4857052104.559471,950302579.1443043
4636078925,1511331598,1962.13,4856082923.947369,948328719.5434535
4513995650,1385295245,1949.4,4854589093.056768,946524672.4751297
4545154433,1524981181,1941.47,4853243724.969565,944684176.2075106
4597498125,1552130401,1953.82,4852136601.160173,942786711.6091267
5036049797,1600527781,2106.11,4852929330.452586,940829799.9151989
4808031730,1456580249,2010.63,4852736636.888412,938813268.8355491
4471067531,1457510169,1870.62,4851105572.333333,937135892.1454425
4672463772,1361160210,1953.73,4850345394.459575,935212157.7357439
4663579724,1349748608,1949.97,4849554014.5,933307522.637537
4637178135,1341076690,1939.82,4848657913.742616,931438171.8511521
4494958567,1313373258,1879.52,4847171782.033613,929760840.9749069
4442008407,1303175786,1857.01,4845476537.786611,928182218.6318434
4505128138,1313994042,1884.05,4844058419.454166,926505908.3823736
4481389620,1299641699,1874.31,4842553569.6639,924875567.4525164
4518969364,1324378124,1889.26,4841216444.847108,923196084.5455606
4348409789,1346366776,1918.86,4839188433.917695,921834553.7906494
4451028144,1372859881,1891.96,4837597613.057377,920277787.8147855
4499964703,1339921469,1914.41,4836219519.546939,918649996.9466703
4317942027,1344685444,1842.96,4834112700.471544,917373825.0461943
4373125382,1323963428,1850.34,4832246355.052631,915982766.2370139
4462260059,1318394584,1890.49,4830754474.826612,914434806.0738277
4353790941,1331778889,1854.44,4828838958.626506,913095164.7485883
4473439660,1329157905,1899.31,4827417361.432,911543209.3296378
4452415697,1333471760,1893.51,4825923330.896415,910032225.6960528
4452504401,1328533223,1887.78,4824441509.746032,908528179.1024939
4435563163,1331853798,1878.98,4822904441.181818,907059137.5628101
4417797343,1331596434,1872.32,4821309531.346457,905627211.7406309
4465778335,1336418559,1891.64,4819915291.360785,904122824.7803051
4445926492,1334681306,1880.86,4818454397.613281,902656739.0031822
4474221654,1319920240,1891.04,4817114970.595331,901153751.0841509
4465659075,1334515512,1889.88,4815752738.44186,899670718.9126195
4455088250,1331648072,1888.91,4814360211.459459,898210762.1616683
4482394292,1328721168,1895.94,4813083419.461538,896717226.664918
4517463513,1354963845,1914.45,4811950776.141763,895184050.2821542
4586600743,1368387839,1942.5,4811090661.511451,893582098.0987298
4407002268,1346558351,1883.85,4809554203.741445,892228328.609463
4481639796,1327534820,1904.93,4808312103.712121,890764687.290079
4418310004,1341228070,1878.82,4806840397.675471,889403921.4262112
4507271957,1324232441,1906.78,4805714200.530075,887919820.7962811
5098312156,1884773641,2130.62,4806810073.022472,886435695.5049052
4518261543,1348864554,1928.81,4805733399.402985,884955244.3915854
4645241051,1377950983,1943.97,4805136773.572491,883362813.2739122
4470402544,1371125651,1905.26,4803897017.166667,881959863.7083695
4492059193,1335912361,1912.81,4802746324.088561,880534155.9009595
4445961150,1339557808,1891.22,4801434613.889706,879179254.5896565
4448534760,1334006972,1901.21,4800141940.432235,877826482.693917
4423548150,1337563511,1888.55,4798767510.540146,876517377.5169836
4495927677,1358794337,1917.94,4797666274.781818,875112131.7308261
4475117550,1334518251,1905.44,4796497619.981884,873740299.4110643
4374647954,1326533436,1860.03,4794974697.0,872528623.9262381
4493797584,1338652534,1915.67,4793891326.089928,871144535.0180662
4513949969,1335060563,1922.94,4792887952.0501795,869742855.1827271
4476044546,1383817348,1907.24,4791756368.457143,868394076.3900439
4545827986,1359685129,1929.68,4790881178.483986,866971210.9843276
4507709013,1369647989,1921.91,4789877021.868794,865596346.3054969
4471472597,1331470549,1893.76,4788751917.893993,864272211.5184484
4422523017,1338831320,1876.22,4787462379.510564,863021955.3073401
4499961486,1349669271,1922.94,4786453604.445614,861674267.8764287
4420845817,1345624521,1885.87,4785175255.538462,860437209.358747
4471372523,1341023642,1907.98,4784081866.2264805,859135891.4298457
4422090490,1371678620,1886.74,4782824951.725695,857907334.634126
4369332160,1335592712,1868.57,4781394180.820069,856765913.8200198
4400916663,1335814491,1877.11,4780082189.379311,855578221.7842876
4597652229,1368614243,1957.38,4779455282.298969,854173609.3229481
4355275743,1360708664,1890.74,4778002612.643836,853069729.9908364
4522728586,1358695448,1915.05,4777131370.232082,851742858.8097718
4543077811,1357464914,1928.28,4776335269.690476,850402271.1885207
4477276175,1342259605,1908.73,4775321510.047458,849137620.124784
4332279459,1347534488,1844.55,4773824746.361486,848091775.0040574
4437015140,1341271425,1892.33,4772690707.282828,846887583.0637461
4477035839,1330840052,1904.58,4771698576.852349,845638308.2995123
4451899825,1332792421,1887.7,4770629015.809364,844424890.7504833
4465799835,1323255806,1889.82,4769612918.54,843199415.9804772
4474505768,1338342546,1895.77,4768632496.112957,841968851.1405582
4482396928,1343959299,1896.62,4767684696.218543,840734531.6932199
4424765055,1338394622,1885.88,4766552948.227723,839576430.8506737
4428039118,1347192315,1890.3,4765439415.891447,838418497.4921883
4469472056,1340986447,1909.12,4764469031.1049185,837213890.184138
4459850245,1361509363,1905.08,4763473544.875817,836025561.391526
4453333229,1352571285,1901.54,4762463315.833877,834849901.5233564
4531618039,1340058158,1928.36,4761713818.181818,833596971.2995749
4518797167,1330669086,1914.3,4760927680.152103,832361365.8260679
4447646423,1348150533,1899.12,4759917095.451612,831207614.5578349
4522353191,1353325528,1930.29,4759153224.376205,829979168.520148
4463738959,1462807780,1900.16,4758206383.782051,828816223.2371469
4593651058,1568169348,1961.22,4757680647.916933,827543281.8729125
4622145212,1564733741,1969.18,4757249006.401274,826259777.1035943
4773945899,1474217908,1995.61,4757302012.409524,824947745.8172078
4538290311,1339509830,1898.05,4756608937.405064,823733264.3320594
4517981087,1316082402,1889.52,4755856168.160883,822541830.0308374
4424284172,1305369741,1850.1,4754813488.927673,821457304.8370453
4461111257,1306047997,1866.02,4753892792.275862,820333060.9582918
4503125125,1305238495,1883.14,4753109143.315625,819169868.4236153
4475393577,1308682657,1871.96,4752243985.788162,818039319.0564543
4497882855,1304874439,1881.35,4751454044.388199,816890696.0438762
4515575669,1316861242,1888.56,4750723770.780186,815730442.7544829
4455333346,1310150141,1863.5,4749812071.9382715,814635426.1780459
4503952478,1323608535,1883.51,4749055580.88,813495147.3292093
4399072434,1325549371,1877.0,4747982012.944785,812477045.9411153
4499631177,1338567786,1911.39,4747222530.266055,811349665.150319
4340110970,1353758959,1881.93,4745981336.484756,810422770.1969128
4417928439,1333769544,1867.92,4744984215.215805,809391668.8052624
4517688137,1327806484,1910.79,4744295439.221212,808260947.1048806
4486828306,1335168280,1913.12,4743517592.897281,807162778.1596053
4447760971,1333832567,1894.63,4742626759.698795,806109199.7300997
4529011606,1368716257,1931.88,4741985272.750751,804982778.8243781
4525947304,1351728639,1913.84,4741338452.48503,803863472.2167082
4467321071,1347001505,1908.51,4740520490.152239,802801970.6479473
4434497984,1348887921,1890.95,4739609708.883928,801779749.140418
4494941928,1347084434,1912.82,4738883691.72997,800699883.2257564
4519175691,1343317580,1911.3,4738233668.059172,799603583.1822761
4544805824,1364607195,1941.63,4737663084.448378,798492264.4306087
4492139233,1316834107,1878.65,4492139233.0,0.0
4759143612,1482673640,2025.94,4625641422.5,133502189.5
4492618331,1352483897,1909.61,4581300392.0,125754298.95554188
4503297569,1385234045,1928.14,4561799686.25,114023858.70331743
4435504614,1463617177,1877.16,4536540671.8,113812229.24983288
4895760364,1749207149,2093.77,4596410620.5,169459159.46244073
4719433732,1538656831,2014.58,4613985350.714286,162687706.23617175
4591995144,1426767916,1919.79,4611236574.875,152354090.59372526
4844476265,1514948465,2026.34,4637152096.0,161262510.7284915
4499552708,1326633945,1881.93,4623392157.2,158458388.45523092
4527558930,1320628935,1893.59,4614680045.636364,153575479.336261
4483567137,1318939713,1874.6,4603753969.916667,151436937.2683127
4836213856,1503794268,2022.79,4621635499.615385,158133004.36696637
4537017944,1321359852,1897.57,4615591388.5,153931177.7389656
4468643321,1317868793,1868.34,4605794850.666667,153162540.4509113
4908741915,1561574085,2053.72,4624729042.1875,165439249.2374616
4451652330,1319779662,1861.76,4614548059.117647,165585552.8361924
4516106428,1318921406,1890.75,4609079079.611111,162492420.2866565
4462253138,1342432758,1898.62,4601351398.473684,161520960.47484198
5055601001,1592282086,2150.99,4624063878.6,185972707.55505282
4486099879,1331519558,1901.62,4617494164.333333,183853544.22892904
4389477052,1340724677,1875.4,4607129750.136364,185799645.26300985
4457055577,1327831219,1890.41,4600604786.086957,184274866.62651184
5211400046,1692349465,2210.0,4626054588.583333,217805574.57825804
4465612049,1325650079,1888.46,4619636887.0,215708560.4035588
4470286730,1351452455,1909.18,4613892650.192307,213460691.9778517
5374098226,1785915931,2271.06,4642048412.259259,253947391.21890306
4471596872,1326745290,1894.49,4635960857.25,251369576.1746999
4431925320,1321647118,1874.62,4628925149.068966,249787603.09215507
4439911901,1341238571,1898.05,4622624707.466666,247921808.51438197
5909787914,2013877486,2496.42,4664146101.225806,333471525.31308407
4484848228,1336086831,1914.84,4658543042.6875,329698921.1243296
4443858227,1343225304,1895.78,4652037442.212121,326744132.6521172
7652090925,2754629312,3201.9,4740274309.3529415,600459201.9827741
4579510660,1362808551,1944.75,4735681062.228572,592424778.4472615
4585767030,1375419656,1956.79,4731516783.555555,584657997.5457606
4632209428,1362274015,1962.4,4728832800.972973,576927895.6082739
9136012176,4351989121,4486.58,4844811205.578947,906517147.7749666
4633666720,1375093262,1969.55,4839397244.410256,895441815.5405943
4618822620,1373246999,1970.86,4833882878.8,884848328.6916631
4926863485,1626452407,2094.56,4836150698.463414,874108565.0245367
4528541538,1471055218,1935.76,4828826670.833333,864912155.9996431
4598265647,1491861927,1954.23,4823464786.55814,855501888.9138601
4737999575,1566349368,2019.76,4821522395.386364,845820312.138232
5515799777,1948741661,2362.82,4836950781.644444,842607560.186217
5076698068,1628725357,2158.44,4842162679.173913,834131502.8318379
4989205481,1575050441,2085.44,4845291249.425532,825482815.4788574
5387412943,1761095512,2252.82,4856585451.375,820500373.1888752
4796253457,1413422182,2006.26,4855354186.183674,812129564.6632851
4578915284,1336858540,1914.91,4849825408.14,804898219.1248329
4649117905,1342416933,1944.47,4845889966.90196,797453677.8820549
5022327715,1555934809,2100.84,4849283000.519231,790120273.2993795
4567110915,1338356838,1909.56,4843958998.905661,783571903.8142942
4620090101,1339124923,1932.71,4839813278.574074,776869196.212726
5129189653,1608912852,2145.95,4845074667.2,770744699.5992438
4514184469,1344060696,1887.5,4839165913.660714,765087993.6840734
4590557867,1340080602,1919.69,4834804368.982456,759049051.6269006
4647936490,1343642236,1943.63,4831582509.0,752870128.0166504
5332784009,1679522074,2230.66,4840077449.677966,749260926.0935228
4620575450,1337993225,1932.77,4836419083.016666,743522049.6161697
4352474200,1320782985,1890.11,4828485560.344262,739958633.7355002
4338265734,1315393113,1877.77,4820578788.951612,736560281.3521448
5226733275,1708106601,2186.38,4827025685.555555,732452371.3929259
4663253433,1390902906,1990.65,4824466744.109375,726991341.4817835
5282533781,2306480238,2214.03,4831513929.292308,723577092.8548454
5578570144,1864986546,2362.48,4842832962.848485,723850024.6299589
4663557569,1396205934,1988.32,4840157210.701492,718756644.1864772
4480325173,1449909331,1910.66,4834865563.088235,714765691.7570626
4839048159,1621291512,2051.81,4834926180.42029,709567502.8938862
6632891372,2516843913,2776.24,4860611397.442857,736080687.970697
4648070640,1458646998,1944.21,4857617865.647887,731307644.8476739
4593922997,1348945148,1921.13,4853955436.916667,726866764.2161331
7907553147,2844281382,3309.25,4895785542.534246,804413065.623865
4556790010,1351993357,1905.35,4891204521.824325,799917502.3021516
4667607681,1364680604,1951.83,4888223230.613334,794980601.1565263
4639532315,1338538618,1940.38,4884950981.723684,790241428.0415188
8072845936,4448131173,4276.23,4926352214.896104,864083378.6596671
4809348079,1834618517,2296.78,4924852161.871795,858627415.5529562
4705645331,1406029190,2008.71,4922077391.86076,853527634.516728
4798331897,1525572369,2039.36,4920530573.175,848287730.8398119
4580959616,1367803352,1948.62,4916338339.135802,843868596.1827563
4636119070,1409040288,1976.83,4912921030.97561,839270996.5310912
5764245806,2249465540,2412.29,4923177955.9759035,839354585.3730528
4782220928,1553403192,2039.13,4921499896.119047,834483517.9711852
4435456214,1364454120,1914.4,4915781735.152941,831214062.4215558
4582335854,1366025584,1937.58,4911904457.4651165,827140090.9621221
4937399808,1570540006,2098.04,4912197507.471265,822377163.5773259
4602040831,1377896659,1948.75,4908672999.784091,818351789.6472728
4823236643,1401870551,2047.13,4907713040.719101,813791146.6192867
4643565896,1369122477,1975.8,4904778072.444445,809730992.0151927
5008855951,1696106673,2109.56,4905921785.395604,805342724.9292499
4567264960,1348802974,1932.48,4902240732.945652,801723280.8289533
4391435279,1474774965,2040.1,4896748201.182796,799139703.7401292
4982227358,1626025798,2121.16,4897657553.914893,794925968.0656104
4621674621,1357235950,1960.71,4894752470.410526,791232553.0000906
4567983981,1367299657,1944.55,4891348631.979167,787799651.3668501
4547333304,1364520480,1926.23,4887802082.206185,784498279.3867801
5089077903,1683334449,2181.98,4889855917.112245,780747554.8638033
4649464787,1386111173,1981.39,4887427723.878788,777166214.252952
4615499710,1380670807,1970.53,4884708443.74,773743824.0744479
5371725556,1750413242,2273.46,4889530395.346535,771412410.5616508
4697042353,1381708269,1983.77,4887643257.676471,767855916.1911392
4691529638,1402561110,2000.05,4885739241.951456,764361294.1753365
4550031884,1395903482,1936.05,4882511286.586538,761382719.5740106
5595007488,1860492789,2366.2,4889296964.695238,760901690.7678708
4558769351,1374752742,1944.13,4886178779.6603775,757977778.0481125
4611238440,1367755773,1953.44,4883609243.775701,754891208.3211933
4589972218,1380145909,1952.94,4880890382.425926,751914366.3036573
6109901705,2107621659,2588.42,4892165715.66055,757574197.5241053
4666694289,1370014502,1973.89,4890115975.418181,754426390.5571597
4561115308,1368452782,1937.83,4887152005.441442,751663476.286127
7539371538,2773291046,3225.01,4910832536.982142,788795637.3272824
4632020900,1366327698,1976.54,4908365177.362832,785731643.9173516
4603798421,1382251380,1950.11,4905693539.149123,782793208.6360853
4633924438,1369335399,1963.08,4903330329.573913,779790662.2682669
8554311608,4503999241,4883.09,4934804306.112069,846611925.3398612
4624209198,1374586360,1965.37,4932149647.068377,843470892.0135812
4702589613,1399390558,1992.43,4930204223.050847,840152827.4086156
4886650440,1527735080,2070.13,4929838224.87395,836624772.8395488
4584134362,1413445022,1949.74,4926957359.35,833724052.5067647
4556158730,1366166931,1937.63,4923892907.867768,830950122.4030298
4601187092,1379080032,1963.99,4921247778.229508,828048942.5890735
4768204208,1521146984,2011.19,4920003521.560976,824790528.5699385
4690491363,1406914974,1998.65,4918152617.056452,821714470.4437095
4636806339,1378814261,1980.85,4915901846.832,818804697.9762022
4961989268,1561554991,2099.83,4916267620.015873,815559253.3986988
4535818833,1376263533,1936.37,4913271960.275591,813037710.4103516
4584753464,1361190256,1943.41,4910705409.5234375,810371884.6286496
4651585678,1379151469,1985.22,4908696729.434109,807544628.7875284
5224984833,1968703020,2242.27,4911129714.846154,804907175.1808884
4690392758,1597725020,1992.05,4909444699.908397,802059256.8414663
4744824154,1555848344,2006.54,4908197574.560606,799142866.4239305
5299938340,1797341733,2217.3,4911142993.849624,796851781.7326955
4566799929,1347750856,1909.6,4908573269.485075,794425844.6380628
4664368218,1352155826,1951.12,4906764343.177778,791755007.8921081
4664482736,1373810538,1951.55,4904982860.7720585,789110294.5502163
5322694282,1827326440,2227.02,4908031849.248176,787028677.0824567
4637273832,1463019511,1939.76,4906069834.630435,784508133.7922184
4540749582,1489522349,1899.32,4903441631.374101,782290560.4062145
5763269480,2061392850,2435.73,4909583258.864285,782847538.4869636
5005129971,1676760501,2122.92,4910260895.120567,780107748.6062051
4969506969,1619623034,2111.51,4910678120.992958,777371824.4905581
5017738613,1564895342,2097.98,4911426795.762238,774700344.4785544
6451660309,2258612918,2699.58,4922122861.826389,782529791.8983536
4876120985,1479353306,2038.54,4921805607.5034485,779836037.6227568
4704787040,1393053501,1967.13,4920319178.958904,777366867.8003594
5574878022,1859857672,2333.59,4924771960.204082,776584282.6124825
4996914336,1548419539,2089.04,4925259408.689189,773978804.5879371
4619571969,1349355830,1932.19,4923207815.134228,771780864.7554842
4582622104,1356979578,1916.98,4920937243.726666,769703124.9326241
7814204237,2838237005,3327.42,4940097952.29139,802240207.4933455
4628948261,1368439023,1935.54,4938050914.848684,799992471.6902615
4613649037,1349900799,1929.52,4935930641.137255,797802201.153348
4630932214,1353842886,1936.99,4933950131.87013,795584967.6255506
7680457607,3753208837,4285.4,4951669534.935484,822936420.9658767
4430627992,1357881228,1906.64,4948329525.044871,821347855.3226937
4519606325,1351119603,1941.46,4945598804.025477,819438022.3255085
4877389307,1519643391,2091.02,4945167098.348102,816858658.1989988
4616854984,1370478432,1961.79,4943102242.283019,814699410.5099827
4624289406,1401411843,1968.25,4941109662.05625,812538045.0807751
4609079931,1395400569,1963.53,4939047365.590062,810430646.0115801
5000601521,1567231518,2119.04,4939427329.512345,807939829.675194
4577874450,1384484448,1946.57,4937209213.687117,805952300.3261465
4535178318,1385772427,1937.33,4934757805.786586,804100687.993316
5087985584,1589441158,2153.29,4935686458.987879,801748523.8292261
4523473432,1360599376,1920.66,4933203247.981928,799966154.0994703
4632595236,1371900567,1979.68,4931403200.005988,797904571.5569004
4624597077,1375602211,1975.34,4929576973.083333,795876293.355004
5039606578,1589981392,2139.18,4930228035.834319,793563006.1684788
4522402509,1367563458,1929.36,4927829062.1470585,791839937.264235
4622713157,1368917085,1962.35,4926044758.608187,789863908.4722649
5007717550,1599282287,2095.34,4926519600.418605,787588923.0758611
4598652112,1382666699,1950.96,4924624412.624277,785702591.7378868
4640545471,1370149433,1972.82,4922991775.028735,783735816.3409703
4603589190,1373056225,1964.13,4921166617.4,781864122.0613388
5186507673,1662788459,2188.25,4922674237.034091,779894803.8094579
4664114223,1372379836,1975.38,4921213445.99435,777930017.5497912
4586295887,1367112989,1943.03,4919331886.674157,776145526.9556336
5283206280,1736075046,2239.5,4921364704.513967,774449522.8207572
4614211697,1370792651,1970.93,4919658298.916667,772632650.2094067
4639684873,1404610634,1992.24,4918111484.40884,770774777.9004401
4523451845,1377734088,1928.76,4915943024.851648,769207779.5229279
5714819235,1891982583,2401.9,4920308468.622951,769360625.9670149
4642581145,1384630838,1982.9,4918799080.994565,767538767.2136976
4619597707,1376284311,1959.82,4917181776.27027,765775837.8193772
4720554090,1411553865,2002.56,4916124638.172043,763849869.2607722
6116621722,2039463519,2568.75,4922544408.673797,766819524.213391
4697935734,1397717138,2003.07,4921349681.680851,764951878.8869032
4535882243,1378096937,1938.54,4919310171.423281,763437844.9971216
7703938958,2796507330,3282.14,4933966112.405263,787633377.1219369
4647305530,1372268128,1978.0,4932465271.659686,785841157.5018643
4664713665,1435810449,1991.62,4931070732.041667,784028942.8317943
4643351321,1588275677,1974.51,4929579957.8911915,782267923.5344187
6884509385,3910939190,3978.56,4939656913.701031,792708616.51864
4596764426,1372390775,1922.16,4937898490.68718,791052660.3899132
4584025678,1339034716,1917.24,4936093017.153061,789434788.1328156
4877361392,1513156626,2039.73,4935794887.076142,787439659.1115983
4594345153,1352633073,1921.28,4934070393.469697,785821511.8206878
4637137895,1342863453,1939.59,4932578270.361809,784125748.2990228
4599262401,1339164235,1923.45,4930911691.015,782516225.4272418
4839031761,1505405466,2024.14,4930454576.935324,780594009.4750954
4484712231,1340186097,1874.84,4928247931.658416,779287663.9936045
4575433165,1333554705,1913.31,4926509927.881773,777758229.3148731
4826302779,1537354703,2046.87,4926018716.367647,775881183.0813565
4583839689,1370176805,1949.44,4924349550.380487,774353558.3300066
4638947473,1369827548,1972.27,4922964103.402913,772726426.3081663
4548929708,1369783715,1941.42,4921157173.956522,771293814.3198507
5090682848,1607571649,2155.83,4921972201.235577,769526857.0804886
4541154115,1381911104,1937.93,4920150105.129187,768133317.8726151
4690073731,1387095247,1987.82,4919054503.347619,766465918.9058489
5112193306,1635375392,2156.12,4919969853.123222,764762537.3318224
4580249424,1393936647,1979.6,4918367398.2688675,763311715.8212706
4608852021,1384457243,1947.96,4916914274.431925,761811660.8666927
4616153641,1373141823,1964.76,4915508850.911215,760306371.7057757
5190941642,1671158757,2181.78,4916789933.660465,758767627.0370529
4630485949,1373306022,1975.98,4915464452.25,757258632.6327167
4531391079,1357560968,1914.63,4913694528.870968,755959457.2008046
5391227445,1761983229,2279.16,4915885046.834863,754913573.4713364
4640503619,1374238930,1973.47,4914627597.392694,753416845.0788271
4605662438,1382979714,1965.15,4913223210.304545,751989832.9803127
4492650203,1374883911,1919.74,4911320165.022624,750817344.2077507
5555964552,1849257817,2324.73,4914223968.567568,750367152.5028675
4475268567,1367749987,1909.09,4912255558.695067,749257059.5590318
4613751216,1359360903,1953.39,4910922950.022322,747847555.855002
4556014691,1346120403,1905.09,4909345579.982223,746557184.2754409
6067558152,2085281585,2589.27,4914470414.371681,748859715.2551794
4465186870,1369089137,1896.16,4912491191.709251,747800604.1770542
4620093455,1394352145,1969.99,4911208745.495614,746409020.9391809
7437065390,2760776775,3226.71,4922238687.174672,763172295.0376607
4604931952,1366726737,1949.87,4920859092.673913,761797538.9987553
4656369520,1385109864,1977.63,4919714116.168831,760345144.6215665
4674655392,1387331984,1992.44,4918657828.564655,758874534.2416571
8295383052,4450814588,4842.7,4933150211.497854,788762125.9013369
4646988407,1368587020,1971.38,4931927297.803419,787296262.316614
4663656228,1396149245,1983.74,4930785718.782979,785813436.264296
4952433975,1545564457,2140.11,4930877448.682203,784148070.7667354
4588466457,1369371865,1958.62,4929432676.565401,782806713.3132062
4603105714,1369251248,1947.51,4928061554.87395,781445565.5038741
4630894517,1372067718,1966.56,4926818178.146443,780044912.4959619
4921518400,1525967671,2069.76,4926796095.7375,778418197.4462314
4686622456,1411917307,1985.05,4925799524.6182575,776954950.0571635
4586504730,1532015192,1958.34,4924397480.012397,775653451.2726818
6207415584,2336920785,2614.9,4929677389.90535,778401401.1561615
4853645608,1755810813,2092.3,4929365784.241803,776819865.6131523
5573545975,3716299401,2846.9,4931995091.142858,776320088.7596421
4675467546,1910618146,2330.12,4930952296.243902,774912516.7714967
4645550831,2627337817,2681.44,4929796824.724696,773554597.6789399
5717215737,2892526943,3140.52,4932971900.9838705,773604485.4547623
4806861940,1587857505,2020.07,4932465435.277108,772090696.9399137
5033954446,1560597733,2104.93,4932871391.32,770571595.2465667
4706390246,1468933443,1967.83,4931969076.0,769167385.5151367
5768063170,2022438962,2413.05,4935286909.706349,769437318.926833
4567249026,1372793511,1939.84,4933832214.513834,768262325.0311292
4273044494,1470530504,2071.91,4931230688.055119,767864285.2185082
4520802615,1345801552,1890.63,4929621166.2,766786375.0893698
4591082674,1343989234,1920.27,4928298750.214844,765578579.2120485
4600181860,1334440685,1924.25,4927022030.797666,764360685.9987268
4538763037,1346801176,1898.22,4925517150.976745,763259295.7214787
4579924163,1341190217,1915.11,4924182815.11583,762085837.9549434
4605504988,1358618333,1926.06,4922957131.165384,760874609.3041487
4681095369,1358715755,1958.68,4922030457.747127,759562581.9938416
4615842940,1340115264,1930.42,4920861803.0992365,758346711.2650385
4593238898,1349930422,1951.43,4919616088.631179,757172143.1035843
4571713819,1365409818,1942.93,4918298277.003788,756038861.3307692
4552999138,1363366038,1934.46,4916919789.686792,754943347.8660325
4661592984,1362397344,1976.67,4915959914.477444,753684940.4456958
4534609829,1404496849,1969.96,4914531637.003745,752632798.1640475
4574668159,1376840062,1947.57,4913263489.697762,751513057.3428352
4591325874,1381769358,1958.44,4912066695.58736,750370716.6346546
4564850234,1382889834,1950.13,4910780708.692593,749276772.001218
4668540538,1373269231,1976.49,4909886833.523985,748037278.443802
4641767240,1380870702,1973.1,4908901099.724265,746837256.5556972
4581237249,1360271578,1941.07,4907700865.838828,745730931.3585545
4588293768,1394268325,1957.74,4906535146.50365,744618013.9537108
4625497920,1389120649,1966.06,4905513192.952727,743455409.3682144
4543306735,1371590013,1920.61,4904200850.713768,742426381.5844574
4651251152,1387148127,1967.0,4903287674.906137,741240315.3544382
4551419435,1370657052,1936.71,4902021961.812949,740205764.9676297
4587428839,1395224821,1953.21,4900894387.896057,739117185.829766
5580352816,1926661433,2350.94,4903321025.139286,738908704.9032449
4622447633,1345782374,1932.98,4902321475.701068,737782360.1739782
6229702383,2859018524,2726.58,4907028500.195036,740687819.9442695
4619594665,1360028332,1952.22,4906012832.932862,739574723.1259427
4553185311,1369888894,1935.27,4904770482.503521,738567268.1998996
4544617268,1364777222,1938.14,4903506787.014035,737577905.1479694
4814097547,1528386995,2033.93,4903194167.293706,736306218.6436607
4722895708,1388500531,2001.05,4902565949.665505,735099113.1950068
4579526309,1365160057,1947.93,4901444284.246528,734067778.4144264
4604698333,1372368501,1967.31,4900417481.6470585,733003817.5768802
4838532068,1575499346,2052.76,4900204083.668965,731747919.2163885
4627570210,1368784951,1973.06,4899267197.505155,730663749.4908942
4701290948,1396840255,2000.06,4898589196.650685,729503230.2498939
5107056842,1592349189,2136.13,4899300690.320819,728358760.0420692
4617716995,1387877849,1959.08,4898342922.64966,727303797.5635506
4493851963,1389080550,1916.32,4896971766.854238,726450571.3415365
4754631814,1410147748,2027.6,4896490888.635135,725269450.9342736
4986375464,1608257253,2111.94,4896793530.30303,724066150.841135
4602405925,1379527825,1963.51,4895805652.432886,723050712.3157723
4552699090,1362223505,1944.47,4894658138.846154,722112340.6025221
5178391005,1663179122,2198.18,4895603915.066667,721093289.1432368
4583495260,1383029748,1954.46,4894567009.235881,720118455.7400017
4644396175,1398707101,1980.77,4893738628.990067,719068855.8829174
4633852263,1371806702,1975.98,4892880918.211221,718036017.5222052
5380224324,1766515244,2278.79,4894484021.519737,717396990.218029
4607929541,1373900763,1954.87,4893544498.632787,716407271.485268
4696480846,1387482221,1997.38,4892900499.767974,715324136.1785979
5618657164,1874588964,2381.84,4895264527.990228,715354459.15414
4646960647,1396159869,1981.24,4894458346.558441,714331899.5689557
4534915231,1377637298,1935.19,4893294776.605178,713467380.4642888
4590025392,1383123020,1957.73,4892316488.267742,712523248.8738655
6015454233,2103507881,2538.39,4895927863.652733,714212831.3198706
4584714504,1369519606,1957.42,4894930384.935898,713284281.5908532
4630036140,1372486432,1968.24,4894084077.44409,712300817.4808686
7666154758,2767415234,3208.12,4902912328.019108,728114836.6244744
4454173904,1384936958,1970.21,4901487761.593651,727396332.0533748
4577569934,1368418763,1943.57,4900462705.177216,726472313.9520319
4643633206,1383286173,1981.49,4899652517.48265,725468525.99467
7706216883,4161981889,4200.35,4908478191.58805,741175732.3842627
4734107648,1506530717,1979.42,4907931575.46395,740077298.4458195
4620003737,1343245366,1932.47,4907031800.96875,739094757.5800037
4820039259,1509988645,2016.14,4906760796.165109,737958545.4365323
4630273214,1339938575,1936.55,4905902139.07764,736972343.1277769
4398155292,1341484747,1838.45,4904330167.414861,736371112.6421106
4625306160,1342278921,1934.77,4903468982.20679,735396748.3878582
4958499430,1514418369,2074.22,4903638306.661538,734270822.7161056
4657572890,1363415867,1947.61,4902883504.769938,733270043.3560761
4625702065,1335695321,1934.55,4902035855.107034,732307923.092771
4609088765,1349164852,1935.74,4901142723.734756,731369094.4685731
4955701245,1545496420,2103.59,4901308555.106383,730262921.2859788
4498472966,1369431971,1913.83,4900087841.2,729491726.5784888
4622572935,1365941399,1964.42,4899249427.5861025,728548158.9068698
4921963246,1594694612,2112.61,4899317842.701807,727451185.2392728
4584562640,1370211830,1951.59,4898372631.882883,726562246.9409579
4647686155,1369864903,1965.12,4897622073.568862,725603040.9939251
4593798618,1366754134,1950.34,4896715137.880597,724708808.9628457
5127020297,1629926282,2159.17,4897400569.901786,723738310.9650742
4564894588,1362833687,1939.68,4896413905.267062,722889996.4396322
4571889392,1372955596,1951.88,4895453773.571006,722035003.6107256
5253114283,1717179822,2230.47,4896508819.321534,721230144.6135035
4631551565,1369932455,1971.99,4895729533.279411,720311648.7640477
4617534339,1368297988,1952.41,4894913711.595308,719411990.8020062
4665916373,1399514428,1990.41,4894244128.733918,718465853.1936392
5367977658,1747631552,2266.17,4895625276.049562,717872296.4694793
4616583206,1371513710,1955.38,4894814107.241279,716985524.9783416
4571986363,1373057019,1947.76,4893878374.649276,716155985.1013818
5832535164,2034500479,2440.44,4896591255.543352,716893429.2860739
4536660461,1489827808,1928.47,4895553991.005764,716119663.4410833
4515473117,1479754037,1916.79,4894461804.586206,715379379.6232178
4808235070,1606863039,2049.77,4894214736.578796,714368613.9831831
6864154098,2747008871,2891.76,4899843134.754286,721055044.0518465
5058945823,1622973687,2148.19,4900296418.766382,720077103.619484
5007178823,1551627759,2093.39,4900600061.960227,719076042.1255244
8197003642,3109311566,3431.44,4909938315.728045,739121786.9795016
4620147547,1446194367,2020.32,4909119697.737288,738237326.7318499
4595386485,1350840524,1922.14,4908235942.20845,737384321.5474159
4591377271,1340105079,1920.1,4907345889.761236,736538878.1384901
8499477211,4400887145,4582.48,4917407882.257703,759613517.0154064
4546811316,1345681971,1901.77,4916372696.318436,758803988.3079149
4594165729,1359052040,1920.81,4915475183.874652,757936684.8002676
4803573634,1486363595,2009.31,4915164346.236111,756906176.6590289
4548132967,1350345492,1901.9,4914147638.8144045,756103227.2169898
4627046548,1341096194,1934.97,4913354541.878453,755208514.4401702
4696469599,1369316023,1964.49,4912757062.69697,754253235.4862015
4819537396,1560472115,2053.89,4912500964.711538,753232264.7009968
4567244236,1369729288,1952.87,4911555055.865753,752416190.3118613
4609521711,1386035592,1995.16,4910729828.147541,751552982.2405539
4750601013,1463505312,2056.65,4910293509.850136,750574786.6901245
4887700066,1532669534,2062.21,4910232114.622283,749555213.0351627
4648095188,1365346631,1964.97,4909521716.447154,748662909.2014496
4597224252,1377170448,1962.27,4908677669.245946,747826302.3826387
4966761481,1573496173,2108.83,4908834229.385445,746823841.9642488
4580974059,1389126132,1953.89,4907952884.841398,746012543.5452477
4587306088,1362435068,1944.52,4907093241.954424,745196328.2950943
4506161639,1371036172,1923.36,4906021232.320855,744487350.2685212
5093360854,1654092539,2145.68,4906520804.645333,743556806.4299991
4510844758,1376685781,1925.4,4905468474.734042,742846943.7973218
4610304230,1379165550,1968.08,4904685545.702918,742016404.039297
5180430885,1689337067,2197.66,4905415030.727513,741169603.3232567
4652835700,1460323702,1979.88,4904748594.498681,740304558.2479275
4941983620,1650136349,2104.15,4904846581.407895,739332292.5832378
4729261099,1645358840,2013.21,4904385727.12336,738416053.4544944
5967158822,2048208444,2496.95,4907167855.643979,739445685.2490852
4674168012,1368464805,1955.28,4906559500.960835,738575435.5977241
4488828556,1350096611,1876.97,4905471659.958333,737920293.1735766
5676780646,1852602618,2375.4,4907475059.922078,738006254.5000635
4599168061,1353434081,1923.19,4906676337.126943,737216268.6865519
4639065524,1361107096,1939.85,4905984836.317829,736388511.8787199
4680206323,1342127366,1958.11,4905402932.93299,735528031.4537256
6222684922,2113470922,2603.85,4908789261.953728,737604242.6254905
4501971015,1343448546,1927.1,4907746138.243589,736945226.3920896
4562912876,1357570211,1947.83,4906864211.741688,736208281.6372912
7683288162,2732598837,3215.47,4913946925.90051,748488093.7960049
4578270515,1348232474,1922.7,4913092787.450381,747726472.8757706
4620302003,1406423338,1969.2,4912349663.63198,746922273.9203608
4703062011,1394037111,2004.91,4911819821.473417,746050336.7206572
8877845825,4383960759,4753.72,4921835038.65404,771236590.8214625
4540818584,1375983990,1939.76,4920875299.473552,770501384.007921
4574571195,1371788533,1939.37,4920005188.658292,769728075.0104569
4923053869,1569015797,2122.3,4920012829.461153,768762913.4738048
4618804474,1379406362,1972.89,4919259808.5725,767948680.0776086
4630682455,1374610462,1973.1,4918540164.299252,767125572.6166496
4607349048,1386524066,1965.44,4917766057.044776,766327642.4180884
4833897287,1528649782,2040.26,4917557945.952853,765387647.0302198
4571114588,1355516701,1926.23,4916700412.888614,764633609.2037826
4643789402,1373675848,1979.56,4916026558.540741,763809130.8220506
4889512567,1533141255,2080.3,4915961253.142858,762869031.3203263
4826564810,1493296338,2037.94,4915741605.862408,761944123.1054082
4623843224,1384039317,1957.07,4915026168.65196,761146655.7101073
4652542968,1369166481,1976.03,4914384400.435207,760326103.3558431
4961064885,1606511074,2104.62,4914498255.27561,759401801.1334696
4649416462,1370724929,1979.15,4913853287.408759,758589815.030639
4554235798,1363470922,1932.25,4912980429.424757,757875251.3664836
4572034594,1372926862,1951.67,4912154894.714286,757142615.0331773
5202474993,1672778199,2209.13,4912856150.990338,756361909.8079997
4632542815,1365409160,1964.24,4912180697.168674,755575083.6387218
4585516449,1379160902,1950.17,4911395446.572115,754835917.9656507
5163764589,1675651823,2190.15,4912000648.352518,754031338.0110351
4630789674,1385370281,1976.2,4911327894.825358,753254135.466096
4641643233,1385187667,1980.96,4910684256.014319,752469800.6020211
4563337661,1404315986,1944.77,4909857240.311905,751764096.640031
5448414040,1784697597,2297.91,4911136472.615202,751328265.4951888
4597497330,1366198559,1954.21,4910393251.898105,750592465.5705006
4636701042,1387504476,1978.96,4909746225.397163,749822530.893284
5764801602,1919130653,2425.38,4911762865.43632,750085379.6251863
4587326923,1360647773,1941.74,4910999486.748236,749367286.9132818
4549551992,1370050291,1936.21,4910151018.450705,748691586.6535932
4651074282,1370092792,1971.47,4909544281.362998,747919231.8294446
6224640361,2089023933,2604.53,4912616935.754673,749738355.5877295
4619761013,1382666294,1971.45,4911934287.916084,748997182.3470672
4556097958,1390393175,1945.78,4911106761.567442,748322066.1121279
7533578234,2699504972,3153.34,4917191382.153132,758027944.5149484
4634734522,1370226899,1970.71,4916537546.828704,757271754.4660612
4601296110,1409744980,1963.16,4915809506.558891,756548147.4178275
4574592162,1374274121,1951.88,4915023291.479262,755853119.2341009
8746965339,4360932787,4757.93,4923832353.657472,776967688.3017602
4580498500,1368361570,1955.6,4923044890.690367,776249925.5294605
4542998131,1366434185,1921.35,4922175218.4713955,775573879.0060717
4816842287,1534404073,2045.71,4921934732.326484,774704326.512346
4602525146,1366345205,1949.03,4921207147.847381,773971277.9288236
4575592459,1372759620,1948.51,4920421659.918181,773266424.2792972
4669238576,1481885299,1990.38,4919852083.764173,772481605.7332532
5184925420,1861106098,2192.14,4920451797.194571,771710034.0239851
5105827982,1615752757,2156.93,4920870253.593679,770888738.6982251
4752064649,1590567649,1987.22,4920490060.790541,770061709.7867553
5307755642,1752008211,2220.03,4921360320.523596,769414535.8988478
4685884708,1553459463,1959.7,4920832348.298206,768632176.3189127
4812572524,1576941344,2012.27,4920590156.297539,767788964.1666263
5149024663,1652913036,2153.02,4921100054.75,767007342.8100488
5628324582,1930265340,2354.27,4922675165.055679,766877756.8926406
4900219144,1553191494,2099.53,4922625262.786667,766025926.4045371
4964153558,1539245960,2104.51,4922717343.263858,765178695.6215495
4706732685,1430442416,1993.37,4922239501.099558,764399152.2456595
5236207430,1658122678,2190.77,4922932587.03532,763697146.4400953
4570314651,1365270898,1910.52,4922155895.546255,763034696.8950558
4616055253,1338139989,1930.02,4921483146.881319,762330516.37409
5287110061,1665262584,2212.17,4922284960.289474,761686215.5029638
4651237522,1348171974,1945.56,4921691858.673961,760957809.7261128
4657572367,1366884167,1947.25,4921115178.561135,760226579.3499093
4638441519,1335988251,1940.07,4920499331.808279,759512355.4614877
5221881339,1721782228,2183.81,4921154510.084783,758816187.518711
4702542524,1370299996,1966.52,4920680297.533623,758060961.8605793
4687838544,1347758197,1961.38,4920176311.054112,757317418.207993
5608196933,1875784410,2374.9,4921662316.717063,757173125.0219315
4529175232,1361110607,1926.74,4920816439.379311,756575731.3852829
4582057816,1366388385,1955.6,4920087926.2107525,755924674.9921458
4614292804,1369224447,1965.75,4919431713.502146,755245736.55154
6308756911,2121102331,2640.3,4922406713.925054,757165180.1479458
4516437172,1365498152,1920.63,4921539257.638889,756588078.3364522
4562287353,1352409268,1939.89,4920773262.106609,755962694.4421303
7855934086,2836327723,3287.5,4927018285.13617,767173271.1607612
4624085689,1367584850,1960.13,4926375116.14225,766485267.6654555
4619251268,1365432977,1951.69,4925724430.023305,765803095.2531445
4538662547,1371355556,1928.95,4924906117.3742075,765199704.2789478
8645788819,4316541305,4734.34,4932756080.879746,783225677.7709452
4499139382,1366221654,1919.48,4931843203.618947,782653186.2733095
4621708649,1360094224,1952.88,4931191660.436975,781959583.4595861
4908677875,1542350231,2081.68,4931144461.725367,781140168.029564
4650051224,1378021888,1966.37,4930556400.558578,780428337.000451
4593820639,1357572565,1948.23,4929853403.14405,779764758.0106163
4617972394,1390319145,1968.36,4929203651.041667,779081873.3741157
4871516476,1513106941,2052.34,4929083719.284823,778276031.1427741
4584987956,1373006184,1950.16,4928369827.659751,777625906.7919182
4538265279,1363329680,1938.76,4927562157.78675,777022845.9670268
4903313056,1577070225,2074.09,4927512056.336777,776220502.3310935
4584886546,1368140279,1949.15,4926805611.985567,775575598.7163097
4519160786,1378424333,1928.03,4925966836.623457,774997443.7817061
4642321796,1390699736,1980.88,4925384403.275154,774307816.6235582
4898038856,1567204922,2079.09,4925328367.317623,773515050.0767772
4654873672,1381568352,1975.77,4924775290.231084,772820315.1441019
4611262676,1371859672,1960.13,4924135468.569387,772160956.1541291
4643907934,1403723798,1981.61,4923564740.393075,771477690.7541846
5070405977,1623818761,2148.14,4923863198.191057,770721644.392657
4601274645,1383806684,1969.48,4923208860.35497,770076369.3791221
4634247501,1359606963,1968.62,4922623918.331984,769406172.0869719
5139909592,1683504506,2189.03,4923062879.288889,768690518.908939
4632894770,1360060405,1972.83,4922477862.939516,768025536.0803976
4577701816,1357410753,1934.15,4921784148.559356,767408021.4594413
4671375568,1392070820,1991.1,4921281320.084337,766719095.0694886
5449710600,1781961312,2300.83,4922340296.597195,766314929.400828
4620778399,1370623590,1967.91,4921737172.802,765666774.3074682
4590555133,1385194997,1960.01,4921076130.806387,765045061.8242443
5644010955,1866833882,2390.37,4922516240.017928,764962125.6051362
4580388106,1362496012,1941.86,4921836064.801193,764353284.8535348
4604157213,1399201836,1966.33,4921205749.619047,763725465.2496392
4633264502,1522162755,1977.36,4920635568.930693,763076297.9954255
6535639228,2491578579,2749.29,4923827275.766798,765688648.2484416
4882032596,1523353018,2040.99,4923744840.500986,764935406.1429058
4669355222,1369864118,1953.25,4923244073.535433,764265327.9722465
7782491516,2972407785,3257.15,4928861455.544205,773940485.1583625
4598041099,1344270904,1922.91,4928212788.1784315,773319835.5024962
4585190092,1364069432,1916.93,4927541510.8864975,772711511.6203084
4659650736,1344030823,1948.93,4927018286.716797,772047145.8818259
8665793478,4375368963,4744.1,4934306347.518518,788726946.7105448
4504285390,1371095739,1922.72,4933469730.86965,788187139.593966
4599759135,1365118213,1943.48,4932821749.130097,787558566.8742673
4947629645,1528383840,2104.5,4932850446.602714,786795328.1592366
4418091583,1368224016,1884.6,4931854781.489362,786359359.1632087
4616133429,1367096423,1969.28,4931245280.80888,785722187.1926771
4500030239,1359053216,1910.41,4930414423.310212,785192604.5953113
4856555711,1550823743,2067.49,4930272387.325,784443922.1932529
4740693769,1406276054,2015.83,4929908512.817658,783734661.1490041
4695411454,1395079742,1999.84,4929459284.735632,783050735.8575441
5045138024,1596871081,2141.15,4929680467.793499,782318084.8982127
4597550798,1405680105,1961.89,4929046632.545801,781705647.6560289
4587728500,1372294009,1951.49,4928396502.769524,781102597.0353217
4612640448,1392586306,1966.24,4927796206.087453,780480959.2090895
5084192932,1591590934,2145.42,4928092974.068311,779769818.4740299
4755055363,1404843560,2020.45,4927765251.320076,779067377.0710914
4523842828,1369613157,1926.93,4927001692.863894,778528398.6359845
4757435891,1457304291,2029.42,4926681757.3886795,777828398.8971757
5160160648,1664332965,2190.95,4927121453.981168,777161561.6604939
4599737039,1386321649,1957.63,4926506069.742481,776560287.7479901
4605998691,1390053761,1953.48,4925904742.577861,775955430.771561
5210058098,1694323622,2210.22,4926436864.966292,775325873.9850246
4649013032,1377665925,1984.18,4925918315.745794,774693611.706521
4579987289,1381975741,1955.01,4925272922.039179,774114561.2888166
4546087339,1374041020,1943.82,4924566803.63501,773566207.4324586
5325944480,1714687086,2228.5,4925312858.795539,773040292.7519914
4622810744,1364004342,1954.61,4924751630.382189,772432552.6043203
4592591978,1369018326,1959.35,4924136519.914815,771849126.215973
5624001539,1884503922,2375.73,4925430170.597042,771721178.6029909
4617033097,1366977786,1967.02,4924861172.306273,771122508.9533572
4591281748,1366037576,1959.58,4924246845.558011,770544865.9536735
4615930642,1423113986,1952.57,4923680087.830882,769949593.883249
6517152484,2399960560,2734.48,4926603890.39266,772259722.9511883
4527189404,1532134160,1931.59,4925872362.0293045,771741178.9056575
4685937987,1578131716,1995.52,4925433725.146253,771103546.2584757
8005193480,3149097662,3353.9,4931053724.698905,781532024.5303352
5160831972,1591504812,2157.62,4931472264.311476,780881391.2492694
4897374039,1539310160,2047.16,4931410267.538182,780172528.4570158
4922076200,1466839061,2057.87,4931393327.306715,779464347.6422036
8032318230,4310235042,4460.3,4937010944.884058,789843187.7434535
4598243761,1337759586,1922.94,4936398345.998192,789259964.0858145
4656629377,1365933624,1947.47,4935893347.859206,788636731.3164405
4997970192,1498749431,2091.22,4936005198.028829,787930325.5622054
4585691721,1342101509,1918.11,4935375137.818345,787361360.0362217
4577610704,1343326876,1914.14,4934732831.8330345,786800037.178167
4619822010,1341150937,1932.2,4934168475.521505,786207533.4222044
4883544264,1500288232,2042.49,4934077913.42576,785506904.9143053
4578136618,1349952427,1914.24,4933442303.969643,784949112.9577593
4575289342,1370207981,1952.22,4932803885.142603,784394706.808879
4927654207,1581830697,2092.42,4932794722.014235,783696566.0889121
4524504438,1396927920,1931.78,4932069517.246892,783188974.2776215
4686085663,1600994269,1992.75,4931633375.661347,782562777.6710469
4823474824,1582100999,2034.25,4931441944.59646,781883154.6244094
5429938307,1889940674,2298.01,4932322680.219081,781472601.5976864
4520379639,1378739608,1889.68,4931596149.2821865,780974466.4612473
4645322841,1353503701,1942.75,4931092146.978873,780378972.5953304
5061294144,1641122950,2117.02,4931320972.984182,779711997.1879678
4751425676,1376172567,1987.21,4931005367.2,779064114.5629575
4592461799,1365238067,1920.28,4930412471.283712,778510321.3187921
4650245042,1373960960,1944.32,4929922668.085665,777917559.8431698
5147210400,1652860198,2152.89,4930301878.787086,777291364.767765
4621772335,1369024431,1932.24,4929764370.87108,776720562.5269921
4616185828,1347461270,1930.38,4929219016.883478,776154841.3468406
4586939298,1346892629,1918.82,4928624781.260417,775611705.5168132
5290843435,1746873286,2250.66,4929252543.225304,775085751.59427
4631125989,1381153257,1975.09,4928736753.3391,774514075.6491714
4609052576,1378104899,1951.73,4928184621.77202,773958789.4738301
5559448644,1867180260,2351.38,4929273008.0172415,773734646.1348659
4608318306,1357897663,1950.95,4928720590.285714,773182962.5234816
4518138644,1377748247,1929.57,4928015123.024055,772705558.2638901
4552412774,1356035972,1923.71,4927370865.135506,772199008.6981604
6357310452,2105987274,2660.54,4929819391.825342,773799400.5119911
4634560603,1382101580,1980.32,4929314675.947008,773233954.5722209
4569304190,1366133994,1934.54,4928700323.581911,772716799.9910251
7590890146,2726670157,3177.02,4933235570.298126,779825096.3799435
4573976005,1355543194,1942.12,4932624584.642858,779302303.4624419
4506878735,1372106284,1922.36,4931901756.375213,778837729.3871706
4523488707,1352787409,1912.54,4931209530.867797,778358739.825766
8849539745,4489666887,4866.08,4937839531.230119,794198833.9048408
4546995588,1389053926,1941.37,4937179321.866554,793690072.779952
4638674862,1378247589,1979.16,4936675941.664418,793115148.9032508
4883504466,1507950910,2043.43,4936586427.395623,792450260.3878978
4641526470,1375847830,1965.74,4936090528.307563,791876294.0065379
4540491993,1379782590,1926.07,4935426772.375839,791377329.5250052
4533605595,1374021635,1934.2,4934753705.077052,790884969.7363186
4891506576,1528748685,2062.06,4934681385.463211,790225393.6260281
4601517207,1394567814,1956.19,4934125184.831386,789682639.8716375
4657820131,1389428853,1986.46,4933664676.408334,789104789.8294164
4833678993,1544314962,2032.79,4933498310.878536,788458554.4061438
4567195308,1375635917,1948.18,4932889834.129568,787944629.638885
4581633456,1376064955,1957.24,4932307319.4063015,787420725.4694254
4573435791,1372598575,1940.79,4931713161.246689,786903888.8394034
5010699113,1622226113,2157.49,4931843716.538843,786259832.9301113
4622813323,1365451740,1953.71,4931333765.394389,785710961.9650053
4629898519,1387097012,1963.75,4930837166.965404,785158661.6657742
4984555112,1610669996,2112.33,4930925518.848684,784515726.1396455
4575661499,1374477074,1930.52,4930342162.494253,784003325.3370717
4575667412,1377427339,1951.81,4929760728.477049,783491834.4848243
4569515748,1375555412,1951.67,4929171129.490998,782985840.9920645
5247432366,1667572662,2205.34,4929691164.191176,782451481.2197481
4608233589,1380210570,1961.56,4929166763.579119,781920631.2732984
4568182024,1367860890,1947.51,4928578840.550488,781419217.7904646
4531822055,1370682281,1917.38,4927933707.565854,780947288.2916496
5357605240,1735807752,2261.39,4928631226.287337,780504850.5450978
4656703317,1388367789,1987.79,4928190500.340357,779948802.6297092
4574872862,1372103618,1950.76,4927618788.951456,779446897.9986802
5581046986,1879440073,2359.72,4928674408.009693,779259033.6662103
4622198099,1372681594,1966.77,4928180091.382258,778727466.2522926
4571533086,1366181302,1946.49,4927605780.584541,778231615.291719
4590658596,1361179951,1943.81,4927064064.853698,777722944.418641
6304429635,2160884004,2638.21,4929274924.516854,779052232.395873
4601168327,1369072145,1962.77,4928749112.661859,778538370.6928313
4645112401,1365930788,1966.63,4928295293.9232,777997887.62753
7728170692,2758384777,3234.08,4932767938.329074,785376758.9785047
4576956837,1383116272,1952.35,4932200456.508772,784878646.174896
4547852675,1371618176,1941.76,4931588437.748407,784403210.133841
4649419052,1392221034,1980.75,4931139837.771065,783860048.1327928
7840348279,4308200627,4295.31,4935757628.947619,791753795.0544791
4933125833,1498256621,2062.57,4935753458.114104,791126173.031671
4601165269,1386179431,1924.0,4935224046.422468,790611888.8802962
4904213218,1504411427,2051.32,4935175056.172195,789988106.114014
4577624969,1339309483,1913.97,4934611097.044164,789492354.7253293
4561129594,1351203882,1907.47,4934022937.196851,789009459.4663732
4699995163,1353670970,1966.09,4933654968.998427,788443451.638211
4822057435,1503093331,2017.02,4933479776.6373625,787836724.8196468
4627615196,1352680830,1935.24,4933000365.068966,787312039.1455188
4567083062,1343769854,1909.96,4932427724.532082,786828704.8731145
4880788836,1596750728,2083.6,4932347038.76875,786216400.2333294
4503313895,1371458380,1924.71,4931677720.291732,785785345.1993692
4595242465,1366369136,1968.24,4931153677.838006,785285213.7487715
4567527817,1362928609,1948.94,4930588163.279938,784805152.2913966
5022706495,1704217498,2132.68,4930731204.167702,784203983.1130286
4598022698,1466257608,1949.58,4930215377.026357,783705167.867699
4497843500,1480899608,1913.83,4929546070.71517,783282814.197176
5285844721,1880590609,2226.52,4930096764.1468315,782802403.6154099
4999575054,1659509138,2126.13,4930203983.7299385,782202910.7000558
5033346944,1629620234,2143.55,4930362909.708783,781610526.7445453
5084490912,1565601750,2125.91,4930600029.712308,781032417.297639
5841019070,1925100187,2443.02,4931998522.861752,781246349.1325995
4731789563,1438826149,1978.43,4931691453.904908,780686318.8367878
4583111318,1335589024,1916.68,4931157640.526799,780207395.5276694
4653649407,1334680879,1946.41,4930733316.010703,779686080.1191868
5334935423,1714986764,2232.28,4931350418.464122,779250492.0577924
4508042574,1348232360,1884.4,4930705132.115853,778831438.9113351
4584036568,1368753541,1916.21,4930177478.289193,778355829.9405723
5590172801,1850820381,2360.37,4931180510.694529,778188963.2266304
4613216089,1341265862,1929.05,4930698015.3657055,777696799.0095835
4550598413,1340679214,1903.1,4930122106.877273,777248029.7928946
4645371642,1347682357,1942.67,4929691319.487141,776738721.1327782
6066350463,2048165789,2539.25,4931408327.256798,777406188.0780435
4583676512,1339235335,1916.93,4930883844.880845,776936890.1457707
4606041085,1374650284,1978.05,4930394623.856928,776453816.4707266
7732897798,2787490272,3237.25,4934608914.344361,783432667.2239385
4634122243,1369147709,1971.92,4934157733.156157,782930739.4366173
4611832248,1364882820,1960.48,4933674486.551724,782443007.9023222
4652983459,1395095155,1983.88,4933254290.402695,781932437.4481229
8757502879,4400903161,4854.79,4938970656.00598,795193394.2341694
4575541268,1374352190,1940.77,4938428224.083582,794723597.1084658
4664311901,1383602311,1990.53,4938019704.973174,794201580.499072
5003626743,1557337409,2133.51,4938117334.494047,793614466.1581463
4595544268,1370641079,1958.84,4937608310.621099,793134411.2499074
4605874899,1370005836,1966.89,4937116124.550446,792648661.0902666
4535362169,1355133604,1917.35,4936520933.505185,792212006.4842775
4936837258,1550996596,2098.82,4936521401.440828,791625834.0915374
4623895357,1381103393,1970.75,4936059619.986706,791132070.7684608
4610070109,1362197473,1952.64,4935578809.498525,790647405.5300505
4898037749,1562824447,2069.89,4935523520.749632,790066288.0491012
4580191359,1365272595,1947.28,4935000973.452941,789602555.8280678
4559438938,1374456606,1946.06,4934449487.350954,789153650.9192271
4563366611,1365813599,1942.6,4933905377.5615835,788702704.1857048
4968786363,1596640335,2110.71,4933956447.818448,788126239.9846387
4645079706,1358163496,1963.13,4933534113.400585,787627253.6035185
4557884322,1397597892,1944.95,4932985719.544525,787182801.9688634
5042347639,1610331290,2139.73,4933145139.252187,786619910.123759
4521759806,1385704380,1929.32,4932546325.084425,786203651.9703057
4625306064,1393206310,1975.18,4932099754.9375,785719264.4904436
4630755772,1371811414,1964.88,4931662390.6661825,785232674.2913936
5054985778,1672746205,2145.97,4931841120.213043,784677483.5286014
4584810588,1362720553,1939.88,4931338905.260492,784220460.2174386
4631256947,1385330842,1977.58,4930905260.812139,783736524.7501048
4703389525,1409303016,2003.61,4930576955.277057,783218471.2257055
5720354579,2100727879,2409.31,4931714963.3804035,783227135.2245309
4895559085,1670894040,2084.38,4931662940.5338125,782664659.5237991
5069012357,1565367374,2119.46,4931860281.6494255,782119501.3331168
5805373619,2052698234,2429.45,4933113528.905309,782257270.9194916
4595942666,1348919839,1921.72,4932630476.093123,781800735.7752858
4551018869,1342661956,1902.72,4932084536.741058,781374442.5613021
4596406675,1349480896,1922.32,4931604996.938571,780919043.0677263
6143354253,2042276282,2572.97,4933333597.874465,781700866.8478773
4622387641,1338077388,1933.25,4932890654.915955,781231930.903078
4549615898,1377599328,1902.42,4932345456.11522,780809723.1815716
7801979460,2846403344,3265.6,4936421640.77983,787704492.1183332
4565428555,1372242403,1948.0,4935895409.452482,787269462.7694063
4716980157,1390759151,1999.58,4935585331.191218,786754788.7751473
4650155034,1369433194,1983.56,4935181610.82744,786271366.7626806
8568699780,4381194108,4755.61,4940313698.637006,797477687.6608292
4517740078,1380312234,1923.95,4939717685.067701,797072876.2125665
4555129534,1361786605,1930.65,4939176011.615493,796641935.6222856
4795062869,1500093467,2037.17,4938973320.838256,796099832.453062
4669775362,1388948793,1991.88,4938595233.817416,795604453.9776257
4661130209,1406353953,1989.9,4938206082.3099575,795114138.1301801
4622900087,1369051240,1958.07,4937764477.274509,794644634.4673225
4908578854,1571293491,2094.17,4937723658.220979,794089493.5577964
4706550634,1414262648,2007.95,4937400790.868715,793581729.914565
4600119388,1368925287,1960.31,4936930384.449094,793128020.6031123
4978912864,1558491585,2082.93,4936988855.869081,792577057.0430207
4517512017,1364375719,1918.62,4936405438.84701,792179965.3276452
4646077317,1404820399,1980.82,4936002205.344444,791703485.4830523
4760952515,1404988832,2028.88,4935759417.979196,791181085.1255387
5160751030,1613170114,2181.85,4936071040.710526,790677262.7577132
4601265027,1380926610,1950.88,4935607961.853389,790228240.0997463
4627069300,1360960208,1964.68,4935181803.480663,789765447.1010166
5124210217,1612607357,2157.24,4935442532.326897,789251773.5911458
4629381124,1378296513,1976.73,4935020960.139118,788789703.975828
4630933806,1371542765,1959.01,4934602683.448419,788327586.4948125
4561276949,1367758346,1936.08,4934089873.373627,787907298.7853655
5243502624,1661214557,2193.62,4934514307.873799,787449987.0736223
4568295783,1355265823,1924.48,4934012638.661644,787027019.7526168
4582984596,1411072655,1958.65,4933532436.1409025,786595522.2241942
4502566647,1366084256,1920.81,4932943685.062841,786219204.5026975
5460915699,1782305482,2296.09,4933663974.304229,785924365.8923045
4586737886,1380787119,1959.8,4933191322.957766,785493054.4823114
4593202602,1365478735,1955.46,4932728753.269388,785058557.2194196
5854684849,1893426424,2464.42,4933981411.008152,785259751.5508895
4553230668,1380205738,1940.81,4933464788.561737,784851983.0329655
4658539924,1391366155,1980.11,4933092261.644986,784385259.320337
4590205227,1378797520,1975.57,4932628273.776726,783955711.34494
6281594914,2174474979,2656.95,4934451201.668919,784991580.0972357
4615631602,1359524161,1946.48,4934020945.798921,784549026.4233035
4624763661,1388165676,1973.8,4933604157.005391,784102262.557611
7821066837,2963493538,3288.58,4937490378.647375,790692795.6621145
4663672197,1384281878,1988.27,4937122343.456989,790224917.6012745
4632816738,1462483917,1957.09,4936713879.557047,789772977.6425613
4460968990,1488392658,1896.38,4936076151.823056,789435387.3557936
7618274754,4334711633,4242.85,4939666779.135207,794979139.5560058
5072776843,1554964983,2121.18,4939844733.766043,794462446.782025
5005452358,1521963547,2092.85,4939932327.3898535,793935535.2496809
5213545532,1657565415,2180.28,4940297144.996,793468887.2974907
4601089574,1369651012,1924.6,4939845470.467377,793036911.586089
4653657120,1360135438,1946.46,4939464900.852393,792578071.6578416
4590850782,1462660200,1920.78,4939001933.895086,792153360.0035985
5145605371,1856770241,2152.48,4939275943.75862,791663593.1597407
5002745584,1587455481,2091.02,4939360009.507285,791142506.5570966
4818479515,1482783512,2015.01,4939200114.673281,790631298.1891702
5031637789,1583153876,2104.76,4939322225.207397,790116045.6808873
4556957237,1336910324,1905.5,4938817785.908971,789716656.9593982
4562449896,1348473661,1915.49,4938321912.536232,789314326.9886945
4567142018,1350966411,1937.8,4937833517.938158,788909621.670758
5015175980,1560410131,2097.26,4937935150.60841,788396092.4114741
4564814648,1367781524,1942.54,4937445491.156168,787994387.1529033
4519855728,1381533314,1948.88,4936898191.335518,787622748.4705738
5087592025,1615472933,2148.8,4937095434.573298,787125976.2165484
4624995247,1384510165,1973.87,4936687460.471895,786692171.6192123
4660554439,1368226869,1973.3,4936326973.498694,786241719.8206699
4568431740,1390440931,1946.02,4935847318.696219,785841147.1009612
5171306801,1677776889,2193.67,4936153906.563802,785375264.9183614
4652831006,1373589423,1987.81,4935785476.263979,784930860.9790827
4579083052,1365087715,1953.86,4935322226.362338,784526183.7807696
5139945996,1660353581,2165.23,4935587626.8417635,784051835.1359506
4939704922,1510805593,2088.23,4935592960.125648,783543878.9861146
4575461982,1368960636,1955.4,4935127072.702458,783143883.4341207
4641079029,1380327427,1977.33,4934747165.6692505,782709085.7783116
5636577838,1889272643,2379.42,4935652753.633549,782609588.1247333
4602133393,1376379858,1963.28,4935222960.643042,782196683.3940574
4602215649,1369225069,1958.57,4934794379.804376,781784343.8321779
4562672663,1371844326,1932.09,4934316074.255784,781395503.1041315
6039322318,2057649869,2531.27,4935734567.508344,781895495.3677752
4622075949,1369730324,1955.32,4935332441.074359,781474720.5095491
4661273321,1401182818,1988.58,4934981533.110115,781035745.3135002
7999821139,2874195193,3347.62,4938900765.342711,788183494.2243134
4589682336,1363634965,1954.93,4938454764.79438,787778758.2555944
4508393327,1364466541,1914.25,4937906217.042091,787425808.923989
4588094787,1371770623,1960.03,4937460597.385987,787023017.2731855
8808586449,4425029386,4789.44,4942385693.889313,798535280.4803847
4652570741,1360263466,1960.51,4942017441.090216,798094570.8953114
4550394858,1371796768,1933.68,4941520458.116752,797709852.2641833
4798282509,1512149594,2029.04,4941338914.455007,797220461.058008
4619391341,1400590127,1968.22,4940931385.881013,796797962.7042572
4520142700,1365363089,1923.8,4940399415.355247,796434503.9810225
4656067686,1374098602,1980.55,4940040410.646464,795995585.9422361
4859492119,1523435434,2054.65,4939938836.508197,795498674.8308971
4701175843,1404474266,2005.36,4939638127.448362,795042671.338253
4662922978,1389729270,1988.82,4939290058.077988,794603019.6388973
4891808703,1561134167,2068.96,4939230408.134422,794105521.3448083
4621631671,1378993752,1970.62,4938831915.365119,793686814.4800522
4601732429,1375425342,1964.87,4938409484.931078,793279008.4028809
4618221718,1400090055,1968.76,4938008749.302878,792863251.9226414
5009321752,1619719073,2131.02,4938097890.55625,792371563.7649506
4676375992,1405874575,1996.44,4937771146.612984,791930721.8899549
4710334406,1400911620,2010.69,4937487559.6546135,791477541.1086515
5052539822,1636003058,2155.82,4937630837.689913,790994969.3846902
4572259168,1374161672,1950.53,4937176395.314676,790607788.4406054
4609860011,1369582570,1953.72,4936769791.110559,790200686.6268396
4534638674,1370045322,1934.12,4936270869.129032,789837196.6442109
5136039953,1662313458,2182.21,4936518414.462206,789378963.7599803
4601038548,1367689694,1956.09,4936103216.607674,788978503.8221455
4690740961,1378998945,1980.83,4935799925.809642,788537856.4874285
5156041759,1721591544,2222.96,4936071829.307407,788088901.9158843
4893713770,1459526919,2047.04,4936019599.887793,787604280.0034415
4534656726,1388155714,1939.34,4935525310.634236,787245009.7704237
4566692753,1364403637,1950.13,4935071642.051661,786866901.9765477
5630939007,1889398640,2383.25,4935926515.964374,786761101.7590127
4549146231,1365849242,1943.78,4935451938.927608,786394851.4629151
4618454031,1383598672,1966.03,4935063461.099265,785991090.5024612
4560948401,1360301536,1943.47,4934605547.9290085,785618824.7274735
6161091116,2117146330,2602.43,4936104919.03912,786307272.7606957
4651881587,1383797515,1969.8,4935757882.003663,785889765.3074452
4588939847,1384746775,1947.85,4935334933.180488,785503680.5554128
7798078890,3144020915,3273.42,4938821832.031669,791349752.1675589
4734061291,1633042766,1999.95,4938572731.616788,790900456.2950944
4989417311,1538019890,2085.91,4938634511.178615,790421796.3928518
4552123803,1380376180,1902.87,4938165444.785194,790056633.0717347
7859988846,4209959621,4390.6,4941707048.907879,796095653.1668143
4606410033,1368967278,1925.69,4941301120.317191,795699036.6341969
4581370627,1335999627,1915.85,4940865896.020556,795316185.6763656
4795593739,1490429170,2005.81,4940690446.555555,794851791.1109204
4565395414,1359004918,1908.61,4940237738.434258,794479045.5259277
4501960540,1358984492,1921.49,4939709693.616867,794145847.243507
4596399618,1384352782,1952.08,4939296564.765343,793757117.2409583
4825871520,1542501333,2080.93,4939160236.586538,793289690.8105973
4659025046,1376288931,1988.59,4938823939.839136,792872724.0705601
4506781325,1362996293,1922.0,4938305903.130695,792538282.089958
4905096330,1541927636,2070.31,4938266131.186827,792064398.873579
4714269294,1393124859,2000.44,4937998192.386364,791628397.546648
4655168155,1369436595,1985.31,4937660283.142175,791215685.0262883
4589361641,1378160807,1958.85,4937244652.304296,790834880.2810385
4978504554,1584721800,2103.94,4937293829.779499,790364725.7410824
4548516262,1357165919,1929.22,4936830999.341666,790007886.7929655
4609489637,1370960514,1954.37,4936441770.611177,789618650.2325896
5102593450,1628395685,2166.37,4936639100.396674,789170364.7211765
4624527871,1413840433,1972.89,4936268861.690392,788775319.7981817
4547836561,1463553164,1935.98,4935808633.845971,788421141.6292114
4479020234,1473032509,1915.0,4935268055.857988,788110971.532972
5577524288,2010427419,2362.2,4936027223.981088,787954138.5586501
4841773494,1606939404,2064.19,4935915944.488784,787495508.6397063
5040450875,1662357957,2146.14,4936039216.8125,787039223.4220101
5980395246,2076189007,2501.61,4937269318.142521,787390811.0947338
4993794004,1557082236,2160.54,4937335817.772942,786929889.2298464
4810783221,1449898713,2011.72,4937187107.318449,786479347.8865219
4699401481,1402266119,1965.25,4936908016.2077465,786059828.0273372
5893051614,1939991416,2465.81,4938028934.845252,786279964.8308375
4634872181,1342019431,1938.33,4937673950.355972,785887869.272103
4665262991,1365854984,1950.59,4937355341.046783,785483336.5209821
4704773812,1361897839,1967.41,4937083633.653037,785064593.8159016
6199321466,2123336227,2594.26,4938556489.933489,785788886.870641
4540906610,1352511960,1898.61,4938093028.534965,785448025.0704738
4659086626,1347188353,1948.76,4937768224.806752,785048357.0856216
7550779785,2730085496,3181.4,4940806610.341861,789629279.297283
4609451671,1331905713,1927.88,4940421761.399535,789251289.2188753
4658574959,1370940576,1954.69,4940094792.951276,788851699.2517675
4578517606,1355215313,1959.17,4939675815.909617,788490485.8315655
8675056156,4437365982,4838.06,4943999172.784722,798203205.3058732
4600096122,1369765506,1956.07,4943601597.0034685,797827275.6954594
4647800406,1384176601,1984.6,4943260025.189377,797429784.5695903
4929547058,1544362729,2103.69,4943244208.618224,796969909.034264
4630797035,1394315394,1959.79,4942884246.436636,796581209.3905073
4616513589,1372736157,1964.38,4942508676.059839,796199635.6170515
4554671390,1373301854,1944.08,4942062886.075862,795850422.7533201
4798601096,1546836881,2069.97,4941898176.7876005,795408268.1440487
4564123221,1364537691,1946.57,4941464948.627294,795054868.6458179
4595017691,1360435095,1944.37,4941068101.825888,794685789.5721309
4948311143,1576370145,2103.84,4941076389.058352,794231071.4629939
4640368283,1390965682,1968.41,4940732722.651428,793842114.2371868
4609119022,1376915920,1961.09,4940354168.19863,793467896.8058785
4593173000,1379094170,1961.74,4939958294.574686,793101944.5133612
5051548990,1604359783,2141.15,4940085391.038724,792659099.4422574
4685821384,1382075833,1995.42,4939796125.956769,792254450.7976941
4526996371,1385403981,1933.25,4939327035.326137,791926307.9195589
5051713252,1598451022,2126.61,4939454601.973893,791485779.5338953
4630854487,1428733422,1970.3,4939104715.222222,791105132.9628344
4799425690,1639192437,2034.71,4938946528.33069,790670998.5152597
4706689595,1633591810,2007.04,4938683794.243213,790262225.7181057
5619484607,1939803429,2350.9,4939453060.698305,790146723.6416973
4581341172,1380392330,1915.93,4939048871.207675,789792227.7995893
4643754657,1341624573,1942.46,4938715957.775648,789409096.7668076
5364670722,1737999124,2244.49,4939195636.564189,789093815.1481615
4629100761,1367747319,1935.66,4938846823.430821,788718376.5269538
4585548778,1334972949,1917.68,4938449859.334831,788364004.740883
4632893045,1353410085,1937.93,4938106922.393939,787987894.7282798
5754667885,1906565090,2407.11,4939022349.482062,788019975.6877446
4712655778,1371427603,1970.74,4938768859.480403,787615019.034925
4360345387,1388505555,1928.15,4938121853.35906,787411806.7379652
4986302368,1566983255,2125.42,4938175686.336313,786973434.9858801
5724607427,1891274538,2397.9,4939053400.332589,786972341.1650168
4509895594,1363498385,1908.26,4938574963.536232,786663918.6253477
4588429492,1370111897,1954.66,4938185046.5300665,786312511.0081779
7523568803,2716574182,3185.5,4941060890.530589,790586177.9252653
4587844479,1364799501,1952.85,4940668427.851111,790234459.5527893
4575853297,1366678170,1934.66,4940263527.594894,789889210.4869548
4589712366,1390493659,1950.2,4939874889.943459,789537420.4958853
8172219264,4099188535,4574.49,4943454451.81949,796389710.0656475
4689886540,1372391029,1978.29,4943173956.341814,795993735.6203539
4539023599,1369996744,1934.71,4942727381.361326,795667137.6891901
4799025024,1525689038,2033.82,4942568769.487859,795242221.6578748
4501202774,1373975357,1923.03,4942082147.662624,794938662.8768238
4589744860,1366061157,1948.18,4941694111.002203,794586742.6382301
4593130156,1374167291,1956.37,4941310652.305831,794233611.7651271
4712608407,1529034181,2005.21,4941059331.157143,793833263.3920249
4580732440,1372771988,1952.05,4940663802.187706,793487162.8566809
4644962709,1396310974,1980.91,4940339568.532895,793112396.7454097
4996349690,1582912848,2105.84,4940400915.872947,792680098.6138475
4686188929,1386341800,1999.72,4940122784.59628,792290920.1024468
4581018821,1363415066,1942.89,4939730321.248088,791946743.8211097
4605622262,1375317581,1965.88,4939365574.458515,791591234.7385964
4991914877,1632602201,2131.29,4939422880.131952,791161397.9796752
4641145410,1362583108,1963.1,4939097959.140523,790791578.6139011
4586258077,1378826881,1954.9,4938714020.20457,790446818.5965183
5110714272,1638877576,2168.63,4938900977.0,790037440.5987387
4497581646,1365283959,1919.66,4938421802.916395,789742172.7922008
4604746501,1358959833,1948.3,4938059899.118221,789390189.0581058
4620215402,1359912474,1969.35,4937715538.88299,789031738.1447879
5309017394,1709965632,2242.27,4938117380.717532,788699149.6840439
4610101141,1366501398,1957.23,4937762768.566486,788346407.9754229
4589224357,1387646855,1960.62,4937386377.193304,788003774.468995
5301201923,1737290946,2228.34,4937778842.722761,787669175.916694
4661613923,1360098890,1971.1,4937481251.214439,787296810.2860243
4601302318,1392434901,1960.48,4937119379.381055,786950177.7012527
4559293596,1384840048,1929.94,4936713115.09785,786624440.5067875
5777544349,1913975544,2435.54,4937616263.576799,786684150.1775599
4651811268,1386090145,1985.03,4937309605.856223,786317669.081894
4558655644,1370261146,1948.55,4936903760.237942,785993823.7253932
4414039263,1398187891,1886.93,4936343948.142398,785759022.849743
5994993509,2057202122,2508.85,4937476193.662032,786100675.4454316
4654835205,1375641432,1975.98,4937174226.793803,785734892.5753945
4608682573,1371760393,1963.69,4936823648.721452,785388738.8585103
7704687515,2765118109,3239.1,4939774463.077826,790149738.4302697
4554314688,1379089395,1943.6,4939363962.784878,789828954.1186239
4581492422,1357814115,1941.57,4938983248.379787,789494920.8023598
4584716069,1387551453,1957.04,4938606768.911796,789159730.1807982
8213217173,4325383493,4614.51,4942083000.763269,795916567.6249993
4458514874,1487989912,1903.68,4941570203.173913,795650122.7986426
4513730718,1537049079,1916.86,4941116983.380297,795350365.7836108
5403053449,1995527919,2288.71,4941605805.037037,795071299.1901418
5032569487,1898227801,2142.42,4941701961.149049,794656457.7756963
5098551752,1921426411,2172.77,4941867589.228088,794253118.8583841
5366065833,1888906528,2243.97,4942315055.729958,793953518.8839654
5388118671,1833591342,2253.12,4942784817.179136,793666902.7236722
5004228227,1534242455,2092.39,4942849494.452632,793251575.559453
4726821534,1490234766,1975.72,4942622335.713985,792865318.4992399
5216450045,1662897800,2181.39,4942909969.862395,792498429.922104
4674151560,1351046759,1955.14,4942627956.840504,792130322.0984106
4642376122,1341772738,1941.84,4942313227.453878,791774665.1499597
4612520181,1354699485,1966.43,4941967894.420942,791431893.6616948
5014623223,1590107476,2139.15,4942043893.718619,791021343.1707809
4500220136,1400330696,1950.53,4941582217.900731,790736809.6408391
4592542326,1372854400,1952.48,4941217875.633612,790404366.2702824
5053097135,1610256757,2138.27,4941334538.052137,790000412.826079
4602706624,1367553017,1962.56,4940981800.641666,789664403.230322
4599074605,1394677123,1962.58,4940626017.919875,789330419.903682
4532279734,1375223903,1936.14,4940201541.533264,789029791.3396873
5110059018,1653209819,2137.27,4940377925.205607,788638987.4496475
4641615510,1390336867,1979.47,4940068005.687759,788288507.4158143
4606490898,1374963139,1966.18,4939722329.928497,787953059.77064
5495901167,1794767044,2318.15,4940298084.41822,787748178.5308458
4783064797,1388478902,2032.58,4940135485.361944,787356976.3688447
4576380315,1387180996,1952.34,4939759705.227273,787036933.3122811
4566162569,1383711077,1947.51,4939374156.06708,786722175.9444813
5623647041,1883920602,2379.03,4940079592.030928,786623112.5404654
4644360751,1387488733,1983.44,4939775041.216272,786275163.9789369
4610103512,1388014878,1966.48,4939435872.976337,785941661.2437301
6162557979,2069011362,2578.87,4940692935.778007,786514723.8673413
4640292138,1341799569,1941.02,4940384516.067761,786169731.5292464
4592124908,1374474034,1958.87,4940027326.726153,785845533.9292713
4578254060,1376184511,1942.46,4939656657.395492,785528118.6041378
7520952452,2778368000,3218.43,4942298720.644831,789452855.2048005
4574411594,1403405487,1951.71,4941922557.93865,789136742.9537835
4476747639,1372705682,1910.37,4941447404.803882,788873568.9833264
6292297955,2216702132,2663.07,4942825823.732653,789649684.2418818
4914285801,1980709619,2541.51,4942796730.946993,789247635.2932134
4556556587,1366517822,1943.53,4942403411.0448065,788941861.7904774
4603258426,1374501121,1965.21,4942058400.88708,788614580.8736573
4857567823,1499506450,2046.13,4941972536.478659,788218357.540822
4678925079,1390755526,1994.22,4941705483.222335,787862682.2654601
4573098414,1353627791,1937.31,4941331642.381339,787550459.0460489
4550550909,1367647769,1937.1,4940935714.586626,787249569.5447464
4950001895,1514608396,2070.52,4940944890.882591,786851115.8415586
4541948087,1362331269,1926.49,4940541456.298281,786555442.3833473
4596943710,1375425837,1958.05,4940194387.867677,786233856.2835406
4941183696,1561021814,2079.73,4940195386.160444,785837069.6761897
4579163931,1374324465,1952.96,4939831443.16129,785524437.8329499
4636248885,1374093674,1976.4,4939525720.544814,785187851.7838892
4616057526,1363899054,1954.64,4939200299.825955,784859782.7202611
5023981349,1591192063,2114.18,4939285506.910553,784469881.4084858
4686737636,1376583026,1991.73,4939031944.791164,784116765.9628524
4638640468,1372185889,1972.72,4938730649.428285,783781110.5621123
5206885124,1650489869,2211.39,4938999341.286573,783434275.5366504
4628025319,1400961907,1969.66,4938688055.978979,783103815.074056
4599513236,1365048806,1957.97,4938348881.159,782785576.0789841
4622887593,1374968222,1982.57,4938033735.016983,782457943.975991
5183040728,1688980810,2190.91,4938278252.974051,782105660.7097272
4627356854,1384949965,1957.61,4937968261.549352,781777264.7637532
4617029497,1387275564,1954.74,4937648601.425299,781453415.1921043
5370507261,1732287214,2263.67,4938079306.559204,781183754.1652592
4533771684,1379623863,1918.68,4937677410.314116,780899338.9414387
4654336817,1383592623,1983.72,4937396039.317776,780562526.253208
4623669597,1372201030,1972.82,4937084802.767858,780237759.4934028
5551811395,1840959431,2339.14,4937694046.169475,780090871.237819
4670225655,1395034474,1979.25,4937429225.980198,779749967.4174068
4587355226,1368482081,1942.85,4937082960.896142,779441925.6882794
5575956950,1914440124,2372.33,4937714259.304348,779315283.6365317
5114262001,1684358615,2138.52,4937888541.379072,778950262.6796652
4765850340,1646821637,2028.01,4937718878.45858,778584796.499812
4906232705,1609816748,2071.29,4937687857.598029,778201789.6133701
7600574461,3009521704,3306.66,4940308808.979331,782287920.9371465
4379150699,1379838092,1831.24,4939757031.093412,782101001.5912895
4575780258,1348128708,1913.39,4939399490.058939,781799922.6814145
4625357680,1356769859,1935.16,4939091303.788028,781478082.1362256
6871208754,3257539525,3784.2,4940985536.582353,783431906.1997548
4671033314,1361203395,1953.5,4940721136.756122,783093682.4459457
4572212220,1351009662,1911.8,4940360560.516634,782795264.4748744
4845246023,1505777810,2056.06,4940267584.42913,782418218.8564171
4627004716,1380081658,1969.89,4939961663.65918,782097295.0265352
4593807954,1364565716,1923.78,4939623952.722927,781790385.8994607
4582435727,1384269006,1946.57,4939275816.050682,781488789.9396812
4871822203,1546722693,2068.09,4939210135.804284,781111058.8020313
4654352771,1368758900,1975.43,4938933037.200389,780781548.795915
4585687728,1366274185,1959.29,4938589747.298347,780479682.9812719
5020936009,1563326663,2114.05,4938669695.125243,780104932.8227433
4669156443,1384479723,1987.78,4938408285.56935,779771649.7427446
4604905214,1372136975,1963.84,4938085123.678294,779462832.3650643
4547453824,1390558324,1942.95,4937706971.403679,779180164.5987529
5065575117,1579647098,2144.82,4937830634.987428,778813435.874999
4523786600,1367557861,1929.96,4937430592.4415455,778543386.1336468
4669661242,1377188582,1980.61,4937172127.817568,778211975.5018488
5104778404,1610720514,2152.41,4937333753.927676,777854058.6593865
4605043064,1384312032,1960.98,4937013628.022158,777547620.7026414
4461296511,1372670948,1892.68,4936555767.466795,777313333.3521817
4618747055,1380555431,1970.42,4936250182.166347,777001972.684114
5193965859,1666040857,2186.46,4936497747.658021,776669718.6199013
4616406860,1347537509,1930.37,4936190558.706334,776360215.2810066
4618533419,1362008070,1954.77,4935885997.690316,776050224.542614
5403079885,1768980460,2288.57,4936333501.413794,775813089.7043624
4609017721,1362893697,1955.67,4936020280.571292,775507837.9729118
4484047271,1378076757,1914.71,4935588184.003824,775262892.1701353
4620891389,1367978891,1955.05,4935287613.999044,774953545.6707869
5688794727,1893125948,2397.16,4936006609.335877,774933030.8743984
4623801155,1367904331,1972.99,4935708987.358437,774623497.4500432
4651340235,1377210899,1985.43,4935438159.975238,774304227.1254116
4874097405,1576099802,2077.69,4935379795.7935295,773938084.702523
5721288765,1904642520,2415.56,4936126857.551331,773949191.2348486
4679133557,1419298353,1996.17,4935882799.336183,773622106.7089244
4658893258,1477961650,1971.2,4935620000.909867,773302048.9514292
8113995153,3197141782,3454.56,4938632678.779147,779099212.0754476
4964452711,1656619452,2109.39,4938657129.567235,778730637.9976885
4997546559,1644767683,2128.86,4938712843.31315,778364288.1082473
5169832839,1589030731,2160.98,4938931293.214556,778028770.3285975
6438790600,3257935563,3552.6,4940347590.954674,779024649.6628343
5007016892,1534635241,2093.36,4940410486.521698,778659788.540272
4864223486,1465203389,2033.62,4940338679.735155,778296267.1188773
4956033338,1563521413,2072.85,4940353458.132769,777929900.25064
4509925931,1336495873,1886.26,4939948540.421449,777675861.1274018
4600748837,1336596592,1924.2,4939629743.707706,777379815.2021284
4615113659,1356386242,1930.05,4939325033.769014,777078330.3354973
4953399878,1530012795,2071.96,4939338237.187617,776713881.0642638
4580899796,1337310893,1915.9,4939002306.1274605,776427297.5026944
4672860789,1344631665,1954.57,4938753109.950375,776106404.6499003
4962112845,1534042773,2075.26,4938774961.900842,775743642.6173048
4633811260,1344616669,1937.65,4938489949.095327,775437055.3805715
4618187044,1357206001,1931.65,4938190880.089636,775136690.9940188
4601413909,1334083402,1924.52,4937876722.467351,774843280.8699913
4914165989,1586786559,2097.48,4937854624.859273,774482470.6785965
4639762298,1390636965,1978.25,4937577071.482309,774175214.263817
4511017282,1339977913,1887.28,4937180271.67814,773924306.0107218
5090312442,1590534227,2155.34,4937322587.821562,773578665.1473408
4720354800,1392891113,2003.84,4937121132.122562,773247683.6624975
4580146915,1401118729,1944.76,4936789987.20872,772965349.4798275
4510221540,1483880162,1925.96,4936394650.37164,772716107.4548867
5677580116,2084743674,2406.39,4937080933.210185,772687202.767744
4925637550,1559089231,2095.4,4937070347.286772,772329803.7916158
4617725740,1472408469,1931.09,4936775204.396488,772033809.6703054
5365218891,1757576425,2244.11,4937170812.602032,771787008.1837165
4622431096,1344643958,1932.99,4936880462.309963,771490109.5039786
4639515291,1343334373,1940.64,4936606393.02765,771187294.9900442
4706436994,1348386273,1968.49,4936394450.67127,770863767.6694168
5598572000,1880780796,2342.81,4937003629.649494,770770582.7571176
4602854026,1340582633,1924.86,4936696506.852022,770482826.3933632
4673781423,1371328913,1954.28,4936455078.859504,770170159.8330169
5147055817,1710202558,2190.09,4936648290.545872,769843193.7091006
5429231117,1711359040,2270.11,4937099787.178735,769634662.3407316
4649697252,1382838524,1981.73,4936836598.043956,769331301.7237625
4707668836,1398857636,2002.32,4936626929.460201,769010498.581284
7610353123,2768514201,3228.89,4939070920.496344,772894024.1498069
4656658756,1370031933,1969.28,4938813009.843836,772588120.6592675
4673279235,1394845876,1983.66,4938570734.501824,772277196.2933784
4616893717,1385330586,1959.77,4938277501.122151,771986161.0336446
7589165571,3850310187,4258.39,4940691788.981785,775766743.201718
4562217840,1355479255,1930.28,4940347408.682439,775497684.5482638
4540932056,1380820399,1936.1,4939984303.816363,775238564.7769986
4835400975,1514127414,2040.45,4939889314.416894,774892828.0107262
4630232943,1367966304,1965.29,4939608319.524501,774597280.3807404
4575046641,1380021017,1953.81,4939277801.230281,774323808.227827
4624300826,1362512838,1955.87,4938992495.999094,774031037.9651026
4855245446,1523598824,2064.16,4938916706.813575,773684816.5769358
4689695587,1405648349,2002.27,4938691371.262206,773371245.9232225
4588272580,1400742806,1957.88,4938374823.121951,773093536.6301498
4850677967,1540123028,2043.5,4938295674.334838,772749076.0869904
4568736329,1369459881,1946.93,4937962437.774571,772480241.9191488
4601194802,1360470415,1946.16,4937659043.508108,772198300.1371654
4531960330,1366488376,1929.95,4937293878.149415,771946574.3433807
5055011053,1620173273,2146.88,4937399738.918165,771607465.884339
4632676795,1359849606,1963.98,4937125953.703504,771314789.301986
4588516544,1356465308,1941.64,4936813018.86535,771039203.2582103
5170129460,1616698910,2184.41,4937022271.278924,770725013.2461711
4605091179,1397720623,1962.5,4936724841.984767,770443645.0973312
4629842083,1359665422,1969.29,4936450103.61504,770153386.4464576
4552781900,1369905549,1943.92,4936106929.908766,769894312.4987289
5261566277,1688115743,2225.95,4936397778.297587,769611671.2429653
4639262450,1395536060,1976.11,4936132478.897322,769319207.332959
4703762695,1396446246,1999.68,4935925190.954505,769007281.7169074
5375401999,1750385541,2272.77,4936316881.51426,768776375.243607
4719630191,1394847215,1993.72,4936123928.09439,768461192.3686047
4526417001,1358215873,1912.91,4935759420.152135,768216393.9023299
4595214800,1370150573,1952.15,4935456713.823112,767941949.4659619
5654740086,1847555837,2376.28,4936095509.002665,767899838.0296875
4616151263,1372092273,1956.62,4935811618.811003,767618191.9431514
4595984968,1370552599,1946.64,4935510354.049645,767344513.109374
4629937721,1378743046,1978.01,4935239696.27015,767058469.147597
6132819831,2080407587,2566.16,4936299501.699115,767545493.5840706
4750143003,1420133162,2025.5,4936134907.093722,767226047.8060093
4598219299,1380523921,1965.88,4935836395.072438,766952798.3498048
7757059458,2794769159,3256.28,4938326441.906443,771178451.9684099
4627394810,1385567852,1974.26,4938052251.75485,770893600.2417917
4580069225,1366407606,1953.56,4937736848.207048,770627121.577533
4618847624,1398887757,1970.52,4937456135.861795,770345914.733092
8554943722,4225900147,4639.27,4940637743.237467,777438230.5347507
4568154824,1369809995,1945.85,4940310429.600176,777174946.6697805
4590249454,1372081557,1957.34,4940003088.971905,776902890.1459191
4883215811,1524215241,2088.25,4939953275.570175,776563888.2467331
4695591242,1390587495,2003.42,4939739110.773006,776257194.1758463
4620996226,1394824514,1972.16,4939460001.416813,775974528.3607677
4608572331,1433010256,1966.0,4939170510.891514,775696699.8420446
5350931781,1859389854,2272.0,4939530442.071678,775453080.5165685
4701160007,1632269071,1997.4,4939322258.285589,775146363.4458411
5002049232,1562449282,2091.53,4939376993.864747,774810306.8494877
5002821537,1665295431,2093.05,4939432307.328684,774474741.70572
4599177414,1340345079,1923.28,4939135918.04878,774202429.6251727
4613071475,1340062365,1929.5,4938852136.984334,773925184.1269399
4591799057,1357827806,1919.47,4938550351.6973915,773656254.4932443
4912355433,1578300318,2054.86,4938527593.2971325,773320486.5393652
4616105539,1333006660,1930.96,4938247713.041667,773043089.0842022
4625101827,1348441515,1934.47,4937976120.772767,772762767.9529634
5183127909,1616725424,2168.13,4938188557.331022,772461557.5854031
4527740654,1336963369,1893.36,4937833191.180952,772221451.5908933
4572892030,1363760138,1960.18,4937517498.134948,771961933.7158734
4685134541,1380977987,1991.71,4937299362.476232,771663898.6943752
5257005613,1760560392,2233.33,4937575447.321243,771387803.7322363
4652254057,1420379747,1973.99,4937329268.382226,771100457.7149901
4601564376,1477412938,1954.58,4937039815.888793,770831004.4391819
5891985153,2112708768,2492.22,4937862335.559001,771008066.6681591
4833377185,1613721913,2061.25,4937772417.185026,770682326.3099725
4973615244,1640591682,2117.76,4937803236.468616,770351637.6569331
4886322622,1571861767,2043.57,4937759009.136598,770022136.6573923
6328557160,2255249869,2647.26,4938952827.291845,770768492.8188069
4937754452,1486136249,2064.67,4938951799.525729,770437904.4995861
4728080692,1453375854,1976.64,4938771104.489288,770132457.78038
6338838353,2209808015,2652.4,4939969792.202055,770891052.3282396
4630175571,1345035170,1936.55,4939704784.313944,770614483.4439238
4627402234,1343037140,1935.51,4939437859.057265,770339153.241032
4660660041,1339144485,1949.81,4939199790.894961,770053216.9619939
7977005777,2904838733,3358.14,4941791775.524744,774818190.0886719
4590138359,1341782925,1919.93,4941491985.740835,774555845.8639289
4651065923,1339977022,1945.38,4941244604.086031,774272254.3517789
4627878227,1346902581,1934.62,4940977909.297021,773996650.6736908
6811285952,2973549771,3548.97,4942568307.292517,775585847.0161973
4569486085,1346596129,1910.68,4942251330.04333,775332503.3697839
4577962684,1348682552,1914.65,4941942086.710526,775075959.4813162
4804739242,1502241658,2009.84,4941825714.49279,774757484.7610192
4652371558,1343477722,1945.85,4941580414.360169,774474930.1527221
4603062015,1332840512,1926.95,4941293777.273497,774209585.869324
4517540968,1360799447,1931.31,4940935272.358714,773980080.3531476
5045020122,1592504048,2137.03,4941023256.170753,773658798.7168188
4719001570,1396455730,2004.71,4940835737.85473,773358910.4998336
4513369992,1360412147,1937.04,4940475007.26751,773132176.3142507
4992466708,1573891293,2114.35,4940518845.126475,772807639.9111861
4526245197,1358053005,1916.8,4940169836.155855,772575541.9070393
4537531498,1352700597,1918.35,4939830914.995791,772338589.8780819
4561876560,1367294889,1941.35,4939513039.171573,772091478.4111578
4946461549,1615161013,2132.41,4939518878.255463,771767028.3089705
4641938454,1394247263,1978.26,4939269020.63644,771491109.4028319
4556358592,1402286907,1982.02,4938947787.055369,771247110.0480031
5100000209,1640842373,2165.84,4939082784.894383,770937892.9020416
4578615606,1366296712,1943.19,4938780886.08459,770685533.5369546
4497239616,1365053846,1910.74,4938411395.482008,770468796.2272205
4569690000,1368794807,1947.61,4938103100.000836,770220362.2666125
5191640153,1673880973,2190.62,4938314910.404345,769933411.5278805
4600091318,1379621622,1965.75,4938032586.871452,769673985.7717458
4598131790,1361750535,1946.36,4937749099.968307,769415521.4613267
5225796489,1729956386,2215.32,4937989139.459167,769139776.8013518
4565942474,1362870290,1951.0,4937679358.721898,768894390.447721
4668241590,1379761854,1973.47,4937455200.844426,768613741.9211856
4615274194,1357180714,1947.54,4937187386.208645,768350323.1771125
5748798192,1903405151,2417.58,4937861481.562292,768386968.7377183
4526693266,1373121291,1922.39,4937520263.126142,768159320.4436941
4571088747,1367884107,1953.74,4937216422.731343,767913216.7104273
4967740500,1589660377,2099.2,4937241711.942005,767595544.9927026
5810282436,1852967765,2429.29,4937964427.773179,767688483.6734525
4598549454,1361623305,1957.08,4937683687.513648,767432962.0544915
4610625586,1490883843,1967.46,4937413391.561983,767173345.7060477
7864063332,3198468287,3363.23,4939830113.230388,771450577.0046458
4599655217,1386035695,1923.62,4939549440.873762,771194110.0500973
4624433125,1361077338,1934.32,4939289658.255565,770929208.3639721
4561048215,1346289852,1907.33,4938978091.992586,770688023.4973516
7382106862,3689976290,4063.72,4940988897.56461,773550119.3689368
4640439321,1352050031,1940.51,4940741735.083881,773279976.4797742
4586734724,1336034735,1918.57,4940450850.111751,773028765.1773726
4886561956,1496806891,2044.03,4940406606.356322,772712906.2383031
4526904289,1348225278,1941.07,4940067391.986054,772486615.232523
4630763551,1377094614,1977.53,4939813864.247541,772220691.2686465
4506079802,1376052624,1921.83,4939458635.695332,772004115.3146428
4840144145,1554021259,2057.45,4939377363.60802,771693398.8354446
4590256582,1374834069,1959.19,4939091900.990188,771442386.1072886
4594081942,1368710315,1959.53,4938810030.10866,771190191.8473692
5047332420,1553739062,2134.48,4938898619.814693,770881586.7060987
4607235472,1361474128,1950.55,4938628095.224307,770625302.8194453
4588267161,1361328269,1947.45,4938342552.490627,770376091.6679503
4625602144,1364309552,1975.19,4938087877.89088,770114027.558341
5001058657,1598540267,2118.89,4938139115.302685,769802748.532431
4609898141,1384384533,1958.07,4937872252.7219515,769546626.3191901
4548570093,1366500677,1940.24,4937556004.01381,769313949.2036158
5104083488,1629972049,2152.67,4937691172.426136,769016287.6076453
4659724694,1364754040,1976.61,4937465733.270884,768745102.4089179
4690353820,1397269521,1984.24,4937265480.504862,768465725.9813036
4591931365,1387354945,1962.63,4936985857.739271,768217343.8588703
5200081605,1674954244,2210.03,4937198718.376214,767942947.6239294
4534793334,1389432617,1932.51,4936873410.870655,767717671.5459512
4518262867,1380651151,1929.27,4936535276.344104,767499689.1297363
5357549366,1722386121,2258.82,4936875077.869249,767283057.4115865
4622704253,1362133866,1966.87,4936621714.300806,767025454.983168
4583593411,1353998352,1945.11,4936337243.468171,766781793.0411121
4584035073,1362008589,1946.44,4936053586.326087,766538177.4797579
5696883518,1858015724,2399.26,4936665677.9847145,766533357.8680377
4624376440,1374539899,1960.18,4936414641.619775,766276318.1680129
4660075079,1391960957,1990.55,4936192682.131727,766008519.9723189
4648218471,1376106676,1981.12,4935961563.182183,765744496.1331632
6252168377,2126233375,2638.83,4937017061.829992,766343626.2916311
4588539124,1367919842,1956.16,4936737832.713141,766099994.6524818
4596937961,1405656176,1960.68,4936465775.169736,765853556.2530874
7558584652,2774135660,3258.91,4938563470.2712,769128370.2272629
4641056380,1387606378,1975.33,4938325654.851319,768866878.3610876
4597406015,1372712138,1961.95,4938053354.819489,768620104.7150449
4592749182,1382608020,1961.42,4937777772.877893,768375207.2423007
8560093552,4309605493,4739.07,4940666381.952153,774844988.0514364
4665627856,1368777812,1972.36,4940447227.748207,774575102.2990465
4637191094,1374325924,1974.31,4940205781.781847,774313935.2810044
4891239312,1519423788,2068.83,4940166826.754176,774007104.4678967
4700589839,1407197280,2002.34,4939976383.997615,773728870.7431445
4696891065,1398252888,2004.88,4939783305.904686,773451847.9585226
4567705359,1375124919,1949.3,4939488005.946825,773215858.9766774
4865773366,1534904435,2051.99,4939429548.659,772911995.2104633
4615411173,1367718422,1956.42,4939172798.757527,772659503.3363369
4589835628,1361170540,1943.12,4938896205.589866,772416059.9295748
4932934417,1564755248,2080.4,4938891488.984968,772110473.341163
4550307130,1369469871,1943.48,4938584307.673518,771882495.002099
4608518057,1364935446,1949.37,4938323591.835703,771633302.4568901
4679413408,1454961073,1993.58,4938119242.835043,771362999.2443392
5164260167,1726559531,2178.08,4938297587.41246,771084905.9672064
4461156980,1495698270,1904.96,4937921590.085895,770897307.4461117
4644427903,1549535002,1975.92,4937690492.694489,770637717.5728285
5698227944,2034983777,2407.85,4938288869.918175,770629590.5868862
5009233232,1651314092,2114.83,4938344643.787736,770329176.8555726
5341536741,1835866444,2233.5,4938661369.708563,770109403.453669
5097578748,1707086863,2131.47,4938786108.624019,769819968.5891964
5718112262,1997694616,2392.49,4939397344.822745,769827227.7602155
4588893441,1362515918,1919.38,4939122655.242947,769588018.5132076
4512288720,1353669498,1886.46,4938788407.838684,769379282.3059835
5401722145,1724215307,2260.56,4939150640.809859,769187141.3041778
4611481871,1341769459,1928.59,4938894449.433932,768940928.5243748
4614653765,1337349862,1929.43,4938641136.399219,768693887.0436525
4669278223,1357711058,1953.25,4938430860.900859,768430618.5414631
5597639660,1866775105,2342.47,4938945064.3322935,768351300.7273352
4539483460,1333254343,1898.54,4938633714.679657,768132705.6087774
4723185184,1370701833,1974.56,4938465919.873832,767857052.5591354
6235428759,2147817282,2608.43,4939475229.476265,768409809.5132148
4658059933,1392263936,1948.63,4939256399.541213,768151046.263232
4667054800,1339490079,1951.66,4939044898.686869,767890019.4818634
4510334817,1346537028,1928.6,4938712049.244565,767684740.2430284
7608603680,2766596186,3214.63,4940783338.329713,770978910.559703
4614824128,1363571140,1956.28,4940530656.7713175,770733416.1649181
4594115932,1382730654,1957.55,4940262326.233152,770495132.2114633
4637882927,1363061275,1973.75,4940028286.450464,770242800.3585722
6843000623,3172618452,3699.41,4941500036.130704,771760111.135664
4551435670,1385596837,1941.86,4941198595.3531685,771537990.5155791
4656642501,1358959029,1969.51,4940978860.917375,771280546.0222194
4819873357,1507678023,2048.56,4940885415.3125,770990260.1509727
4644913825,1358070792,1964.12,4940657218.249807,770736764.8112836
4605913876,1369518434,1954.23,4940399326.614792,770495793.2555852
4636206715,1375514237,1975.34,4940165152.163972,770245370.4745057
4757710308,1541476283,2019.06,4940024802.283846,769965681.6480834
4562340504,1361794770,1929.81,4939734499.210608,769740880.9527972
4586242283,1375368333,1953.17,4939462999.812596,769507539.3465664
4954092856,1592768094,2106.13,4939474227.637759,769212306.3450762
4586927228,1352349020,1939.44,4939203869.509202,768979235.7066793
4547552893,1369738464,1923.81,4938903753.818391,768760944.4825525
4521618269,1376554746,1918.22,4938584239.664625,768553247.7018253
4968759053,1611949113,2110.2,4938607326.744452,768259630.2396575
4525717810,1376391251,1932.36,4938291661.976299,768050684.373803
4565761668,1367100088,1938.69,4938007070.689839,767826243.8848244
5112087038,1622763835,2171.2,4938139956.161069,767548182.3438101
4656200086,1395597878,1987.44,4937924899.051868,767294874.5156786
4595626872,1367127353,1960.75,4937664001.165397,767060574.779015
4536216219,1389486951,1958.49,4937358252.664128,766848390.2816921
5252341553,1654357251,2228.76,4937597965.982496,766605746.3648453
4616580616,1398608821,1959.88,4937353846.324715,766365297.4557112
4532469555,1372073828,1935.86,4937046183.489362,766155306.5525568
5277696811,1734116997,2221.58,4937304840.002278,765921858.2877473
4663349602,1378374019,1974.18,4937096983.220789,765668399.132977
4597196957,1372883718,1959.7,4936839287.977256,765435273.2807095
4612543170,1371588463,1966.94,4936593609.1,765197303.30994
5747400353,1902459208,2429.42,4937207391.64648,765232611.7520691
4631859870,1395608724,1961.67,4936976417.726929,764989198.1325768
4534122944,1371846687,1936.96,4936671917.746788,764780174.2769791
5013195272,1649981308,2133.44,4936729714.842145,764494195.926995
5584230962,1856664021,2361.89,4937218395.028679,764412494.9594716
4623918036,1384534011,1972.88,4936982120.248115,764172600.3163517
4634826775,1393428565,1969.82,4936754422.173324,763929611.4894516
7494446002,2737336283,3194.29,4938680394.748494,766858094.2022666
4634871597,1381802316,1979.86,4938451795.201655,766614794.6257541
4618705701,1364197838,1953.75,4938211384.604511,766376655.1199371
4574961856,1371324970,1952.2,4937938469.85725,766153357.4124241
8020414798,4029620439,4504.84,4940252641.274775,770505228.0092258
4562877845,1372951319,1945.36,4939969539.402101,770285461.1649463
4669441584,1377290347,1977.43,4939766744.832833,770032291.3872342
4838385672,1569935425,2060.86,4939690803.954308,769748832.9830946
4599642069,1373036320,1961.4,4939436276.458084,769516897.0816622
4643391385,1392351220,1968.1,4939214851.707554,769271641.4331064
4624230685,1381384117,1965.81,4938979437.532138,769032293.5280348
4788497306,1541240843,2022.15,4938867053.565348,768756064.5484266
4722199412,1399653408,2008.38,4938705361.295523,768491938.7179615
4555138405,1383907611,1934.65,4938419330.753915,768276699.7281656
5110092809,1713158729,2168.17,4938547254.359165,768004690.1790887
4795387629,1624557117,2031.56,4938440657.467609,767728639.4712806
4803332641,1610688723,2024.42,4938340130.669642,767451815.2064881
5012995781,1569726872,2095.81,4938395636.729368,767169162.8164309
5177973268,1661331700,2166.14,4938573629.026003,766911910.3394387
4660308408,1345291145,1949.65,4938367047.570156,766664646.4581888
4500780558,1371658252,1918.84,4938042428.512611,766472823.4164535
5120609142,1608381859,2141.96,4938177763.363232,766204793.0971023
4645404064,1359209133,1942.38,4937960893.956296,765962378.3736376
4727619384,1364890990,1976.88,4937805200.7586975,765700215.414242
4596733513,1354327847,1922.25,4937552928.800296,765473152.7446953
5222238499,1673681711,2184.32,4937763339.421286,765229331.7359091
4468290946,1341235877,1939.34,4937416609.440916,765053012.2486097
4507817680,1353669516,1924.86,4937099562.260516,764859630.2140098
5367449824,1771385043,2270.96,4937416929.710177,764666795.9856391
4525646410,1402150369,1977.1,4937113487.912307,764466661.7825776
4641482767,1379599068,1961.89,4936895792.241531,764227218.5344484
4686604809,1392379058,1988.38,4936711619.332598,763976141.5699209
5716368088,1896424313,2416.12,4937284896.147794,763987574.3681945
4632393240,1369738998,1959.76,4937060875.8273325,763751534.5929059
4599495017,1363982178,1948.71,4936813030.116006,763525854.2550658
5267186909,1700355077,2227.88,4937055417.407924,763298131.5272818
5361038134,1722095878,2263.4,4937366255.176686,763104571.5312973
4440081731,1395277607,1890.22,4937001944.169964,762943645.5240766
4637613660,1389551972,1978.57,4936782772.658858,762707318.263523
7498822338,2775093046,3223.06,4938656978.632041,765568536.2904404
4729076705,1404641867,2019.11,4938503776.677631,765309634.2283331
4606562626,1373715897,1965.12,4938261306.881665,765082631.792817
4620917387,1372874502,1971.15,4938029668.983942,764851374.3684536
7677269769,3781538247,4269.39,4940027655.92779,768140550.1386684
4629963143,1357889161,1961.75,4939801661.38484,767906158.5519814
4573441860,1366296947,1950.31,4939534829.774217,767690087.6854662
4815150624,1518813745,2031.3,4939444302.695779,767418004.7061975
4646997486,1351305015,1965.34,4939231614.101818,767179402.6166726
4692078696,1400896623,1996.76,4939051997.155523,766929501.8141906
4517943730,1474650601,1930.7,4938746181.42048,766734896.9294146
5089215935,1695609077,2155.37,4938855375.726415,766467351.3305497
4574879964,1534393989,1949.65,4938591434.166062,766252038.1899008
4879703226,1669934614,2072.23,4938548761.551449,765975999.4744233
5556349175,1909575220,2348.23,4938996118.838523,765878944.8461516
5051957455,1571935549,2112.46,4939077856.418958,765607829.5442561
4910654945,1509539478,2052.78,4939057304.783803,765331368.4208254
4883414350,1468741560,2041.63,4939017100.336705,765056286.9024386
5176996880,1624621339,2165.65,4939188926.892419,764806757.6466973
4535012473,1334243539,1895.99,4938897313.289322,764607826.2013571
4574141862,1332597192,1912.77,4938634331.709445,764394845.192774
5188744683,1630952480,2170.68,4938814526.487032,764148905.9231097
4632641649,1345769975,1937.59,4938594099.649388,763917927.0246592
4692071854,1352401267,1962.68,4938416745.515827,763671692.9093089
4657538131,1364671517,1947.55,4938214819.840403,763434258.893986
5273586054,1649221829,2206.68,4938455747.451149,763212885.5979221
4642893512,1372378975,1941.22,4938243570.684853,762979958.6464088
4599425320,1335474550,1923.57,4938000515.985653,762760189.5134832
5284326592,1727324228,2250.83,4938248778.405735,762543088.3977998
4552016499,1350554811,1959.44,4937972107.718481,762339961.6139768
4495234700,1360679235,1927.56,4937655187.598425,762159052.7665882
4542831954,1367110780,1931.17,4937372767.545779,761959536.6484439
5750936103,1909801904,2430.56,4937954299.593996,761997449.0556976
4628139287,1393515115,1977.27,4937733003.156428,761770228.754356
4666795129,1369322380,1983.4,4937539614.238401,761532691.7650503
5626212753,1888761635,2376.8,4938030821.898003,761483049.459419
5002808087,1551886530,2113.43,4938076992.436208,761213587.4729729
4502284293,1363994353,1906.17,4937766598.775641,761031264.6565162
4578146325,1371600600,1952.1,4937510641.285409,760820838.3970312
7503796003,2885640215,3184.12,4939335879.807255,763621241.7559258
4540785278,1480659698,1937.59,4939052617.119403,763423719.1165719
4899096114,1626832729,2077.6,4939024238.9211645,763153311.1634294
4735152530,1619216132,2018.65,4938879546.4379,762901769.0364441
6031208616,3138152989,3319.37,4939654247.905674,763185402.4154185
4536863396,1357482183,1897.15,4939368783.0921335,762990213.470272
4654074467,1347236658,1946.31,4939166733.293201,762757745.4681033
4854092745,1495988519,2030.41,4939106525.233545,762491146.9470025
4515623733,1334575398,1888.18,4938807032.452617,762304611.4704373
4615178542,1337213276,1929.93,4938578319.738516,762083728.3734493
4718437717,1358663766,1973.78,4938422853.211158,761837029.7743171
4818678627,1512642041,2015.14,4938338347.758645,761574800.7617837
4588516463,1335502602,1919.06,4938091646.85261,761362852.7631016
4619784495,1342860242,1932.13,4937867328.916138,761141403.9919553
4891043443,1596912323,2060.99,4937834354.348592,760874363.1609031
4587853840,1361130694,1920.67,4937588062.642506,760663212.6129308
4576825489,1366220598,1956.9,4937334361.817159,760455841.4041461
4624912777,1369846153,1960.7,4937114810.457484,760233675.276621
5084003744,1605774513,2160.14,4937217962.798455,759976654.1657784
4538805534,1380291772,1937.48,4936938375.129123,759783205.5781797
4574744200,1360449336,1943.79,4936684382.018934,759577271.7473106
5134765503,1643720566,2161.53,4936823191.494043,759329172.9774535
4643986514,1401490161,2005.01,4936618123.792717,759102782.3449866
4561603562,1370941773,1949.39,4936355692.328901,758901927.7637926
4611661404,1379466922,1949.95,4936128633.386014,758685085.7927006
5289842753,1696081804,2243.55,4936375813.064291,758477548.0608251
4609308670,1383516534,1964.55,4936147414.221369,758261896.0094705
4578195540,1376955822,1953.87,4935897622.26448,758056214.9871962
5382028211,1739570085,2265.45,4936208731.461646,757883363.0209144
4579370311,1370621115,1944.3,4935960063.572823,757677764.3198127
4641110418,1387550481,1965.27,4935754736.521587,757453839.4534982
4550352808,1380884818,1943.67,4935486537.545581,757258444.3796369
5655695986,1870911032,2388.25,4935987378.608484,757233144.3391742
4543374698,1364241087,1933.2,4935714541.443363,757040690.5852659
4694679686,1396372532,1991.62,4935547156.127084,756804420.8395334
4566549401,1379915307,1944.57,4935291085.512838,756604180.6921563
6119702928,2062978732,2561.32,4936112452.948683,756984191.1406552
4617605575,1368931857,1968.14,4935891727.461538,756768268.848088
