CPU_Cycles,Execution_Time(ns),Time_clock(ms),avg_cpu_cycles,Std_Dev_CPU_Cycles
1801107364,501839755,592.19,1801107364.0,0.0
1708276700,462595331,507.95,1754692032.0,46415332.0
1809231019,477882657,492.09,1772871694.3333333,45795803.39093878
1776206138,480073678,573.3,1773705305.25,39686602.62163162
1674285103,438656563,510.14,1753821264.8,53305922.75335625
1797859431,459019903,488.82,1761160959.1666667,51354552.54862394
1747620978,454811227,557.8,1759226676.142857,47780571.87228264
1742304870,469516440,568.81,1757111450.375,45043639.148387186
1753971416,441375713,524.47,1756762557.6666667,42479014.03780954
1723425756,455190718,468.5,1753428877.5,41521570.073211566
1750969531,462190277,549.83,1753205300.5454545,39595576.36616013
1752291046,462047635,551.04,1753129112.6666667,37910720.28651878
1735049886,485328404,577.54,1751738402.9230769,36740658.71011905
1690694022,449428753,459.69,1747378090.0,38737792.428395525
1754091528,464017929,555.06,1747825652.5333333,37461711.508879386
1689101858,450021859,520.11,1744155415.375,38958031.28787773
1725672687,460954693,469.1,1743068196.0588236,38044221.713309966
1650127657,452304757,522.64,1737904832.7777777,42663558.3060213
1729248931,464885711,548.23,1737449259.0,41570616.498775214
1755042103,455224345,546.92,1738328901.2,40699041.584344774
1792054187,468484138,487.23,1740887248.142857,41333255.45190184
1727370073,435827423,523.59,1740272831.090909,40480975.87545199
1741437642,446919347,506.87,1740323475.0434783,39591888.03940056
1715861393,461053401,550.04,1739304221.625,39065311.31921784
1813251929,465851513,492.95,1742262129.92,40927202.71516035
1673244697,466955841,544.83,1739607613.2692308,42270236.92595378
1736758913,474625594,578.13,1739502105.851852,41483557.9693032
1804561072,473880162,490.66,1741825640.357143,42487566.682140194
1788684731,473945512,568.98,1743441471.0689654,42615146.671846755
1741360311,476748192,571.75,1743372099.0666666,41900540.13296205
1658977717,458830233,534.65,1740649699.6451614,43833377.47635258
1701032895,456406682,462.39,1739411674.5,43690230.25105557
1728867780,457429530,541.93,1739092162.5454545,43061113.664670415
1649357590,433462821,501.47,1736452910.4117646,45050959.766245
1660144705,433591509,493.08,1734272675.9714286,46186762.98151704
1689513131,448967935,459.41,1733029355.2777777,46130962.129700534
1734615513,457021488,541.04,1733072224.4054055,45504027.713489
1685479855,435329279,492.38,1731819793.631579,45542992.813941315
1766305513,463594150,480.21,1732704042.8461537,45284573.2093083
1724299570,423293712,496.57,1732493931.025,44734181.43431964
1746688962,466262886,562.75,1732840151.292683,44239498.91683057
1742261172,456711883,540.44,1733064461.3095238,43733256.99836087
1769847685,459702757,481.23,1733919885.1162791,43575821.795766756
1727274972,463372185,565.75,1733768864.3636363,43089177.5837488
1653946423,467990858,547.13,1731995032.3333333,44202520.90225732
1720945544,467616208,565.44,1731754826.0652175,43749103.213473104
1769181904,466419738,481.05,1732551146.8723404,43616863.7290013
1734881061,471214038,558.05,1732599686.75,43161412.90723555
1731298720,439928136,505.9,1732573136.4081633,42719116.07960579
1767520616,467285257,480.6,1733272086.0,42571850.05511137
1648089278,455583822,525.18,1731601834.862745,43775710.6419451
1706726499,486579914,580.49,1731123463.0192308,43487141.69520561
1754582449,427021780,493.42,1731566085.3962264,43193024.02133227
1699885034,449338648,462.43,1730979399.2592592,43003850.03470579
1725159327,460417114,540.99,1730873579.7636364,42618207.31812661
1735604224,477406100,568.11,1730958055.5535715,42240619.6466779
1741970513,451945909,533.46,1731151256.5614035,41893403.5122119
1694902888,449085508,460.7,1730526284.689655,41797862.036836684
1723401111,448438438,528.88,1730405519.0338984,41452333.52658594
1751228857,458101600,551.25,1730752574.6666667,41191796.489203244
1747561286,452336218,475.09,1731028127.3114755,40908483.82336147
1713192913,442368545,532.53,1730740462.564516,40639388.02867917
1708146483,448181578,535.34,1730381827.9682539,40414341.3585866
1739149557,446048286,527.11,1730518823.734375,40112102.315702595
1694268536,449368737,460.56,1729961127.0,40051627.227790065
1729346910,454644059,544.06,1729951820.6818182,39747118.511917
1741058233,462519451,557.83,1730117588.0298507,39472362.84123363
1643041126,442954667,503.27,1728837051.8235295,40558839.497004874
1763186274,461081491,479.29,1729334866.6376812,40472587.409875885
1749773371,454047860,543.25,1729626845.2714286,40255586.6110251
1726783502,489258342,590.19,1729586798.1830986,39972495.556351796
1800929455,468019224,489.48,1730577668.4166667,40562522.35709925
1749141236,463637727,551.08,1730831963.8630137,40341487.066635564
1736471944,455266994,553.12,1730908179.8108108,40073273.55760627
1743030503,438746812,506.99,1731069810.7866666,39829497.9706682
1687266940,447815428,458.7,1730493457.2236843,39880184.64778795
1668114189,450463025,521.38,1729683336.857143,40244908.056014016
1722475018,456911522,535.27,1729590922.5128205,39994317.83204287
1744315178,464648869,511.72,1729777305.493671,39774459.895665325
1761620824,494732059,478.83,1730175349.475,39683110.33823717
1721820442,454939728,515.77,1730072202.4691358,39448181.729766905
1738723519,466902124,551.05,1730177706.3292682,39218402.67934671
1771449464,461151167,481.64,1730674956.4216866,39240630.914770246
1711684168,478292676,568.25,1730448875.607143,39060698.65985557
1729052243,438668391,521.02,1730432444.6352942,38830542.06306526
1707112104,462759591,560.87,1730161277.8837209,38684990.377527244
1762004012,455869193,479.04,1730527286.321839,38611497.65192292
1728433221,455145566,549.03,1730503490.125,38392128.92952157
1704271166,462299863,536.63,1730208744.9101124,38275831.049652375
1716672860,458656927,553.72,1730058346.1888888,38089029.76896732
1695419629,447566653,460.79,1729677700.945055,38050910.467259966
1727834888,441984694,518.96,1729657670.3695652,37844029.40951003
1704633167,439926672,526.26,1729388589.688172,37728398.912373215
1744699612,457881833,474.64,1729551472.9042554,37560039.5046237
1717611902,443028472,526.26,1729425793.2105262,37381696.920892514
1725069949,450700985,534.18,1729380419.8333333,37189120.536755435
1717238408,429419050,506.66,1729255244.4536083,37017250.70897562
1677987420,448436069,456.22,1728732103.3877552,37186570.976197176
1717987638,438892067,521.65,1728623573.4343433,37013879.65371911
1703109196,458194144,554.03,1728368429.66,36915738.518453576
1724664074,472162590,571.11,1728331752.871287,36734363.74075796
1767682295,456266868,480.52,1728717542.5,36758891.88920301
1714966659,452544647,538.67,1728584038.776699,36604856.24328628
1649737454,445784846,527.11,1727825898.5384614,37232159.34709313
1684370846,443393527,457.87,1727412040.8952382,37294026.217512496
1732627468,416404459,472.54,1727461243.037736,37121118.077779435
1728444896,444845140,527.95,1727470436.0560749,36947368.94619148
1710741253,457433614,549.6,1727315536.2129629,36810807.33099169
1745712951,462379487,474.61,1727484319.8348625,36683520.98787024
1718022702,452821075,532.19,1727398305.1272728,36527437.50675907
1654363623,451123625,519.88,1726740335.018018,37011553.606993705
1722282007,454322347,550.5,1726700528.517857,36848339.67996572
1760702443,463381351,478.71,1727001430.4159293,36822885.62030681
1699187698,479046917,577.0,1726757450.3070176,36752650.22361155
1731500748,453730009,551.09,1726798696.373913,36595157.1106926
1766555013,460483951,480.22,1727141423.2413793,36621970.79491118
1714808340,413743617,466.38,1727036012.2735043,36482799.98775953
1718621295,438255436,512.45,1726964701.1101694,36336071.016056284
1718334763,462480904,560.96,1726892180.6218488,36191651.00535984
1765906917,461504675,480.03,1727217303.425,36214626.62274263
1730065760,468980848,550.37,1727240844.3884296,36065590.89283915
1646602429,446239110,524.52,1726579873.7704918,36645980.57192617
1736714434,456260025,541.37,1726662268.5691056,36508054.25218632
1784563809,461898577,485.17,1727129216.4758065,36727486.903948374
1740775674,465293018,567.42,1727238388.136,36600476.99003047
1644210997,463934397,535.45,1726579440.5873015,37191930.49853661
1676019748,444820891,455.77,1726181332.7716537,37313774.427352816
1709914923,409703710,465.18,1726054251.4453125,37195312.69884295
1732204821,473283152,573.36,1726101930.2790697,37054790.875401504
1631591274,440698951,519.58,1725374925.2307692,37824287.61704612
1776361179,467318000,482.92,1725764133.2748091,37940062.130908385
1671761365,464386689,542.07,1725355021.3939395,38085025.98914352
1654618043,435545770,506.13,1724823164.413534,38430489.26288291
1718092307,467003871,558.38,1724772934.1343284,38291205.44284059
1763063202,460504649,479.15,1725056565.7481482,38290148.02157213
1733832404,450117215,537.47,1725121093.9705882,38156482.4538525
1738101729,461390390,556.05,1725215843.1313868,38033024.43427118
1669527585,443760984,453.79,1724812305.0289855,38188198.11462202
1770227354,444340224,481.19,1725139032.0,38243671.403384276
1720272288,432030659,505.9,1725104269.5428572,38109045.97825413
1621399764,445135853,511.76,1724368776.5957446,38958084.81261689
1692217242,449445177,460.14,1724142357.3380282,38913655.40580422
1700313406,439126884,519.77,1723975721.3146853,38828163.13512949
1690558480,435600370,521.41,1723743657.1388888,38792495.62062888
1706722365,447342605,539.93,1723626268.9172413,38684153.17177187
1759307642,458289069,478.36,1723870661.8835616,38663606.96947467
1755939366,437429971,531.53,1724088816.3333333,38621931.96508029
1730041077,425179493,492.47,1724129034.3108108,38494319.819688305
1766005283,460856184,480.23,1724410082.9597316,38516981.732150644
1674358963,445439604,455.36,1724076408.8266666,38603845.941963784
1747908179,487218331,586.0,1724234235.1192052,38524330.50901097
1735124420,440869975,509.97,1724305881.0723684,38407488.48526504
1770235072,466354676,481.41,1724606071.862745,38460254.43246297
1761626124,432912244,492.29,1724846461.8116884,38450325.02660146
1720687115,453880614,555.01,1724819627.316129,38327537.70637652
1711194009,443799237,519.73,1724732283.6089745,38219968.107259244
1681716397,449072370,457.2,1724458297.0700636,38251436.90882257
1638275547,430200457,488.71,1723912836.6265824,38737883.19714708
1732078646,471778211,561.3,1723964193.9182389,38621269.355567105
1655535560,445951084,518.42,1723536514.95625,38876246.07872711
1779074257,465514000,483.6,1723881469.8757763,39000181.894923806
1729735844,442768568,527.41,1723917607.9876542,38882328.52380318
1729209316,461928453,552.97,1723950072.4539878,38765076.36682891
1786473939,468510523,485.71,1724331315.542683,38952016.59274593
1740328019,445463124,517.07,1724428265.260606,38853642.82245254
1659756530,446563526,505.11,1724038676.4939759,39058355.74294689
1750948183,433049834,515.87,1724199811.263473,38996540.683223724
1701422161,450632939,462.43,1724064230.0119047,38919764.38680751
1657106058,443901850,509.14,1723668027.8106508,39142777.78354062
1738282853,471919973,564.5,1723753997.3705883,39043480.93333534
1670310427,413640014,466.66,1723441461.871345,39141846.61706905
1767316171,459433548,480.37,1723696547.389535,39170185.407518454
1745517994,449977468,531.96,1723822682.9190753,39091829.94548941
1728113974,467737606,562.39,1723847345.5114942,38980684.98223369
1664967996,438506195,452.63,1723510892.0857143,39121706.7355624
1713643554,442538014,529.12,1723454827.6647727,39017456.778358415
1763313167,452015274,540.9,1723680016.022599,39021608.664391175
1728702032,424565527,491.17,1723708229.5955057,38913653.39256086
1682712992,448707910,457.55,1723479205.9217877,38924917.80302445
1683941142,424607223,484.55,1723259550.011111,38927731.13078129
1661969502,455587659,531.24,1722920930.961326,39084976.21422603
1734647282,459926160,546.49,1722985361.4615386,38987089.50575934
1804260985,470201543,490.45,1723429490.5519125,39339379.66905235
1738850701,418146294,474.25,1723513301.4782608,39248712.547303736
1743916516,465089537,556.35,1723623589.1243243,39171069.39032179
1840458838,474478971,500.24,1724251735.6236558,39988979.06008424
1721154968,446899305,521.5,1724235175.368984,39882552.82381996
1755505297,464339182,550.94,1724401505.8031914,39841320.16754059
1681662507,455171717,535.26,1724175373.5343916,39856564.67926428
1688762236,440672657,459.25,1723988988.6,39834039.67600633
1755741353,441496906,528.23,1724155231.3455498,39795654.09838442
1668095124,463248446,533.12,1723863251.6197917,39896476.54910649
1738270515,470528651,562.44,1723937900.6528497,39806424.82239694
1715051706,461358183,466.18,1723892095.5257733,39708797.53015171
1770509864,443619993,530.39,1724131161.0051281,39746572.8429846
1756524861,431619217,492.4,1724296434.9846938,39712169.66692889
1698494037,476999378,461.87,1724165458.3451777,39653668.350078575
1724323806,437377718,469.04,1724166258.0808082,39553407.6626496
1720083570,437510977,495.01,1724145742.0603015,39454958.22708777
1747106894,468184331,541.36,1724260547.82,39389505.60983553
1773496264,458443485,482.23,1724505501.6318407,39443815.17760978
1665497354,440767826,513.84,1724213382.089109,39563425.06388442
1718093411,452271572,535.26,1724183234.4482758,39468183.81339258
1651774084,429503079,491.26,1723828287.6323528,39694797.83774321
1694234525,450045000,460.61,1723683927.814634,39651507.62144309
1730780331,448980218,538.17,1723718376.3737864,39558224.02259191
1719574765,469194748,557.8,1723698358.9275362,39463602.913173154
1778506477,463754004,483.51,1723961859.4951923,39550740.93067292
1729265596,439675400,517.08,1723987236.2248805,39457705.8730552
1755818924,459422355,548.39,1724138815.6904762,39424595.70974749
1695036614,437719727,500.8,1724000890.563981,39381814.37686738
1791665671,464793630,487.1,1724320064.0566037,39561427.44349086
1738177790,443527476,531.06,1724385123.8028169,39479817.25761149
1747499089,464071835,561.87,1724493132.9859812,39418997.781475805
1699514299,438700556,506.73,1724376952.3627906,39363926.39208638
1823149210,479316406,495.55,1724834231.3333333,39840963.536859736
1776135456,456072248,550.82,1725070642.5069125,39900625.440472655
1755327764,458714195,548.43,1725209436.642202,39861474.26564037
1777175251,464834325,483.34,1725446723.4657533,39924381.12141629
1826438563,472762374,534.05,1725905777.2818182,40408673.71445234
1742173416,434986596,513.06,1725979386.5067873,40331928.1761988
1754962398,473775101,500.09,1726109940.6126127,40287763.898372814
1738310059,455144244,472.56,1726164649.6636772,40205595.267774895
1707983342,456421422,539.12,1726083483.111607,40134057.1604116
1672390388,446636736,512.46,1725844847.1333334,40203729.249309264
1719083852,437085678,507.18,1725814931.2256637,40117194.14013325
1679103307,444900050,456.56,1725609153.1453745,40148092.46857838
1728952267,450737253,530.83,1725623815.9254386,40060560.791032314
1714460450,444942699,522.7,1725575067.6026201,39979773.35693127
1749808200,456083608,475.73,1725680429.047826,39924615.54385868
1724309631,428595291,503.44,1725674494.857143,39838206.55264142
1739734622,424288413,487.49,1725735098.8534484,39762925.63013114
1708734477,464661622,548.7,1725662134.811159,39693067.02590927
1686956379,442613009,458.53,1725496725.5982907,39688555.31803437
1692274452,455342716,535.52,1725355354.2212765,39663020.7656859
1720636856,432993101,519.72,1725335360.5847456,39580086.464266784
1720768780,440108090,521.48,1725316092.3122363,39497605.08546825
1762861947,459779142,479.22,1725473848.0042017,39489291.15055847
1643199380,445860332,525.25,1725129603.3682008,39762840.090742856
1713179378,459043905,545.48,1725079810.7625,39687380.335834615
1760099162,453762646,478.75,1725225119.273859,39668879.712499425
1652970805,433435615,492.46,1724926547.7272727,39857262.73817866
1708604014,466737047,565.75,1724859376.8065844,39788890.74068222
1650919555,442839116,518.61,1724556344.75,39987270.35772068
1765469793,461743560,479.93,1724723338.4163265,39990745.60712476
1731177031,453170426,550.9,1724749572.9390244,39911493.328088105
1716433215,446168482,518.41,1724715903.4736843,39834119.48306685
1728391971,459921485,564.93,1724730726.326613,39754410.209063776
1771134044,463003429,481.51,1724917085.0321286,39782898.62528376
1708663237,451113333,523.55,1724852069.64,39716505.76573522
1738033659,444427866,529.94,1724904585.932271,39646006.79789867
1689153345,449145331,459.22,1724762715.9285715,39631053.88180961
1720453446,413681362,468.11,1724745683.2411067,39553578.273298785
1724709527,455023506,540.75,1724745540.8937008,39475640.177237175
1720766774,454095321,543.04,1724729937.8862746,39398945.692351066
1781749792,466689154,484.39,1724952671.6914062,39482451.52812092
1737884650,453581546,537.02,1725002990.6731517,39413786.319724336
1728546083,436983279,503.56,1725016723.5891473,39337944.91056071
1769588072,445511461,523.56,1725188813.7374518,39359113.07416405
1771894307,467807944,481.72,1725368450.25,39389583.581246585
1736086877,465869106,546.46,1725409517.0191572,39319628.487343125
1649496160,449391457,512.53,1725119771.3816793,39522701.145722665
1694466086,444375179,460.61,1725003217.444867,39492579.02824855
1742672512,418180190,474.47,1725070146.590909,39432652.61391626
1766768389,449300203,527.04,1725227498.4490566,39441132.75081716
1689096769,474360046,552.03,1725091668.6390977,39428974.13887461
1707518128,453842386,464.16,1725025850.1348314,39369705.32043375
1676985884,441313457,509.15,1724846596.5298507,39405195.32157676
1763194248,457253619,543.52,1724989152.8550186,39401058.60606223
1704959722,482838382,574.92,1724914969.7777777,39346841.93837973
1784229986,466937962,485.09,1725133844.3763838,39438506.509773485
1741619717,457228603,539.19,1725194454.202206,39378585.05765117
1774103330,460428414,530.91,1725373607.5934067,39417292.34013026
1722602839,458009385,468.26,1725363495.2992702,39345651.987654954
1665948678,414048532,453.62,1725147441.418182,39436544.85253982
1727979489,455849376,531.1,1725157702.460145,39365404.773274936
1737086805,451675588,518.97,1725200767.8122745,39300796.66908262
1771485767,457712008,481.59,1725367260.615108,39327790.09228794
1665884944,429619386,488.09,1725154062.3476703,39417857.737717256
1723117800,456166413,532.1,1725146789.982143,39347593.24932131
1669244916,434095759,498.22,1724947850.9288256,39418331.488544405
1781815703,471812102,484.55,1725149509.9787233,39493317.93714146
1734476387,430324602,499.81,1725182467.1413426,39427364.573123075
1736756842,438954451,500.49,1725223221.9823945,39363860.028613925
1783130578,468297594,484.84,1725426405.6877193,39443645.04587167
1672707128,441446912,454.67,1725242072.5489511,39497407.53039091
1744647636,450738216,523.33,1725309687.7526133,39445114.31551835
1737593443,439377702,516.71,1725352339.6805556,39383202.76827574
1752145334,463477295,476.35,1725445049.0034602,39346475.27760761
1662680147,421329531,479.74,1725228618.3068964,39450527.177063026
1673054584,437500214,504.09,1725049326.0927835,39500861.832204975
1719506969,453046216,531.62,1725030345.4178083,39434494.643804125
1697864815,445232855,461.49,1724937630.2969284,39399010.00075547
1742227674,476963468,568.17,1724996439.9693878,39344827.88827551
1767803641,457220275,536.26,1767803641.0,0.0
1728318344,450470509,522.16,1748060992.5,19742648.5
1724370067,435870141,511.34,1740164017.3333333,19610521.328161273
1721385503,454754296,541.59,1735469388.75,18829445.628537558
1675828245,422665219,476.96,1723541160.0,29202208.52250302
1730541613,461304365,550.02,1724707902.1666667,26785205.90258449
1730205842,439893444,511.89,1725493322.142857,24872798.343632463
1729135019,440218333,520.95,1725948534.25,23297523.72463769
1756081827,438844560,526.27,1729296677.8888888,23919591.303452868
1673676015,450399142,517.56,1723734611.6,28166671.72261828
1757340636,476098643,574.89,1726789704.7272727,28540735.323857624
1656129402,465445687,543.14,1720901346.1666667,33587093.85580285
1741703864,494752328,589.57,1722501539.8461537,32742082.04318429
1748913806,465916456,556.42,1724388130.2857144,32275986.041552164
1750061256,454070652,534.84,1726099672.0,31832392.943570334
1738321418,478976356,568.31,1726863531.125,30963238.274192773
1752292782,465287839,550.32,1728359369.4117646,30628862.535573613
1727099309,442565929,523.64,1728289366.0555556,29767303.359722603
1666173160,453055923,527.81,1725020092.0526316,32122307.746858716
1758523873,433677495,503.45,1726695281.1,32149174.651594765
1773813375,489376896,584.57,1728938999.857143,32939904.615223043
1771868245,473565179,569.16,1730890329.1818182,33401779.097188234
1780864678,455229151,539.41,1733063126.9565217,34220376.59993952
1815348681,482454622,586.7,1736491691.7083333,37317655.04357168
1807812678,463783515,547.21,1739344531.16,39143731.469044045
1738319790,472162107,577.49,1739305118.0384614,38384092.52803163
1678854587,453943048,531.64,1737066209.4814816,39358619.946649194
1746108113,451640287,545.9,1737389134.607143,38685804.97890164
1754205454,456870261,560.21,1737969007.689655,38136596.35247507
1757809490,440377511,507.15,1738630357.1,37664361.00888435
1752125177,448547255,526.87,1739065673.8709676,37128529.3093516
1788399001,469647372,486.18,1740607340.34375,37538347.05093717
1720212640,481154887,570.33,1739989319.121212,37130163.92923965
1753301276,451178918,527.27,1740380847.264706,36649137.544134654
1764610822,444194101,516.29,1741073132.2571428,36346637.98190938
1733178883,459137015,471.04,1740853847.5555556,35861741.19053949
1732297369,438105228,513.51,1740622591.3783784,35401006.21205918
1689518751,438977623,507.48,1739277753.4736843,35877141.245606594
1756832908,433906016,505.98,1739727885.6410255,35522731.379253596
1786920259,463162226,485.89,1740907694.975,35841371.15183138
1745173717,449656101,541.45,1741011744.292683,35407698.80075694
1745875678,451378771,533.66,1741127552.2380953,34991497.293019354
1690163160,449803581,459.61,1739942333.8139534,35424984.75076485
1767925673,426074593,481.82,1740578318.7954545,35267561.939214766
1774671200,444695288,525.07,1741335938.3777778,35233738.8246639
1676060960,439126059,510.49,1739916917.1086957,36125365.062085226
1762951938,457920533,479.28,1740407023.93617,35893238.44534121
1755045444,438522136,506.84,1740711991.0208333,35578865.95066475
1689085258,431373932,478.02,1739658384.2244897,35962565.2866179
1754021167,466872436,501.57,1739945639.88,35657863.85531075
1777370730,489190764,483.05,1740679465.1764705,35685812.149937294
1658059017,440768505,487.41,1739090610.4038463,37117848.49334889
1650867033,443241867,504.14,1737426014.6037736,38675902.059421755
1709705992,456288161,464.7,1736912680.851852,38497935.54728962
1723287096,459536064,545.37,1736664942.9454546,38189764.74598841
1734042264,428355581,497.16,1736618109.392857,37848842.41482003
1738980960,449473304,521.02,1736659562.9122808,37516648.45747571
1757473797,457766396,477.83,1737018429.0172415,37290379.81978152
1713323852,439100721,523.51,1736616826.0169492,37099298.25706018
1719685516,462559140,541.88,1736334637.5166667,36852636.580648415
1720825562,453396172,528.58,1736080390.3770492,36602337.48291696
1757833248,457426466,477.82,1736431242.919355,36409222.60676127
1709096309,424170852,493.24,1735997355.079365,36280321.910229
1724502296,440749029,509.71,1735817744.78125,36023985.607805915
1752365280,466786449,476.59,1736072322.2461538,35803775.21839743
1644014785,448913390,527.32,1734677511.0757575,37268550.00297012
1725706828,440647620,506.71,1734543620.283582,37005370.75549469
1747885915,449252877,523.34,1734739830.5,36767358.65989508
1690205226,453752736,459.43,1734094401.4492753,36885961.38091085
1732035725,425485461,480.46,1734064991.7857144,36622357.29058144
1733166782,423748569,495.08,1734052340.943662,36363692.84382418
1733237181,434277318,509.58,1734041019.2777777,36110410.245062694
1671601017,446408581,454.36,1733185676.7808218,36589277.327002004
1765959419,467927899,559.34,1733628565.1891892,36537687.64897429
1696003998,431294233,483.49,1733126904.2933333,36548949.290580735
1793176456,464490090,487.61,1733917029.9736843,36946873.13806185
1647980440,420358071,448.1,1732800970.3636363,37973780.45798624
1690922317,458129729,549.29,1732264064.5512822,38022589.92683302
1734042590,449011261,531.15,1732286577.5316455,37781697.39787506
1726325663,445045346,469.26,1732212066.1,37550659.839189455
1717180973,446622003,527.8,1732026497.0493827,37355038.13555097
1732395110,449685275,530.64,1732030992.3292682,37126586.854691625
1703002909,461270906,554.98,1731681256.3855422,37037903.16460231
1677898663,441586714,456.12,1731040987.4166667,37276006.02337473
1720843052,438583093,524.18,1730921011.7058823,37072397.673424415
1633245110,409959723,461.05,1729785245.4069767,38314863.177011706
1735265716,454670454,471.83,1729848239.321839,38098505.41387946
1648252302,434048352,448.03,1728921012.7613637,38856145.099033654
1714651968,453078640,537.99,1728760686.4157302,38666496.68827201
1715450444,441341284,514.99,1728612794.8333333,38476387.14085734
1753075909,452929377,476.59,1728881620.2637362,38349288.388990484
1726578007,453488126,553.49,1728856580.9891305,38141046.82507875
1713257531,459356248,559.7,1728688849.2688172,37969532.717219986
1734440402,446921730,526.95,1728750036.0,37771636.326459885
1693414705,444191088,460.31,1728378085.1473684,37744977.305952206
1726818787,453837261,544.15,1728361842.4583333,37548208.00027556
1747295920,464917765,553.48,1728557039.1340206,37403087.71233717
1763036610,466752075,518.23,1728908871.489796,37372754.71501451
1821398717,474936078,495.21,1729843112.3535354,38316438.65357593
1730711924,468898134,558.43,1729851800.47,38124473.10108977
1710763712,443062111,515.97,1729662809.4950495,37982316.438902915
1742569934,453489945,473.84,1729789349.9313726,37817058.75561049
1722436779,454032935,532.52,1729717965.747573,37639938.06939674
1804154141,448447531,520.14,1730433698.2019231,38156340.38453485
1720284202,470990351,579.13,1730337036.3333333,37987001.235898376
1736508367,451565402,472.01,1730395256.4339623,37812099.19554303
1639669676,418836925,465.6,1729547353.8130841,38634183.94804396
1716607080,477230002,574.46,1729427536.4629629,38474873.75565747
1718887063,467840197,562.16,1729330834.8715596,38311159.73135038
1776574739,468514397,483.17,1729760324.909091,38399324.84336549
1736365711,457055521,550.93,1729819832.891892,38231058.35881543
1718675561,465827675,555.06,1729720330.4642856,38074436.058692396
1716653636,456913811,466.7,1729604696.0,37925339.77155172
1927807740,485341264,536.29,1731343319.1929824,42039172.84297473
1740386126,486461044,581.4,1731421952.2956522,41864414.2097718
1660431160,420532582,481.1,1730809962.7068965,42197054.392889015
1739239516,458786410,472.85,1730882010.1709402,42023503.026609235
1721416047,467255443,559.31,1730801790.1440678,41854054.08085233
1764356444,429565616,493.33,1731083762.0252101,41790227.517610684
1731676118,444071332,519.51,1731088698.325,41615772.126524776
1730686954,458046618,470.46,1731085378.123967,41443465.30820617
1735863445,449789554,537.16,1731124542.6065574,41275513.88005174
1713900382,425793474,481.62,1730984508.7804878,41136473.37796945
1679750342,446029103,456.61,1730571330.016129,41225729.158740975
1723790600,423474462,492.21,1730517084.176,41064938.116326794
1646042061,420757056,484.6,1729846647.484127,41582823.949329786
1715464671,442036126,524.22,1729733403.574803,41438290.11898053
1748960516,454174663,475.51,1729883615.390625,41310802.11023147
1783262560,447239745,519.98,1730297405.6589148,41415812.38742221
1780725924,442549927,516.48,1730685317.3384616,41490799.830754
1725160212,426992606,482.43,1730643140.961832,41334931.98949857
1772405328,460849590,481.82,1730959521.1666667,41336974.65092489
1729121842,453833380,538.6,1730945704.030075,41181585.247735456
1758322832,474527460,577.21,1731150010.9552238,41095235.94667631
1791927857,471329342,487.07,1731600217.2222223,41273096.96350055
1711684897,461803252,564.56,1731453781.0441177,41156262.08567196
1741199775,455634503,542.57,1731524919.6861315,41014172.97199289
1750089747,465696158,539.6,1731659447.4202898,40895625.54261691
1765502197,455766987,480.02,1731902920.438849,40848508.85496842
1716735619,436616243,522.07,1731794582.5714285,40722396.238660924
1729639066,480216990,569.85,1731779295.2198582,40578136.78336537
1719197920,473658779,572.89,1731690693.9859154,40448688.355550766
1782685466,473278111,484.66,1732047300.7832167,40530396.8659245
1740503967,457206407,539.39,1732106027.6319444,40395526.051416844
1754686408,447792746,526.5,1732261754.3931034,40299340.69828164
1752634876,454417289,476.65,1732401296.3219178,40196228.09803659
1725403407,451886659,545.46,1732353691.632653,40063402.41373075
1713292496,463437575,545.15,1732224899.7702703,39958346.349147454
1750611185,440956467,521.23,1732348297.6577182,39852316.650019564
1682856079,448707232,457.49,1732018349.5333333,39922926.918132834
1722093676,453257937,538.59,1731952623.218543,39798653.91656208
1741891208,451199870,548.86,1732018008.6447368,39675657.6005902
1714678845,476033568,568.08,1731904680.7777777,39570460.70180616
1699734741,460101180,462.29,1731695785.064935,39526323.05270124
1663025675,466006474,540.32,1731252752.096774,39780365.87028147
1717776685,454736369,556.51,1731166367.0512822,39667242.032587536
1775188476,467751045,483.01,1731446762.6496816,39695501.564864285
1721277548,506280121,596.97,1731382400.5316455,39577900.67084028
1753591391,480977982,586.32,1731522079.7169812,39492293.02431744
1728631486,457457343,546.44,1731504013.50625,39369345.263209805
1783689441,474156530,484.93,1731828146.5962732,39460465.25741912
1729295298,463678197,548.35,1731812511.728395,39338985.38900648
1753876607,492379099,591.7,1731947874.2760737,39255953.60424469
1713153382,454470944,545.96,1731833273.7134147,39163428.03865954
1789890159,470959012,486.73,1732185133.6242423,39303722.21866595
1729798384,459312607,543.36,1732170755.6144578,39185593.92259171
1641734299,435619588,501.36,1731629219.9461079,39686236.932798706
1755171369,455402836,477.07,1731769351.7857144,39609364.86582358
1648327116,415453831,464.62,1731275610.745562,40007167.09082809
1725940740,434820259,501.54,1731244229.1529412,39891411.51692728
1720354267,442514922,494.73,1731180545.1637428,39783265.08623806
1751609154,488374100,476.09,1731299316.1453488,39697841.35882707
1692898479,454773846,524.0,1731077345.9884393,39689845.320029445
1671573326,438632230,505.55,1730735368.862069,39830422.18756783
1658709605,445421705,509.08,1730323793.0685713,40085804.19224617
1785200786,461204971,485.38,1730635594.1647727,40184017.11551118
1728444613,474183887,565.4,1730623215.740113,40070678.66029877
1725981434,444375645,520.02,1730597138.3146067,39959468.16691791
1728415677,447031566,469.99,1730584951.3798883,39848024.93361575
1732812540,459571121,542.54,1730597326.8722222,39737526.75664094
1727829426,464990795,550.55,1730582034.60221,39628133.65548032
1743700548,453420199,529.85,1730654114.3461537,39531011.241189286
1767602723,461449663,480.57,1730856019.3114755,39516842.520363435
1732106624,460545963,552.4,1730862816.076087,39409420.75497273
1695990333,450210817,534.45,1730674316.1675675,39385850.55003121
1664342977,443335145,522.02,1730317696.064516,39578189.783988
1750862702,459559412,477.59,1730427562.4064171,39500653.07032277
1755531808,449895958,529.04,1730561095.6276596,39437755.211007915
1711678523,463659954,554.95,1730461187.8359787,39357131.20652105
1759942710,453294300,479.09,1730616353.7421052,39311342.9083227
1714687431,455628241,547.33,1730532956.2408378,39225146.97104788
1703741743,436972834,519.78,1730393418.671875,39170364.56249678
1727779064,443022098,519.09,1730379872.792746,39069206.01703721
1743689338,448667405,474.17,1730448478.2835052,38980035.89669222
1643350502,467931355,536.59,1730001821.9948719,39374541.76366885
1765588641,471067430,561.26,1730183387.3979592,39355723.04128472
1709599658,468773556,556.88,1730078901.4619288,39282953.42583839
1758260570,461083579,477.99,1730221233.121212,39234520.847846046
1647869155,414954174,468.32,1729807403.5829146,39566661.20022271
1766991118,441008014,510.71,1729993322.155,39554666.633841746
1747203579,460883652,475.13,1730078945.323383,39474725.829794206
1732469430,452164054,537.74,1730090779.4059405,39377252.31493872
1737068271,432971501,502.23,1730125151.2857144,39283181.92230852
1731193988,431878076,514.82,1730130390.6813726,39186852.433647834
1658789919,442038191,451.0,1729782388.380488,39405890.02633463
1648176069,439594975,514.6,1729386241.1990292,39717217.528273724
1750765990,437799676,513.7,1729489525.009662,39648887.948757544
1805691797,475148289,555.51,1729855882.0865386,39903126.223351
1712625726,456664387,465.61,1729773441.1483254,39825302.12940977
1739107482,462731481,548.86,1729817888.9619048,39735562.79227511
1717799098,451568470,544.85,1729760927.8672986,39649883.985932186
1787294484,471988809,485.97,1730032312.5660377,39752204.32212018
1721779140,465123039,545.03,1729993565.2769954,39662792.11821251
1727660508,475230083,573.26,1729982663.140187,39570333.42317935
1715004417,445491476,531.42,1729912996.8790698,39491354.358187646
1761929868,454117691,479.09,1730061223.1342592,39459734.17318113
1712742323,474307108,571.66,1729981412.534562,39386178.317301236
1706871261,467305148,573.64,1729875402.6651375,39326756.620440476
1655778875,446518983,514.56,1729537062.3561645,39553597.58731515
1741749637,453786656,473.6,1729592574.0590909,39472150.137116484
1729597341,443448354,529.82,1729592595.6289592,39382745.380046465
1734142500,430804991,501.23,1729613090.6936936,39295126.60452513
1747615249,466861174,475.24,1729693817.8609865,39225367.74475522
1704553283,434514484,507.84,1729581583.330357,39173583.35240447
1730774195,439080037,506.54,1729586883.8266666,39086514.50983766
1680797594,425260253,477.5,1729371002.0132744,39134150.70406148
1780911038,469591939,484.11,1729598050.629956,39196755.96887767
1740756605,464130459,557.27,1729646991.6578948,39117654.07975218
1767189757,445842082,527.84,1729810933.8646288,39110571.09392309
1721839287,454099196,539.49,1729776274.5304348,39028979.83983605
1779777118,457637028,483.79,1729992728.3982685,39082516.37759329
1754982880,456796189,542.02,1730100444.5689654,39032544.37850777
1735737892,439377182,505.66,1730124639.6223176,38950436.93432625
1736321909,451210828,472.05,1730151123.6794872,38869222.726087205
1777073445,457584310,483.21,1730350793.1319149,38906510.44962327
1739378692,432236753,492.97,1730389046.940678,38828422.454806045
1753736172,447287828,534.92,1730487558.0168777,38775962.38829065
1662457829,439561755,452.0,1730201718.8193278,38943825.89239755
1717623429,463474876,548.85,1730149089.9916317,38870748.5009535
1731127127,442720217,520.22,1730153165.1458333,38789734.404842034
1704600728,441446647,504.5,1730047138.4356847,38744008.05772168
1688888811,444140208,459.13,1729877062.7024794,38753920.8645741
1655726549,455622086,527.63,1729571916.5555556,38964336.15068182
1719041894,466094510,554.6,1729528760.7254097,38890228.20800986
1696950225,449548141,461.29,1729395787.110204,38866322.04194391
1745651575,452861083,474.58,1729461867.5487804,38801033.46897084
1737790889,454601254,546.85,1729495588.2834008,38726020.94741362
1727115613,444920811,535.23,1729485991.608871,38648159.72083205
1755000441,452816764,477.1,1729588459.2771084,38604215.319789946
1712599711,431082107,508.77,1729520504.284,38541849.34698751
1715419966,456952516,551.07,1729464326.8406374,38475250.534103915
1646589181,437305288,518.08,1729135457.2142856,38750709.44046111
1770446191,457453997,481.24,1729298740.7470355,38760817.02202649
1725448992,466636990,562.56,1729283584.2559056,38685192.13940555
1703464960,473274893,580.32,1729182334.7490196,38642970.40883554
1754008735,457719748,510.57,1729279312.875,38598500.661369815
1759119425,453935485,478.3,1729395422.2607005,38568101.193252936
1720325014,424350194,482.34,1729360265.639535,38497410.05292008
1656936618,446575843,508.34,1729080637.6563706,38684646.366251536
1738351180,453329271,472.67,1729116293.5884616,38614445.05056161
1746062626,481574479,580.16,1729181222.065134,38554617.33652
1741348927,455449166,529.06,1729227663.687023,38488283.19501044
1750203504,477162206,573.44,1729307419.7338402,38436727.62721622
1761752831,455658809,478.94,1729430319.0189395,38415599.699187905
1719789853,427497731,485.4,1729393939.9018867,38347604.73880492
1712532497,454238969,542.24,1729330551.018797,38289362.201179996
1700822009,426965628,490.46,1729223777.4531834,38257246.3370299
1771646629,460466926,481.58,1729382071.675373,38273304.99761719
1728457046,448429755,535.45,1729378632.9182155,38202140.265353166
1710513252,441274402,521.09,1729308761.137037,38148546.47728923
1752216800,466581561,476.33,1729393292.6457565,38103421.76683673
1732191756,443007386,531.9,1729403581.1139705,38033691.3312209
1804484429,451064824,520.11,1729678602.5347986,38233965.53119082
1994331186,494864033,565.91,1730644487.8759124,41366557.36561864
1747698037,457298356,475.16,1730706500.7818182,41304034.26068418
1718546594,426402186,497.45,1730662443.1485507,41235613.22692562
1731225399,439953702,512.63,1730664475.4801445,41161127.26099063
1633895386,421788155,490.91,1730316385.2302158,41493460.01951911
1742069904,460128146,473.7,1730358512.5376344,41424987.62998069
1713879306,442782967,532.0,1730299658.2285714,41362632.06670564
1700886823,449065163,521.21,1730194986.2170818,41326100.469812974
1763975051,460182269,479.59,1730314773.680851,41301603.67037412
1721823693,438317937,503.81,1730284769.8621907,41231646.694484465
1722408063,446304813,520.08,1730257034.9788733,41161636.17407842
1719663319,436820795,502.27,1730219864.045614,41094133.961270735
1677849277,448721039,456.23,1730036750.104895,41138539.80229475
1776637626,441628691,499.09,1730199122.4947736,41158510.606291175
1877205415,489690484,548.77,1730709561.0104167,41987118.23044262
1709128883,468579740,552.79,1730634887.384083,41933566.10177661
1747701917,453944860,475.2,1730693739.2103448,41873158.43615205
1763000811,446981161,491.09,1730804760.0756013,41843882.87375127
1719519317,423377667,492.57,1730766111.2979453,41777373.5394231
1753629228,451190986,476.86,1730844142.4129694,41727329.93095112
1719981832,443014675,505.63,1730807195.7789116,41661105.083361655
1736898311,466334404,526.13,1730827843.6271186,41591939.9332262
1727342456,475005627,528.47,1730816068.6689188,41522116.37042837
1834817570,512778819,498.88,1731166242.074074,41887672.20153391
1728600971,472161275,571.45,1731157633.7818792,41817594.9619873
1710102849,465533019,561.64,1731087216.4414716,41765301.1379881
1723554223,463076670,551.27,1731062106.4633334,41697894.839019984
1669478823,438776354,453.86,1730857510.8372092,41779130.976613835
1720817257,459449021,552.31,1730824264.963576,41713890.846038006
1714149400,458094492,556.86,1730769232.4059405,41655979.00003134
1765363974,459297723,480.0,1730883030.8980262,41634559.00242392
1705842507,444067538,525.33,1730800930.819672,41590890.75153296
1721357448,457788724,536.93,1730770069.764706,41526373.89176685
1649641832,453061345,529.0,1730505808.4039087,41715607.21747809
1805273186,468971109,490.69,1730748559.6298702,41864458.15108891
1717715204,490167577,585.53,1730706380.485437,41803215.92894977
1764772531,445528204,516.71,1730816271.2935483,41780416.67409132
1701350180,435688442,521.06,1730721525.0192926,41746534.83690928
1681774150,447738666,457.17,1730564642.4070513,41771302.820782125
1697457727,484541399,572.8,1730458869.5143769,41746350.635758236
1725666552,446240657,523.5,1730443607.3566878,41680697.1573984
1672702714,447275968,454.7,1730260302.9333334,41741057.72421317
1724614497,442581435,522.64,1730242436.4588609,41676165.77207626
1717850667,444475058,521.72,1730203345.70347,41616180.51167467
1716832641,464915104,553.99,1730161299.462264,41557438.00543168
1766676292,459226073,480.18,1730275766.523511,41542429.5980174
1726741267,433131596,505.25,1730264721.2125,41477937.90078059
1751258273,445792620,543.96,1730330121.6853583,41429801.8545774
1718657431,450144231,520.85,1730293871.0931678,41370518.32306177
1759953110,458008695,478.41,1730385695.362229,41339278.77561579
1648855035,429249985,485.53,1730134057.521605,41522456.01683326
1713526045,440047429,539.06,1730082955.9446154,41468728.82892767
1776062924,469003949,482.95,1730223998.7914112,41483077.34982255
1722774824,417420477,476.6,1730201218.440367,41421641.16965484
1734201264,435231038,520.29,1730213413.7012196,41359038.162822165
1733023518,432492616,495.56,1730221955.0516717,41296424.371343926
1776768639,466956202,483.28,1730363005.6090908,41313101.35648852
1634858079,426982624,499.24,1730074471.0876133,41582317.73127663
1720855832,446617849,532.54,1730046704.1024096,41522719.69502277
1809004766,466903305,550.47,1730283815.3993993,41684820.87318661
1690489038,447287064,459.56,1730164669.3592815,41679119.6842913
1633062065,441550223,507.78,1729874810.838806,41952657.81179768
1743138942,439099685,521.23,1729914287.419643,41896412.620843045
1644327512,435457087,447.2,1729660320.7270029,42092427.44836399
1644886887,430433337,492.25,1729409511.7514794,42281550.95425525
1738151322,453113917,528.85,1729435298.8023598,42221804.475083075
1705098831,422886481,487.54,1729363720.9558823,42180261.058410905
1763819869,460201819,479.45,1729464765.3782992,42159557.56713174
1737889803,430187768,499.17,1729489399.991228,42100333.44497082
1712727769,431440204,498.08,1729440532.2623906,42048630.57238509
1730734071,439600585,504.47,1729444292.5494187,41987526.65008189
1752232746,452471278,476.38,1729510346.037681,41944526.23443087
1740900338,426824812,506.13,1729543265.0895953,41888331.76354701
1712822286,413488251,473.79,1729495077.829971,41837533.110101104
1745491112,459120021,474.54,1729541043.4454024,41786152.08697222
1713200126,460371699,546.88,1729494221.3323781,41735384.60912737
1732739401,431699085,500.41,1729503493.2742858,41676079.94105461
1728210352,456910911,547.75,1729499809.1111112,41616727.03612005
1701581784,456075208,462.72,1729420496.5397727,41584126.91134551
1724107811,455050615,524.82,1729405446.4390936,41526144.11601202
1747292116,443962987,526.06,1729455973.7542372,41478314.970158905
1746381398,444606975,518.87,1729503651.0056338,41429566.22505118
1743270897,453000928,473.92,1729542323.0449438,41377753.63732508
1715950355,413436407,471.63,1729504250.3053222,41326004.88637799
1726864992,427346852,497.5,1729496878.075419,41268481.72191927
1659433027,440556626,451.14,1729301714.1448467,41376073.45656924
1742349907,428128430,495.33,1729337959.125,41324273.423626766
1658544681,417135062,477.61,1729141855.8614957,41434399.37686396
1635070804,413605540,461.34,1728881991.077348,41670674.43725593
1755228137,459432530,477.12,1728954569.9917355,41636143.18938924
1719231325,430338806,498.61,1728927857.7802198,41582025.983811595
1743979071,435220136,503.28,1728969093.9808218,41532477.35536022
1742874685,428169561,500.72,1729007087.3989072,41482051.34330847
1786724823,471284560,485.73,1729164356.4332426,41534616.18584379
1717946840,455546252,532.14,1729133874.0516305,41482255.3781898
1739880719,425971628,506.97,1729162998.292683,41429775.56122788
1722472348,457781571,468.33,1729144915.454054,41375209.63096107
1745709819,420210594,476.02,1729189564.7897575,41328335.11260693
1651863013,452212765,514.12,1728981697.7150538,41466495.350253776
1715831613,448468924,535.42,1728946442.7962468,41416455.17322504
1703708360,453087446,463.44,1728878961.2914438,41381576.63354651
1725442323,457860087,557.31,1728869796.9226665,41326744.39497111
1792082363,443446070,509.83,1729037915.4494681,41399957.188676775
1719899100,485679728,575.4,1729013674.5596817,41347685.50991532
1775351450,466950850,482.53,1729136261.2671957,41361499.38361446
1673943407,439174317,494.19,1728990633.6833773,41403817.59311804
1719715398,447555850,523.82,1728966225.168421,41352033.291158214
1767052145,453871672,480.29,1729066188.2125983,41343677.68758152
1775899667,463142845,482.95,1729188788.9424083,41358818.478892855
1736988111,438655405,514.44,1729209152.7075717,41306707.46971189
1716456882,426462830,500.32,1729175943.6692708,41258006.808751285
1753509449,456797432,476.89,1729239147.5792208,41223000.194163844
1735477853,420730726,486.95,1729255310.0284975,41170789.309088014
1736946005,446723486,523.18,1729275182.625323,41119416.32556765
1657990210,420184506,476.61,1729091458.469072,41225133.928076014
1752390159,457298120,476.36,1729151352.3007712,41189010.71851941
1722480495,427766246,496.58,1729134247.5384614,41137553.72038809
1733916734,443429564,531.23,1729146478.9616368,41085624.54672676
1679768037,441716244,456.65,1729020513.5484693,41108715.10624276
1755664804,460144601,477.26,1729088310.7251909,41078317.900993265
1721534557,433243242,513.2,1729069138.7614212,41027915.39439043
1724227552,430675355,490.41,1729056881.5797467,40976670.70796976
1676319939,444598612,455.83,1728923707.4823232,41010399.67668889
1739598305,441060571,525.7,1728950595.6372795,40962211.532797016
1651824105,427020069,492.84,1728756810.4849246,41092521.86951256
1730672738,442992736,523.68,1728761612.3082707,41041106.97738247
1687390701,445394749,458.83,1728658185.03,41041804.472128555
1715015214,458862725,542.81,1728624162.658354,40996245.562047616
1779038812,452772894,527.3,1728749572.233831,41022165.66869177
1731604535,448145296,527.85,1728756656.5086849,40971484.27952633
1762856578,460949520,479.67,1728841062.2549505,40955811.84399782
1648388437,433742321,496.88,1728642413.797531,41099625.02415518
1653377160,429072391,490.23,1728457031.3990147,41218164.975181185
1687913797,449565150,458.87,1728357416.5724816,41216399.83527884
1715231293,453568732,543.09,1728325244.7009804,41170974.81689594
1632834766,439110648,509.26,1728091771.6479218,41390152.65513003
1655620680,439095409,509.61,1727915012.887805,41493915.116105676
1679485668,445048652,456.76,1727797179.9318736,41512028.6104567
1730837194,447435144,521.61,1727804558.606796,41461889.17727737
1711553538,432539993,518.86,1727765209.88862,41419364.0869075
1721808182,429338749,515.37,1727750820.932367,41370343.91943491
1709340275,464687472,464.72,1727706458.1710844,41330328.10564688
1731728631,455629529,502.4,1727716126.8557692,41281092.23993383
1756941486,478295858,529.09,1727786211.6498802,41256336.22426699
1773802262,464010364,482.1,1727896297.8947368,41268231.3590467
1738334853,448094537,530.61,1727921210.914081,41222102.759530656
1664171823,450442090,527.71,1727769426.6571429,41290059.4527042
1753435040,480733962,579.5,1727830390.1092637,41259912.59517464
1794927265,461157605,487.8,1727989387.4431279,41339923.254406594
1720889151,437749248,511.85,1727972602.0141845,41292468.9225681
1728646424,427771228,494.32,1727974191.2169812,41243759.179629356
1834983807,480573604,572.61,1728225978.5482352,41520181.537112236
1810521820,474576442,492.3,1728419161.274648,41662207.2977158
1676367739,456712745,536.37,1728297260.9882903,41689384.46150013
1814227584,477079543,551.36,1728498032.771028,41846816.997091405
1795849870,468058400,488.33,1728655030.060606,41924021.17638448
1668018308,454743215,524.91,1728514014.427907,41976980.54033687
1724967544,429396147,513.14,1728505785.9582367,41928602.258334585
1802774155,494106135,587.33,1728677703.4791667,42031853.43704921
1803356201,466410401,490.3,1728850171.1408775,42136047.5049749
1747194313,453192018,527.96,1728892438.748848,42096664.7756802
1726524424,458839327,557.91,1728886995.0367815,42048402.89709598
1751406075,461451269,544.99,1728938644.3027523,42013966.847208686
1765167990,465093710,481.77,1729021548.9839816,42001557.36382597
1746631091,453385581,553.85,1729061753.4178083,41962000.55191168
1731411239,458169280,555.53,1729067105.3211844,41914330.25036633
1770274492,460744489,481.24,1729160758.4727273,41912632.446530744
1726145335,470201703,576.0,1729153920.7777777,41865331.176522695
1736505471,478825447,587.48,1729170553.244344,41819404.03935845
1711876066,450673997,541.33,1729131513.7697518,41780239.6692404
1787701871,469600764,486.05,1729263428.9887388,41825420.99284283
1724537627,481162538,580.27,1729252809.2089887,41778998.98551072
1736457876,431410339,507.16,1729268964.0672646,41733526.6797996
1743818891,463098112,560.59,1729301514.2393737,41692486.135866836
1802340240,470106635,489.94,1729464547.109375,41788329.48709701
1763161356,455314642,533.43,1729539595.6815145,41771982.427893564
1717432301,451279230,533.65,1729512690.5822222,41729437.90395178
1741534663,454765569,473.53,1729539346.8403547,41686984.30500189
1726813403,433160680,501.21,1729533315.9911504,41641041.81278809
1721025856,468477644,557.67,1729514535.7262692,41596971.29018922
1657580168,421100746,483.49,1729356089.982379,41687760.29870441
1759744480,459265390,478.29,1729422877.6527472,41666233.02878186
1720357615,441931145,523.96,1729402997.6907895,41622681.49351071
1727846082,469061307,558.42,1729399590.8730853,41577181.16243602
1732112847,474540318,574.5,1729405515.0131004,41531959.5114789
1766668084,459535061,480.25,1729486697.08061,41523055.79651695
1722226442,441075793,522.85,1729470913.9173913,41479275.79407596
1709265354,441311641,535.89,1729427084.0694144,41444925.33558845
1776291623,463977620,482.89,1729528522.465368,41457297.11315547
1642384142,413967495,467.47,1729340305.660907,41609638.11407747
1634713485,431615534,484.6,1729136368.5474138,41795776.469838336
1726645941,426719313,498.63,1729131012.7892473,41750969.97762637
1678690000,441226042,456.37,1729022770.2725322,41771413.53276625
1708710011,429397570,509.13,1728979274.0,41737229.52344673
1737310383,437105088,509.72,1728997075.5149572,41694389.35137099
1716103226,439894876,524.01,1728969583.2985075,41654161.510305755
1749496220,457781984,475.67,1729013256.993617,41620573.05316214
1710267190,463728845,554.34,1728973456.4267516,41585319.05845737
1720461113,449074987,531.46,1728955421.8008475,41543087.26572474
1762285459,459150245,479.1,1729025886.9957716,41527377.19375091
1724549823,455890089,540.42,1729016443.822785,41484057.1951268
1716033152,433718590,519.33,1728989110.576842,41444639.28612902
1732941915,462627602,563.49,1728997414.787815,41401477.703645244
1748096326,450777795,475.44,1729037454.4339623,41367281.78718184
1745953469,450895569,536.13,1729072843.585774,41331215.423282914
1717295719,446932793,524.56,1729048256.6868477,41291548.80193052
1714389861,467297861,565.67,1729017718.3625,41253928.85584427
1760891171,456520923,478.72,1729083983.3367984,41236587.18469213
1727591724,448806708,534.41,1729080887.3630705,41193844.39190489
1723396245,449380628,543.87,1729069117.9171844,41151989.79267117
1745316258,453439412,474.51,1729102686.3884296,41116074.59554928
1725880023,449593444,536.15,1729096041.7216494,41073925.1517907
1718065590,422051803,486.88,1729073345.3189301,41034690.590685934
1731172685,416147635,475.17,1729077656.0780287,40992649.024686895
1668805191,442871891,453.71,1728954146.9282787,41041232.723070204
1698787089,450573254,535.27,1728892455.603272,41021890.2272359
1654663239,428639689,495.88,1728740967.4061224,41116701.02105993
1661584252,437254915,502.5,1728604192.0183299,41186243.31455099
1761076000,455912273,478.85,1728670191.628049,41170348.93403642
1715303020,466723877,553.7,1728643077.689655,41132969.7904613
1720647530,440045422,531.19,1728626892.3704453,41092887.59143115
1787863942,473376203,486.15,1728746563.1777778,41137436.363817886
1712535606,428956242,509.57,1728713879.796371,41102378.99392716
1723646219,432740124,494.94,1728703683.2957747,41061635.63525051
1780623314,490579452,576.32,1728807939.5823293,41086181.87528884
1659902165,437439428,451.17,1728669851.8577154,41160507.77120289
1627956690,450931543,534.54,1728468425.534,41364776.495977335
1728086453,434170169,504.51,1728467663.1137724,41323477.18008782
1760300988,461537439,547.75,1728531076.1115537,41306691.2095911
1659057044,444472554,451.0,1728392956.7634194,41381484.22998394
1637936906,440451134,508.36,1728213480.4722223,41535913.00014049
1641593817,433475043,493.04,1728041956.3861387,41673057.31201909
1693283672,448958398,460.23,1727973264.124506,41660466.993106745
1629907472,435873195,491.65,1727779840.4714005,41846171.60264565
1644287054,453188961,537.61,1727615484.5925198,41968447.00378611
1727687399,420584291,480.02,1727615625.8781924,41927200.48378926
1750311973,448941891,475.64,1727660128.5196078,41898106.92510582
1712008043,443580320,508.74,1727629498.215264,41862806.02479673
1737121150,434608138,513.59,1727648036.5976562,41824003.91632688
1718899152,451547994,525.71,1727630982.2417154,41785001.86113981
1751034345,457391206,476.15,1727676514.0758755,41757071.79337308
1697265599,476767914,572.59,1727617463.7553399,41737987.46983475
1716878842,447111434,520.28,1727596652.4728682,41700198.619682856
1772975372,464015510,481.95,1727684425.6247582,41707534.551904306
1706479849,410269993,464.44,1727643490.1486487,41677651.54637976
1731053705,467645223,539.77,1727650060.8901734,41637748.867481455
1733881290,450248317,534.33,1727662044.023077,41598589.089576304
1719849437,459729140,467.6,1727647048.6161227,41560054.80780018
1732110325,440778384,515.88,1727655598.954023,41520685.92502649
1740070760,436584134,516.29,1727679337.3116634,41484517.67834734
1741646522,452223269,534.58,1727705992.2442749,41449396.933370754
1706866012,453824789,464.17,1727666297.0438094,41419870.79483225
1727840288,437463954,508.1,1727666627.825095,41380480.25719138
1712281865,433026024,501.13,1727637434.7267551,41346622.511321835
1665096351,445025666,452.72,1727518985.7045455,41396851.59452607
1746414777,450925926,474.79,1727554705.536862,41365849.36036632
1709136873,428205656,505.78,1727519954.909434,41334534.75211716
1714176775,441135759,525.45,1727494826.5103579,41299646.825928584
1733448693,456951592,471.25,1727506017.9887218,41261619.04105807
1720313118,450550682,525.13,1727492522.8667917,41224069.05174021
1742161122,470871109,557.0,1727519992.153558,41190333.925259575
1702721178,460345328,561.84,1727473639.2299066,41165758.36001059
1751072837,462060144,476.01,1727517667.5839553,41139945.9509574
1692103083,437931218,474.84,1727451718.6368716,41129972.01661611
1648111129,436336114,476.95,1727304245.4219332,41233591.70616827
1695717036,456087950,461.0,1727245642.064935,41217743.63507545
1765643611,464220610,480.11,1727316749.4148147,41212638.79425361
1743866071,469607740,573.07,1727347339.6580408,41180667.62494074
1727635434,429782207,504.6,1727347871.197417,41142662.39769689
1777982709,454332255,483.25,1727441121.359116,41162049.69113522
1713840140,450673102,517.7,1727416119.5551472,41128326.13109237
1659981252,446241537,511.99,1727292385.853211,41191796.81014544
1702092086,424399774,481.89,1727246231.4578755,41168160.90403535
1659922109,448455703,451.4,1727123152.6234004,41230936.34325479
1760801338,426680441,497.2,1727184609.1660583,41218368.57439145
1736410061,444930608,525.08,1727201413.2677596,41182690.74836319
1717194879,462638334,537.24,1727183219.5690908,41147443.18039994
1768480271,461283100,480.73,1727258168.845735,41147646.9355011
1717120736,439120899,511.61,1727239803.9311595,41112618.765293956
1680819690,451902264,515.52,1727155861.59132,41122748.97328165
1695199048,450392782,460.83,1727098177.8122745,41108004.73908448
1717650681,461546915,548.32,1727081155.2954955,41072908.06275695
1721265479,467165865,553.15,1727070695.4460433,41036695.22437715
1742488648,433140931,503.36,1727098375.7917414,41005036.33805495
1682774315,443211043,457.5,1727018941.9910395,41011147.74073507
1742830766,424303624,479.92,1727047227.9016101,40979896.28628032
1769482971,439133919,506.07,1727123006.0142858,40982472.04788896
1745981743,443546939,527.08,1727156622.3012478,40953656.39778948
1672690244,443736140,454.73,1727059707.0373666,40981542.89505243
1782122951,433518343,500.04,1727157510.312611,41010724.882841095
1817432819,442692568,509.9,1727317572.9166667,41149988.82648666
1711436118,455360901,465.26,1727289464.1469026,41118975.779206045
1759236024,444559938,515.53,1727345906.8321555,41104536.325443275
1731945692,443270007,525.72,1727354019.3280423,41068726.45240744
1763917179,437325062,501.76,1727418391.0880282,41061178.09444059
1778489816,456151510,483.6,1727508147.546573,41080812.45070777
1736742166,444488977,523.64,1727524347.5789473,41046579.88982716
1733455699,435830930,507.92,1727534735.2346761,41011371.28389819
1809963492,473184074,557.94,1727678841.4527972,41119944.8299918
1727807268,450862145,469.74,1727679065.582897,41084048.23279523
1730512359,434501230,507.72,1727684001.6341465,41048415.18847932
1734035521,461864433,550.4,1727695047.7547827,41013559.22562457
1689538639,448344233,459.27,1727628803.9895833,41008717.88896105
1640745177,434053047,505.1,1727478225.779896,41132231.47540017
1637364391,446877618,516.07,1727322319.4913495,41266916.27284785
1714417407,447501821,537.15,1727300031.2141623,41234746.318958245
1682493549,446649041,457.38,1727222778.6586206,41241098.33821803
1724196564,422080722,485.0,1727217570.0275388,41205782.51065848
1767302194,437049570,501.58,1727286443.95189,41203824.72215166
1739819785,427620003,487.2,1727307941.9639795,41171738.48638639
1693797286,448047621,460.51,1727250560.703767,41159798.978195004
1743476838,466702668,563.84,1727278297.9299145,41130066.951043196
1913551506,494485689,582.3,1727596170.2986348,41807961.44738597
1773086781,460636184,482.4,1727673667.080068,41814439.10668124
1737102792,440740678,522.41,1727689703.0068028,41780673.948029846
1727189464,428252965,506.32,1727688853.7045841,41745196.496002726
1735548273,434682634,503.91,1727702174.7542372,41711057.11094705
1676237956,446190148,455.62,1727615094.857868,41729394.393230475
1717717692,463391794,561.24,1727598376.2719595,41696116.01590081
1660282687,430696752,497.54,1727484859.089376,41752399.66031728
1724272107,449902539,534.24,1727479450.415825,41717447.655381374
1688205293,448460529,458.96,1727413443.4285715,41713409.12042088
1658287689,447960710,514.62,1727297460.6191275,41774309.931934685
1747429639,466743127,544.12,1727331182.8609715,41747426.64506543
1761568668,459670996,478.91,1727388436.180602,41735956.94722121
1749398120,450175124,540.38,1727425180.227045,41710783.73979472
1831506473,469597060,556.37,1727598649.0483334,41891700.834387235
1725709061,439966590,522.72,1727595504.9750416,41856905.51035688
1762643202,458772308,479.18,1727653723.7408638,41846472.76946342
1744414619,440375323,510.42,1727681519.5870647,41817321.39386549
1703019435,461157760,557.39,1727640688.321192,41794718.63860521
1738841956,470066553,575.28,1727659202.8132231,41762642.14363062
1761217822,464834462,478.77,1727714580.0726073,41750395.37018816
1711517246,444743756,521.84,1727687895.8319604,41721161.9990239
1731182748,437580714,513.83,1727693643.944079,41687078.26548281
1779761414,462811713,483.85,1727779141.1034484,41706153.98342222
1652045538,437648953,511.52,1727654987.6557376,41784434.579830706
1756721297,438548824,510.72,1727702559.3567922,41766756.31736236
1804987498,485176456,583.14,1727828841.9362745,41849197.117692746
1775924094,459232993,482.76,1727907300.7487764,41860071.86624551
1729016569,451939130,533.74,1727909107.3745928,41825993.88681827
1735790442,460240514,548.14,1727921922.5528455,41793181.57154866
1753989125,436577665,514.77,1727964239.439935,41772428.882307574
1707379585,448325140,464.05,1727930876.9529984,41746776.64194333
1761388903,446462689,515.8,1727985016.1537216,41734659.046728104
1745205291,453242572,517.97,1728012835.6607432,41706668.3812056
1803776943,474396380,490.41,1728135035.833871,41783777.752189964
1777995451,441462539,507.32,1728215326.357488,41797961.050465286
1727111140,465393537,561.93,1728213551.1382637,41764371.31709475
1739587078,447513493,523.38,1728231807.200642,41733322.82973592
1782580414,461063356,484.64,1728318904.3269231,41756497.910804026
1748747074,434425246,502.07,1728351589.3984,41731067.293547034
1852155867,468811749,547.45,1728549359.809904,41989829.32995013
1747696981,465052257,554.53,1728579898.2807016,41963287.98979339
1699688766,452919953,462.13,1728533893.2929935,41945685.71165531
1790147582,465611568,552.29,1728631848.2829888,41984153.20236737
1731471462,435418347,506.19,1728636355.6063492,41950971.5187727
1813258759,474416972,492.96,1728770464.0110936,42052652.261084996
1648413223,422047232,471.54,1728643316.477848,42140579.95515919
1764156421,441438720,520.35,1728699419.328594,42130894.858658694
1795585026,477410613,568.05,1728804917.130915,42181248.82421169
1790874229,466124559,486.87,1728902664.0787401,42219821.20971948
1725438600,449491673,530.01,1728897217.4371068,42186839.73655522
1673365590,420095162,476.84,1728810040.6279435,42211005.59653577
1769816970,453760874,540.16,1728874314.8119123,42209096.2690914
1765533314,460808357,479.95,1728931684.137715,42200941.93316987
1739039303,436472807,498.7,1728947477.2921875,42169849.36053559
1725786192,435513338,506.53,1728942545.4898596,42137127.43611375
1686700130,442221250,458.64,1728876747.334891,42137240.268225886
1718459318,448881673,532.14,1728860546.0451012,42106462.47712816
1717041427,443553611,536.78,1728842193.3757763,42076332.105546586
1736725818,451401935,527.61,1728854416.0496125,42044846.28768602
1708487831,452889114,464.38,1728822888.8281734,42019920.54433641
1746723854,438487720,499.93,1728850556.4714065,41993323.49313449
1733407189,464608419,562.96,1728857588.3117285,41961289.93783092
1761457273,441578871,521.22,1728907818.9506934,41948442.32289053
1697743086,452014065,461.45,1728859873.2076924,41933954.54037514
1739966680,439552861,517.87,1728876934.3548386,41903992.47149952
1664022353,439873169,513.05,1728777464.1380367,41948690.36637413
1772002558,457064956,481.65,1728843658.7687595,41950622.508914806
1737960557,416840685,472.8,1728857598.9801223,41920051.48700211
1736704669,458301787,535.85,1728869579.2396946,41889159.653682105
1745982054,462365658,566.21,1728895665.3292682,41862543.680597484
1798306218,472180122,488.85,1729001313.0502284,41918099.70320653
1785678795,465776759,512.57,1729087449.0410335,41944382.56170106
1753718393,452221225,502.87,1729124825.2837632,41923510.650527135
1656810558,443090291,483.98,1729015258.2121212,41986057.22971268
1712509161,449486084,465.49,1728990286.8093798,41959190.248027906
1648025360,431352888,490.82,1728867983.2945619,42045231.67303471
1716931436,428168859,500.1,1728849979.4524887,42016065.00772682
1669048702,441271506,453.64,1728759917.2876506,42048409.96794629
1743654522,424117430,474.21,1728782315.1894736,42020746.507102355
1728776318,442077288,520.06,1728782306.1846848,41989187.54985127
1738084476,424143830,490.82,1728796252.4662669,41959243.214443386
1717419261,457939210,466.86,1728779221.0419161,41930132.02321322
1729645580,447246904,530.03,1728780516.0478325,41898795.756090395
1794128982,440851637,500.63,1728878051.0716417,41943452.10038876
1739695263,440238861,511.35,1728894172.1028316,41914263.21677976
1707069677,458896348,464.18,1728861695.1755953,41891513.519486696
1702448103,485748067,590.89,1728822447.63893,41872741.212270394
1654814606,430646551,506.71,1728712643.7195845,41938519.00387749
1760423456,465903600,478.59,1728759622.7007408,41925186.02107442
1778920640,458411011,483.56,1728833825.3890533,41938498.06408209
1736343441,424364737,493.2,1728844917.8788774,41908505.21720817
1712257276,425749421,498.49,1728820452.3303835,41882425.7906911
1756396711,457155610,477.48,1728861065.3770251,41864931.42634433
1722137187,431666276,492.9,1728851177.3205884,41834930.525978014
1721216370,415393584,483.55,1728839966.1497798,41805225.68008355
1742097887,443228252,526.21,1728859405.9164224,41777645.59013032
1676639925,449702226,455.71,1728782949.8682284,41794770.86515608
1736030552,436284854,500.47,1728793545.7777777,41765125.99006854
1731802309,433062205,513.57,1728797938.1328468,41734787.4594146
1758119242,457775374,494.86,1728840680.558309,41719358.39527063
1693910682,444109312,460.41,1728789836.3100436,41710247.941230655
1746649966,477710363,554.57,1728815795.800872,41685477.692881115
1729506979,446112476,524.41,1728816798.969521,41655224.309784144
1757624753,460792381,477.9,1728858549.6275363,41639452.43270688
1735460183,438642826,515.5,1728868103.366136,41610068.45711333
1742744678,419471322,478.85,1728888156.2196531,41583333.67912327
1727059363,441036139,528.77,1728885517.2683983,41553378.42996492
1759308724,459076436,478.26,1728929354.742075,41539463.134720095
1656022774,423260606,484.4,1728824453.1870503,41601457.11651922
1658319960,428674748,492.7,1728723153.6278737,41657249.49787284
1641740086,427490699,483.76,1728598357.2611191,41757350.54408707
1669642624,445707015,453.87,1728513893.4598854,41786968.20836726
1737831244,429500991,490.2,1728527223.0028613,41758551.94695612
1724408666,438163075,510.17,1728521339.35,41729003.68728758
1675996153,446902398,455.71,1728446410.4108417,41746326.23535399
1731172716,415179318,471.59,1728450294.0370371,41716708.51066168
1717472928,432226854,507.96,1728434679.0071123,41689080.425137654
1744838807,419929802,476.53,1728457980.325284,41664042.05992627
1671257189,442258519,454.28,1728376844.4510639,41690101.8855434
1706065405,460345805,550.5,1728345241.845609,41669015.44615404
1659717422,412790280,464.36,1728248172.7934937,41719338.246346295
1772011374,429367577,488.01,1728309985.2245762,41722249.87898958
1683849988,449287192,457.77,1728247277.1889987,41726190.67909842
1726728071,428117845,487.75,1728245137.4619718,41696834.608910106
1742109287,441801752,522.29,1728264636.9690576,41670740.99817038
1732288778,459810497,471.06,1728270288.852528,41641740.26357336
1734655980,435663978,515.82,1728279244.941094,41613214.44915088
1769254088,448072684,522.04,1728336632.6764705,41612287.64810307
1724480185,415099554,469.23,1728331239.0433567,41583427.71824053
1751625891,463200729,476.32,1728363773.4734638,41563484.24553458
1751376468,449063775,538.04,1728395869.2817295,41543368.022339694
1654185412,414650104,464.58,1728292512.0988858,41606576.8231385
1737112328,430215820,504.38,1728304778.8803895,41578932.35335225
1761556736,461038760,479.0,1728350962.1541667,41568498.23244465
1694362302,444400325,541.77,1728303821.1553397,41558915.94207536
1754470143,438880053,524.36,1728340062.598338,41541525.25600566
1718993757,446112356,467.34,1728327135.4813278,41514239.92185843
1724743866,452769228,535.72,1728322186.2140884,41485773.407914
1646933106,416028567,482.8,1728209925.413793,41567050.7400344
1707401831,448610467,533.24,1728181264.1267219,41545581.66123709
1699703229,453175429,461.95,1728142092.138927,41530412.632618174
1717332473,418235438,475.54,1728127243.760989,41503810.20586831
1631885307,452822549,524.72,1727995224.643347,41628015.70392311
1725612518,463258182,547.78,1727991960.6616437,41599586.94108059
1677441741,450610232,456.07,1727922808.514364,41613088.89947955
1718268074,423124124,506.61,1727909618.9863389,41586183.93462224
1748112123,431868076,513.13,1727937180.383356,41564496.678065404
1733904416,442009261,471.44,1727945310.1321526,41536756.51276192
1678302008,422117886,482.57,1727877768.2244897,41548805.43610547
1713089404,466335369,561.11,1727857675.3383152,41524142.973276466
1726975464,454828887,529.27,1727856478.3080053,41495975.057703994
1756023497,454511368,477.36,1727894645.0,41480794.49312689
1653261722,437994474,514.06,1727793653.2232747,41543411.82758856
1673767026,448731868,520.16,1727720644.2675676,41562746.865756005
1715190466,441487725,516.78,1727703734.4453442,41537239.51480708
1686415766,452238910,458.52,1727648090.2830188,41536867.305282146
1731698217,445195448,521.0,1727653541.3283985,41509171.339584894
1736558764,447795210,533.95,1727665510.7137096,41482549.0617913
1758932438,457032142,478.17,1727707479.7436242,41470502.24791511
1717869455,461576154,559.26,1727694292.0428956,41444260.86139628
1719155375,436123037,518.56,1727682861.0963855,41417687.87737743
1715136455,439602929,510.03,1727666087.826203,41392531.733019724
1773279624,464147727,482.03,1727726987.0734313,41398409.37743847
1646171259,461501306,528.5,1727618246.1026666,41477702.67296319
1766382503,468600808,552.45,1727669862.9560585,41474175.47924181
1722883567,445444201,526.05,1727663498.2007978,41446957.4050656
1780322079,460991477,484.0,1727733429.9150066,41463798.075489014
1708298062,440122330,514.62,1727707653.5649867,41442329.70564676
1713641236,428584507,491.61,1727689022.5483444,41418035.02891858
1679474817,450540634,456.67,1727625247.1441798,41427711.984219074
1718912028,437473910,506.25,1727613736.9471598,41401549.470427
1737469268,460300387,535.72,1727626738.9670184,41375777.22654873
1732450947,444333073,527.3,1727633094.972332,41348881.76586186
1747668276,453807786,475.16,1727659457.0526316,41328051.64306116
1656122038,419749585,477.11,1727565452.5597897,41382114.84448571
1735100510,440842932,523.72,1727575341.0866141,41355851.98620431
1759692178,455467817,538.63,1727617433.9266055,41345072.92940145
1765559160,459291718,479.99,1727667095.8717277,41340771.58067634
1770240392,439489994,517.73,1727722747.2392156,41342369.252263255
1711360163,455127467,537.63,1727701386.1631854,41319598.75181309
1764225305,466762751,479.58,1727749005.3533247,41313681.215425864
1721444530,473096464,563.22,1727740796.4010417,41287401.45749676
1726622516,435706632,507.42,1727739342.2002602,41260567.541108504
1715834334,448921896,533.41,1727723881.1506493,41235995.25757288
1773980469,456983928,482.39,1727783876.7250323,41242859.248908505
1717896760,457240518,543.31,1727771069.5790155,41217672.99690306
1712982103,448160195,526.69,1727751937.6688228,41194433.43577695
1634959964,427407689,496.34,1727632051.3979328,41302529.882672906
1682522938,447092686,457.44,1727573846.0903225,41307626.616706505
1713133191,441400836,520.62,1727555236.9987113,41284252.83179462
1710535472,468821104,564.51,1727533332.5392535,41262189.82683194
1696770834,449463127,461.32,1727493792.0526993,41250390.52993606
1736585505,420117957,472.6,1727505463.0577664,41225190.84214291
1750729906,444138915,485.15,1727535237.9846153,41207136.6681353
1725965365,449633577,490.59,1727533227.9039693,41180785.47330606
1798561929,480481688,488.93,1727624057.4450128,41232653.70197489
1733452233,469920874,568.46,1727631500.8365262,41206841.087400265
1753807220,445309525,508.62,1727664888.2334185,41191148.99703429
1780069052,465441522,560.19,1727731645.1299362,41207320.02417668
1707830061,456734220,464.28,1727706325.048346,41187208.352436185
1774481889,445908926,528.77,1727765760.3265564,41194747.33839492
1742154738,455908529,537.93,1727784020.4505076,41171787.14740066
1784062842,458788670,485.14,1727855349.7553866,41194379.01212498
1736848265,417536557,473.59,1727866733.192405,41169540.08631627
1731405892,451241657,529.39,1727871207.4766119,41143700.321572304
1742421950,468201033,567.78,1727889579.6262627,41120964.09558762
1774007122,464265742,482.43,1727947735.4174023,41127606.09691734
1738838761,453669179,538.98,1727961452.0743072,41103513.91478514
1737189885,458099610,544.88,1727973060.1660378,41078956.77956271
1709513010,465413383,563.27,1727949869.1482413,41058352.48777159
1786335412,466445112,485.57,1728023125.7892096,41084606.65458032
1748132376,445423484,514.83,1728048325.3508773,41065019.104543924
1659674715,462492735,535.44,1727962751.3704631,41110447.76213762
1701543760,456201024,462.44,1727929727.63125,41095348.792453155
1651313623,407667307,449.36,1727834077.0636704,41158699.17914618
1754861907,453386443,542.14,1727867777.5997505,41144087.87751046
1728938528,453695261,539.27,1727869111.03736,41118478.25293266
1785751834,466363972,485.51,1727941104.4738805,41143509.2066946
1742185945,468657375,568.84,1727958799.9279504,41121007.56259407
1734998058,448527757,524.48,1727967533.4987593,41096237.388545096
1730385402,463950299,552.31,1727970529.6183395,41070855.22549245
1756581286,460763007,477.44,1728005938.970297,41057756.16083473
1644134475,470986676,545.99,1727902265.9616811,41138061.05892201
1724898234,455253366,557.01,1727898557.280247,41112794.67763412
1749310813,459130962,475.57,1727924959.568434,41094310.45352563
1757199373,458945304,477.74,1727961011.8017242,41081829.65630335
1734547918,458103077,558.62,1727969113.7773678,41057205.41983648
1743440975,438695489,523.33,1727988120.977887,41035557.20455334
1700788323,460535866,462.38,1727954746.992638,41021426.73224143
1629219118,421342887,491.15,1727833747.447304,41141555.31474603
1725623586,447892848,527.84,1727831042.2313342,41116441.793837234
1725973195,474694938,572.85,1727828771.0244498,41091353.08959088
1752645403,459797654,476.51,1727859072.162393,41075402.53068537
1723218570,449237580,529.62,1727853413.0134146,41050668.38844751
1728102049,461327244,565.35,1727853715.8587089,41025661.2805378
1681920171,447069505,457.19,1727797835.63382,41031950.53700903
1697400813,450357643,461.41,1727760901.219927,41020684.84251837
1730686745,437242854,517.93,1727764452.0012136,40995912.648293406
1717286893,466692805,546.92,1727751751.929697,40972681.005805366
1771515555,460581648,482.11,1727804734.7421308,40976140.779571526
1731344123,475630014,568.18,1727809014.534462,40951544.04451775
1724947232,467013686,554.61,1727805558.2753623,40926928.07250548
1702453650,443288151,543.73,1727774976.9626055,40911700.99155915
1698683436,449144443,461.69,1727739926.913253,40899500.27055719
1730486887,483145677,579.39,1727743232.521059,40874995.19992951
1663513904,461331534,542.97,1727666033.8088942,40910995.62598003
1695832042,477137270,570.37,1727627817.732293,40901288.70502907
1783665531,465699421,484.96,1727695009.235012,40922735.3363781
1712765586,471743943,555.27,1727677129.6862276,40901482.68644322
1753598467,439130775,516.73,1727708136.070574,40886830.85692341
1676986635,445677298,455.84,1727647536.9056153,40899946.87565656
1722755562,464691854,563.11,1727641699.2267303,40875885.1891903
1713083383,455163768,553.63,1727624347.2407627,40854606.11696123
1746657566,456143838,537.79,1727647005.834524,40835555.23195779
1794336491,479790787,490.95,1727726303.6765754,40875931.86675223
1660206786,442250999,509.81,1727646114.2256532,40917787.769931704
1714649074,444596909,527.93,1727630696.6215897,40895958.499618486
1740136677,443675747,525.18,1727645514.1338863,40873988.047079325
1749938174,457391152,475.95,1727671895.9798818,40856984.52976073
1735529654,467366835,547.73,1727681184.109929,40833722.86090426
1734860305,447541217,536.13,1727689660.0495868,40810355.47443158
1760104065,466263584,478.46,1727727884.5837264,40801454.1762734
1674091365,446622795,523.8,1727664708.4711425,40818897.24129674
1747748604,435599589,508.18,1727688336.5835295,40800688.02965559
1708159237,475291484,572.52,1727665388.1703877,40782197.27072037
1766970151,465397631,480.35,1727711520.5211267,40780468.47450345
1707248141,455435796,545.69,1727687530.6271982,40762572.33620514
1709761344,460138266,551.42,1727666539.7763467,40743312.2877632
1716917960,452579652,537.32,1727653968.3380117,40721136.06364363
1763126415,460875726,479.45,1727695408.1121495,40715378.089172445
1630602602,448403170,522.19,1727582114.2893815,40826398.78657937
1723955173,433329603,505.48,1727577887.0850816,40802787.90116143
1733791132,449960950,471.47,1727585120.1990688,40779581.20428924
1732912684,437027044,516.32,1727591315.0406976,40756269.668048754
1746962963,447558588,525.77,1727613814.0511034,40737938.29372929
1733179776,472228867,570.88,1727620271.0835266,40714742.39082002
1767075614,460746754,480.52,1727665989.9049826,40713279.93842706
1652380026,433900017,496.81,1727578853.3726852,40770151.37636916
1725378457,451998238,517.32,1727576309.5618496,40746646.60575818
1705125595,447947204,524.36,1727550384.9491916,40730251.29464854
1758196095,467947141,478.05,1727585731.7889273,40720043.08814956
1748017269,460828305,538.42,1727609270.4262674,40702481.58135936
1707701309,479961522,579.91,1727586361.379747,40684654.59457988
1695001604,451254741,460.82,1727548907.6356323,40676253.04600779
1707890759,463194603,549.83,1727526338.0045924,40658346.28697281
1732831153,439188687,516.28,1727532421.5080276,40635422.96413672
1726328301,449244408,525.35,1727531042.2176404,40612163.28145683
1760649764,458060657,478.72,1727568935.4919908,40604362.101546355
1730650622,431380423,497.66,1727572457.4194286,40581286.54837126
1713038334,438417972,522.9,1727555865.9543378,40561086.39785234
1714650290,446203913,519.92,1727541150.3603194,40540294.569259405
1751138044,451673002,475.96,1727568026.093394,40525017.70209775
1716408083,429349112,507.82,1727555329.9124005,40503706.49911592
1776072909,462085009,546.24,1727610463.525,40513675.323579535
1768841580,461155894,480.93,1727657263.8842225,40514469.84363468
1704310821,431614151,504.37,1727630793.9943311,40499117.53174486
1730676677,420055453,489.52,1727634243.4654586,40476307.9939128
1709740600,431046714,496.23,1727614001.7873304,40457879.087733716
1739165795,458609208,473.06,1727627054.661017,40436877.442465186
1709259881,426759936,484.64,1727606324.2167044,40418756.23456282
1728118997,424324861,488.98,1727606902.201804,40395969.50651717
1727146977,448612402,501.69,1727606384.268018,40373220.56780082
1715017442,451586682,466.29,1727592223.4780653,40352713.545544684
1770024613,446464835,525.19,1727639900.3202248,40355082.239599876
1746352168,471174277,562.69,1727660901.7429855,40337295.98560231
1771160594,462921491,481.33,1727709668.2141256,40340950.601975776
1674047309,443767975,507.74,1727649575.9865623,40358282.759649724
1748675465,441722005,512.98,1727673094.878076,40341827.25058724
1725085481,432804919,507.99,1727670203.6893854,40319376.28975511
1782062044,466514896,484.43,1727730908.8683035,40337773.138924606
1658920098,441908521,516.24,1727654196.7045708,40380622.92526294
1721541120,425129539,497.0,1727647389.2694879,40358648.00559615
1712814733,464067790,546.65,1727630890.208009,40339225.424901985
1684597779,465352869,457.96,1727583075.64,40342290.12168096
1808326505,479241354,510.14,1727672690.9889011,40409427.92502047
1741582662,481006869,522.36,1727688112.2427938,40389674.447126195
1773123628,473010939,482.15,1727738428.4285715,40395579.581535235
1739443339,437466680,506.73,1727751376.3384955,40375105.50524413
1671951711,426172622,489.57,1727689719.2497237,40395352.6795994
1682720439,454900366,530.13,1727640084.2825608,40400656.140256114
1696704951,451714973,461.33,1727605977.1896362,40391427.15228113
1715052585,442260918,517.0,1727592151.8678415,40371326.21917082
1730583585,435149803,501.64,1727595442.7733774,40349235.515793525
1710790483,435638753,500.92,1727576975.7846153,40330902.852192745
1763405589,457505074,479.33,1727616304.6684961,40326217.118805856
1632159885,453864671,515.87,1727511637.5416667,40427723.93917495
1733591212,435709692,510.25,1727518296.4403067,40406078.23704795
1775929670,462853754,482.87,1727571262.9321663,40415668.5365791
1729359840,419752196,476.26,1727573217.6612022,40393620.663492836
1662934035,417302671,477.31,1727502650.867904,40427957.14711372
1714065012,464481004,546.79,1727487996.9541984,40408341.50458665
1780701329,468054455,484.16,1727545963.546841,40424455.62062628
1718523896,457510221,535.63,1727536146.28074,40403550.82964274
1724494030,443880832,526.59,1727532839.6326087,40381710.82423351
1730997533,458135371,547.41,1727536601.514658,40359943.41141547
1757740864,451113656,477.91,1727569361.018438,40350299.94521502
1718025050,461814210,547.54,1727559020.486457,40329658.062026955
1713705854,437142437,496.88,1727544027.8820345,40310402.2368765
1754423017,464072851,477.02,1727573086.2486486,40298288.6006322
1714640937,414613036,470.58,1727559120.6447084,40278762.97064267
1747724168,427297283,498.35,1727580873.6623516,40262473.65720692
1725386077,430894223,496.79,1727578508.5797415,40240839.095017806
1772513727,461210198,481.92,1727626878.0290635,40246157.56982654
1662607186,428334131,489.76,1727556964.3817205,40280918.62072537
1731398479,465336499,548.67,1727561090.6058002,40259476.310970105
1702576394,442675576,528.98,1727534282.9914162,40246185.05169207
1706476798,453906112,464.01,1727511713.339764,40230511.9240942
1754766813,447152833,531.94,1727540894.388651,40218847.664815396
1655422840,430910423,485.46,1727463762.779679,40266392.11137714
1692823942,449604105,460.28,1727426754.4241452,40260783.40977559
1752218364,422259064,478.42,1727453212.91889,40247434.875292644
1733484038,470284831,561.9,1727459642.369936,40226456.74440646
1751692960,449187277,531.29,1727485449.9499466,40212799.840927795
1697772119,449815340,461.48,1727453840.0234044,40203074.77804611
1659028252,445674373,520.69,1727381124.2019129,40243507.91909871
1724570102,480713160,585.92,1727378140.1019108,40222245.738839
1731648153,483138174,578.2,1727382668.2173913,40201153.559664
1700697037,448710203,462.33,1727354399.5402544,40189231.27995236
1739827729,446672723,530.87,1727367598.8306878,40170008.67046834
1715730714,448208621,549.37,1727355297.6839323,40150552.33448345
1675657258,441756740,455.85,1727300706.3009503,40164460.05992739
1730927486,415368764,471.92,1727304532.0179324,40143443.3198277
1714061398,466966898,569.26,1727290577.1875658,40124587.89107037
1629113198,435734788,517.64,1727187232.5778947,40229631.588833414
1688759073,455501259,459.09,1727146824.4185069,40227759.37214244
1728385203,450744045,536.68,1727148125.2363446,40206645.807801805
1718371681,453506861,541.77,1727138915.9559286,40186550.07025431
1774033512,460717229,549.36,1727188071.7169812,40194137.64319773
1770408954,465236655,481.26,1727233329.1853404,40197400.72914564
1728272408,447891246,529.39,1727234416.087866,40176385.52381495
1726019476,444337710,519.36,1727233146.5579937,40155408.42577777
1718928079,455998006,467.4,1727224477.3851774,40135341.03087778
1761282837,455643451,478.92,1727259991.8373306,40129467.8322955
1710321941,460489167,560.97,1727242348.034375,40112283.10278358
1737788361,455038486,544.72,1727253322.0332987,40092849.41924553
1775672961,465947053,482.97,1727303654.2983367,40102371.243216224
1720670597,456352235,542.31,1727296766.3883696,40082113.591786884
1708151002,474148811,563.77,1727276905.6369295,40066059.35658467
1742156827,446263948,533.65,1727292325.2445595,40048156.07636028
1675627452,439702129,455.51,1727238841.9389234,40061887.71984721
1716054152,445159503,533.0,1727227275.558428,40042781.55269681
1639982651,448237916,525.34,1727137146.8140495,40120107.796881594
1766577930,461603512,480.37,1727177849.376677,40119392.02161736
1688465107,444060789,459.03,1727137939.3329897,40117947.41279855
1736093373,459122895,545.75,1727147162.23069,40098312.89324215
1727791617,461242181,547.1,1727147825.25,40077686.20636336
1700390101,448339136,462.45,1727120325.0195272,40066260.452560805
1750316120,465234343,563.26,1727144140.0041068,40052576.81700175
1730181314,467979436,557.94,1727147255.054359,40032149.81057652
1726649617,465656787,567.95,1727146745.1793032,40011639.448765434
1675283481,447354002,455.42,1727093660.9785056,40025529.026291795
1726921913,449381613,530.41,1727093485.3670757,40005061.219978824
1638442368,448979215,513.17,1727002932.6424923,40084780.0204619
1731649967,433609913,473.81,1727007674.5142858,40064598.10395028
1745991098,451418858,474.66,1727027025.6085627,40048754.48505147
1713778943,445815367,516.32,1727013534.6894093,40030588.060075834
1697032452,441542147,528.53,1726983035.113937,40021635.39628365
1690881412,449002790,459.62,1726946346.472561,40017829.74536479
1712105226,438399417,511.13,1726931279.3451777,40000303.36956491
1724762088,438439198,520.64,1726929079.3539553,39980073.71619253
1713406980,451789463,538.19,1726915379.1519756,39962130.860155575
1789140052,464879749,486.32,1726978359.590081,39990880.27516753
1748553714,466574381,561.14,1727000174.9130435,39976538.67525521
1677324273,441834774,516.58,1726949997.2343435,39987491.56664536
1727154001,464441640,561.31,1726950203.0908175,39967311.67558446
1690281657,448110575,459.52,1726913238.830645,39964106.317380115
1733338118,452977109,544.2,1726919709.001007,39944498.16224002
1667654281,455647919,533.17,1726860085.834004,39968584.87517842
1776238659,463089733,483.01,1726909712.5407035,39979123.23611386
1712333982,451856559,532.66,1726895078.2730923,39961714.63308419
1712405959,458676673,549.04,1726880545.555667,39944301.816708446
1657359745,458028453,533.68,1726810885.4348698,39984828.09415841
1662755836,448250710,452.02,1726746766.2662663,40016110.95673406
1706661834,453114466,555.04,1726726681.334,40001135.58469542
1725727775,451855145,530.13,1726725683.4255745,39981162.45847165
1719697838,453307592,546.63,1726718669.6077845,39961822.92661704
1776713442,459900456,483.03,1726768514.8444667,39973048.88989776
1736353406,428909626,498.74,1726778061.5488048,39954281.01985949
1718337778,456524999,548.5,1726769663.2567165,39935284.93312809
1768402534,459520061,480.71,1726811047.8200796,39936986.780341454
1654463148,447710561,518.89,1726739202.8351538,39982142.38107642
1709599609,464445845,559.68,1726722199.2698412,39965947.62832879
1705885298,489322345,591.83,1726701548.2279484,39951518.33639519
1701008824,446424813,462.59,1726676109.8871288,39939910.23948808
1641505987,446527596,511.94,1726591866.4421365,40009830.25901123
1711596215,448933630,535.55,1726577048.604743,39992833.05858961
1648429319,461154131,536.86,1726499903.7581441,40048352.50486599
1756161512,462733996,477.52,1726529155.8372781,40039425.820211485
1732585912,444720867,519.68,1726535123.084729,40020148.21189337
1718902361,451138836,535.79,1726527610.523622,40001164.45845513
1773987020,466053510,482.29,1726574276.609636,40009153.68915189
1637978475,427872770,488.99,1726487247.3349705,40085693.264767766
1669313642,429311196,484.36,1726431139.773307,40105992.39979839
1759567752,454379497,512.05,1726463626.648039,40099739.704287685
1793680529,485162292,487.48,1726529461.0284035,40135209.69686954
1729117588,468800488,524.12,1726531993.44227,40115650.88166752
1734158175,449413412,530.45,1726539448.1652005,40096747.45731075
1708932799,468405110,559.83,1726522254.171875,40080937.14092002
1695904397,445675513,461.06,1726492383.0917072,40072782.77376241
1718904914,470403444,559.78,1726484987.8976607,40053949.13022068
1736840843,446950426,527.96,1726495071.4956183,40035746.80824228
1763703801,461826962,480.03,1726531266.757782,40033077.433374986
1665944174,447932963,525.53,1726472387.1729834,40058128.81911027
1722474327,448744440,540.81,1726468505.561165,40038872.01383935
1709345594,486074738,585.23,1726451897.499515,40022999.20787285
1755780281,452882958,477.34,1726480316.4757752,40014009.666563496
1716092829,437762907,511.45,1726470260.8247821,39995941.66326723
1658207636,431281132,487.54,1726404242.8123791,40032867.48610122
1727668119,434924936,496.48,1726405463.9487922,40013542.5298515
1684306393,445923277,457.81,1726364827.7799227,40015587.36254797
1734049106,418863801,475.43,1726372237.8842816,39996999.92981728
1704062294,450453556,545.92,1726350744.682081,39983719.923923805
1756528170,457946287,479.58,1726379789.3647738,39975427.70397372
1719020969,459761007,557.92,1726372713.5759616,39956855.07600957
1736909671,456942135,545.53,1726382835.5331411,39938992.85081594
1719279331,456300886,546.8,1726376018.350288,39920429.61935632
1802759406,474876261,490.2,1726449252.662512,39971255.71305872
1733056827,453905079,555.96,1726455581.756705,39952630.67643727
1697313252,466543544,559.66,1726427694.3598087,39943674.68963394
1714033553,444110402,531.09,1726415845.2762907,39926413.99681985
1783822649,463450921,485.03,1726470675.0792742,39946721.6900392
1729259612,474231105,572.66,1726473336.278626,39927751.44429418
1712011932,487547511,584.58,1726459550.383222,39911210.850112356
1776664524,466267260,482.98,1726507364.6438096,39922248.51966132
1730602070,472911482,562.15,1726511260.6527116,39903451.198758125
1662179752,457711464,536.98,1726450109.028517,39933721.026186146
1710744821,469247649,566.53,1726435194.2250712,39917686.01649625
1756991072,460726095,477.72,1726464184.621442,39909834.10418311
1629334933,448242378,516.71,1726372118.9800947,40002736.04174797
1648934422,457271331,525.61,1726298787.8276515,40054672.013784066
1750823043,465953586,563.73,1726321989.5827816,40042819.06628225
1764144642,465186234,479.6,1726357738.7816634,40040762.77356828
1676966721,465608084,541.14,1726311099.4825306,40050594.63362191
1772854669,471990937,570.72,1726355008.5103774,40057191.995369606
1804915889,464138852,490.75,1726429052.6955702,40110818.96065801
1759903203,492275915,585.31,1726460572.6111112,40105073.94002308
1763829284,489460013,590.91,1726495726.6199436,40102572.08447278
1766882757,466788343,563.99,1726533684.3552632,40102822.41609297
1821303890,480092719,495.24,1726622670.4638498,40188948.70390188
1743973958,469691546,575.2,1726638947.4690433,40173605.867391296
1762110830,480670584,568.3,1726672191.9700093,40169443.26486697
1734304778,468329515,569.13,1726679338.5861423,40151311.581248626
1747330496,455183895,474.95,1726698656.787652,40137492.70687253
1643534695,482047315,555.24,1726620933.4588785,40199134.757152
1736225155,475527692,562.63,1726629900.9859943,40181434.000223294
1801066280,468200847,489.67,1726699337.9067163,40226923.09766196
1769595763,475958549,578.43,1726739315.9356942,40229473.5871755
1760652197,474169392,566.81,1726770892.1750464,40224041.18612508
1703574804,463834412,548.5,1726749314.4186046,40211546.24814328
1735729707,453274315,471.73,1726757660.5083642,40193787.75865539
1734693255,460552065,560.68,1726765028.7483752,40175850.38039882
1696962543,445150955,519.95,1726737382.6576993,40167459.50197386
1656505214,443327463,514.46,1726672292.6033363,40205679.765616685
1757561525,460412354,477.76,1726700893.7444444,40198041.97338898
1730327452,469931344,571.8,1726704248.562442,40179595.94355168
1736301141,441232707,511.48,1726713118.1487985,40162083.1169432
1707242875,451464855,464.12,1726695140.0849493,40147892.34250018
1642459847,424199788,479.01,1726617432.25,40210769.87310602
1724746641,442717087,523.26,1726615708.018433,40192275.38389481
1721260358,440763522,534.46,1726610776.756906,40174094.7673171
1764335619,454088420,479.52,1726645482.223551,40171895.179220095
1741055622,493596522,588.56,1726658726.8373163,40155803.92497878
1737690221,452451950,541.3,1726668856.7676768,40138753.452724434
1650273192,450908864,535.05,1726598769.0018349,40186949.70505327
1794600073,468399002,487.79,1726661098.3363886,40221203.769718684
1744482744,474132948,575.85,1726677418.5247252,40206397.09389664
1735989061,437393893,520.23,1726685937.8682525,40188986.265313074
1773081915,460034302,483.56,1726728347.3537476,40195075.228848256
1651589480,406900033,449.93,1726659727.3835616,40240774.30605851
1742082933,453834666,546.43,1726673799.65146,40225107.5390462
1735322735,454883901,541.72,1726681683.8222425,40207616.42256618
1768805995,460128025,480.78,1726720048.4043715,40209385.31116937
1729276503,447744853,534.77,1726722374.568699,40191161.43732389
1746859904,461104570,557.9,1726740681.4136364,40177472.49198261
1746533193,445229148,539.16,1726758658.263397,40163648.133207835
1768585458,463988667,480.73,1726796613.61706,40165170.62985709
1635022409,449606914,521.5,1726713409.4424298,40241861.43762816
1713329682,465038891,559.88,1726701286.5009058,40225646.80157282
1771232248,461093832,481.53,1726741586.0135746,40229731.123909645
1719670128,412212588,468.12,1726735192.290235,40212101.648130246
1730328517,447527641,532.94,1726738438.292683,40194079.861415826
1714847232,444023972,527.13,1726727706.1570396,40177524.41929278
1683693275,450469884,457.72,1726688901.440036,40180173.293103054
1643596205,454968187,524.44,1726614043.154955,40239364.34276499
1704777009,468478683,561.83,1726594387.858686,40226581.2394426
1723350037,426168071,496.55,1726591470.2769785,40208607.28080788
1762237200,450577880,478.96,1726623496.9883199,40204727.33101176
1660181887,438922127,497.41,1726563854.6095152,40235907.753441036
1737127005,444351160,533.04,1726573328.2869954,40219103.68549982
1779394428,462932777,483.75,1726620659.0215054,40232134.93444544
1728329893,427298337,470.11,1726622189.2220232,40214154.37920336
1713446981,445360283,527.35,1726610404.5992844,40198095.057795286
1762867195,441304173,515.07,1726642805.6630921,40194732.36117902
1750217722,454173938,475.75,1726663854.6955357,40182953.86060082
1720052023,442776245,540.53,1726657956.5405889,40165512.07680635
1727136014,476103617,569.26,1726658382.6167557,40147611.551757865
1726940198,443059076,525.35,1726658633.5654497,40129733.290049426
1760548556,460642672,478.59,1726688784.741993,40124601.80072631
1640609443,444732968,518.26,1726612269.7715557,40188718.27788915
1717592127,437816616,520.35,1726604258.9875667,40171767.103742026
1767546010,459581635,480.63,1726640587.0718722,40172440.43524503
1722534705,471088918,468.26,1726636947.1054964,40154815.48520408
1718174323,455726213,544.83,1726629451.4242692,40137817.69010928
1719690433,464958327,556.83,1726623310.7,40120584.22802503
1791048984,465616087,486.9,1726680274.1600354,40148533.26968575
1736343360,469983780,562.57,1726688810.454947,40131822.70576562
1713212671,438199810,537.69,1726676916.2453663,40116104.45920322
1726300622,459157039,545.44,1726676584.4162257,40098414.23690727
1686173069,446308600,458.6,1726640898.4995594,40098757.07620098
1744495811,450547394,540.78,1726656615.8521128,40084601.65652553
1752169583,456206857,521.14,1726679054.6974494,40074107.56467307
1800996005,506970074,500.19,1726744359.5746925,40116977.725179784
1715872969,460411635,466.34,1726734814.8946445,40100655.92308048
1739777798,447152914,507.44,1726746256.1078947,40084923.86020207
1818819644,487556313,583.46,1726826951.452235,40159883.75867604
1699803463,452172121,462.07,1726803288.1523643,40150253.98467309
1762263395,479854788,576.16,1726834311.8678916,40146378.11300341
1773860423,492805896,593.53,1726875418.6083915,40152885.57022244
1749821002,466375450,557.18,1726895458.419214,40141070.74909516
1775826872,466486072,482.73,1726938155.9877837,40149557.46198503
1713176620,458946792,545.8,1726926158.136007,40134106.88271689
1725263266,451511571,542.0,1726924709.6236935,40116653.05803127
1721578660,465012717,569.25,1726920056.8389904,40099501.93975023
1687889490,450571284,458.96,1726886117.2156522,40098570.44613997
1712224650,474336153,569.8,1726873379.1902692,40083475.30567603
1728648753,458792299,554.28,1726874920.313368,40066108.30167349
1715857318,454451269,466.49,1726865364.7172594,40050043.04523257
1663896238,440133395,504.54,1726810798.7495668,40075541.027578436
1718336504,461946933,563.99,1726803461.6978354,40058963.94759685
1753490231,446500960,540.24,1726826547.1384084,40049319.205718674
1694949758,453724843,460.88,1726798995.8945549,40042966.372872405
1729196773,434451828,512.73,1726801066.5138168,40025734.89708149
1745723750,466480788,560.03,1726817393.2467644,40012321.299001224
1745673119,445154263,531.73,1726833648.1827586,39998899.10867979
1682535374,442004602,457.34,1726795492.907838,40002782.908943154
1710142446,473023384,561.6,1726781161.5421686,39988547.96137213
1666639212,437453442,509.49,1726729448.7738607,40010204.14634167
1745057052,461327851,474.66,1726745194.1374571,39996618.4925678
1754062836,444589576,529.67,1726768642.7570815,39987452.32737504
1715445826,457338141,552.03,1726758931.9365351,39971675.61225634
1757473847,442619706,523.92,1726785251.4867182,39964652.70005467
1677173932,437893605,456.0,1726742776.0419521,39973884.988799006
1736331331,444681517,529.49,1726750978.3986313,39957767.17940727
1737798376,442598647,519.62,1726760420.6188035,39941992.25866092
1653027843,430262294,502.35,1726697455.1383433,39982983.81375725
1756165054,453208932,477.43,1726722598.140785,39975182.80064249
1717646973,468305547,572.89,1726714861.034953,39959017.34679322
1708246588,463336556,560.88,1726699129.967632,39945628.98172276
1805553194,470839258,490.89,1726766239.8093617,39994782.80956815
1724450328,458165265,545.49,1726764270.4965987,39977831.60116493
1666961577,431499215,480.12,1726713461.071368,39998813.68862687
1719894711,444250631,525.8,1726707672.6587436,39982325.83278
1746622307,457996066,474.93,1726724563.7820187,39969570.81279539
1711803803,432956697,510.08,1726711919.0694916,39954990.04891313
1723847452,440471860,529.39,1726709493.6104996,39938157.627948664
1718837842,449850383,538.01,1726702834.0067682,39921915.74707389
1690226563,450484053,459.46,1726672000.3034658,39919116.80292665
1719824109,437663380,520.9,1726666216.6114864,39902751.37346712
1717361855,468548680,562.72,1726658364.829536,39886826.242478
1799068589,465688459,489.09,1726719418.9814503,39925363.812780336
1720694567,460004518,537.77,1726714343.2847514,39908925.31396395
1685845995,484261257,574.78,1726679942.3181818,39909727.78181851
1695611335,460167938,554.83,1726653812.2867956,39903106.531527705
1698833603,453574476,461.94,1726630433.9596639,39894482.35553358
1709839380,455196267,541.53,1726616335.6775818,39880696.05822127
1712447511,444043003,526.9,1726604449.079698,39866074.66348314
1709905831,449779715,543.17,1726590451.9145012,39852292.975824825
1761497419,465470950,478.97,1726619687.2303183,39848397.22973738
1712391819,465324070,552.07,1726607781.0644352,39833845.372422166
1640456848,442470533,514.38,1726535748.5117056,39894974.85136112
1682507926,453652517,457.35,1726498966.705096,39898589.239863105
1728739602,466130531,562.7,1726500837.018364,39881986.09243672
1723846199,473557535,566.96,1726498622.9749792,39865424.92471157
1718854017,486400978,580.27,1726492252.47,39849421.414761074
1787775479,463920775,485.91,1726543279.3030808,39872028.547737435
1654115800,455732868,528.92,1726483023.4966722,39910106.4233422
1721108567,444300826,547.47,1726478555.9517872,39893815.91574789
1745049521,455881487,550.55,1726493980.3413622,39880833.72510158
1753891008,468299520,477.06,1726516716.4639003,39872087.76444107
1705304547,437325550,516.87,1726499127.6003318,39860230.09138316
1745925725,456806417,540.32,1726515222.5443249,39847634.82308591
1749786357,456822024,475.73,1726534486.7284768,39836760.62614492
1642660724,443618814,514.76,1726465112.2349048,39893216.916850336
1717867474,471847065,558.83,1726458006.7487602,39877494.059326306
1725962314,451231461,540.83,1726457597.423617,39861028.50577577
1687808221,447278178,458.78,1726425708.4991748,39860031.218842596
1747457841,465675193,562.82,1726443047.4377577,39848169.77458953
1750707770,459079319,538.1,1726463034.8533773,39837836.95325279
1738806888,469328961,565.56,1726473194.4032922,39823012.708990954
1699008124,450379460,462.0,1726450607.9967105,39814419.46064735
1659969668,430173779,490.99,1726395981.0944946,39843620.86098358
1754580474,492842946,582.58,1726419121.0722497,39835441.48901266
1684632337,452834896,459.36,1726384841.511895,39837066.68683083
1719657793,466391360,559.01,1726379327.537705,39821202.03560861
1753200324,441457459,519.28,1726401293.955774,39812285.76231331
1726174560,469812017,560.45,1726401108.4124386,39795993.15050432
1699154676,446956057,462.06,1726378830.0539656,39787342.61760316
1712583236,475808988,569.92,1726367559.143791,39773039.450415686
1716130378,465998833,559.97,1726359202.2612245,39757877.27761705
1761490735,483924978,568.22,1726387857.6712887,39754312.813229926
1689956581,448114544,459.36,1726358166.3292584,39751706.569933645
1740516171,443862829,537.47,1726369695.6490228,39737569.98267953
1734095089,453653224,554.29,1726375981.5671277,39722010.83575101
1728873056,461755646,469.96,1726378011.7089431,39705924.17876158
1735195099,429630302,491.28,1726385174.2493908,39690588.319259435
1719701021,439895206,522.41,1726379748.8003247,39674933.50829793
1765011189,448435399,542.66,1726411080.057583,39674085.95308297
1777180940,469145667,483.34,1726452222.5696921,39684312.38564165
1728243128,432924432,521.73,1726453672.6955466,39668275.31671538
1741279805,481411360,575.55,1726465667.94822,39654465.692542955
1755415228,447823549,536.73,1726489070.9878738,39646972.23675793
1793621395,469261824,487.54,1726543297.42084,39676820.922373734
1726712468,478092509,574.0,1726543433.9588377,39660806.35055515
1725073847,489779422,591.53,1726542248.8080645,39644832.81274175
1712895344,453205846,465.7,1726531252.1079774,39630748.539572
1732299870,487009009,595.93,1726535896.7278583,39615128.81511687
1743614310,439624032,527.74,1726549636.4006436,39602150.661363766
1659276263,468295873,550.1,1726495558.1262057,39632117.33922019
1754874450,449969334,477.04,1726518352.4168675,39624354.527226605
1786365350,472000071,565.79,1726566383.7150884,39644691.82340052
1725489987,465301993,569.43,1726565520.5260625,39628804.32163506
1751267768,460102436,540.63,1726585313.9935896,39619090.30027557
1698738808,448536331,461.81,1726563018.9527621,39611057.987549394
1742736574,435382856,509.63,1726575957.7968,39597850.7731631
1736571724,430254855,501.64,1726583948.017586,39583029.207876004
1713979223,453563443,465.99,1726573880.3458467,39568820.42097538
1737981639,418076188,473.65,1726582984.7023144,39554339.49151615
1652707252,426356702,474.77,1726524072.6347687,39593520.05033869
1721404154,474907030,575.04,1726519993.0183268,39578006.26177986
1775873018,459860694,482.76,1726559286.8280256,39586729.53749793
1725925839,432838754,502.0,1726558782.891806,39570983.92340411
1667802758,436138065,492.68,1726512076.9896662,39589899.17128204
1839056513,484355093,524.33,1726601468.9166005,39700979.39397267
1699291953,461537914,461.83,1726579794.697619,39692672.88429484
1747941553,443091087,503.12,1726596735.0293417,39681487.58799128
1772698528,470282229,556.83,1726633265.7686212,39686969.36035754
1648453083,440026006,448.15,1726571365.3863816,39732153.398707464
1746619050,421293768,475.36,1726587225.8963609,39720433.046714
1716236428,485172553,583.55,1726579043.4474308,39705795.868432134
1738809534,426538610,488.09,1726588704.1824644,39691598.44864183
1674462728,443603466,455.32,1726547562.922652,39702926.78584096
1739275559,465929158,552.16,1726557600.774448,39688876.273818135
1785827368,457726437,558.99,1726604306.6587865,39708080.632765114
1744386976,478815286,577.78,1726618308.76063,39695578.40904227
1761191280,459432262,478.82,1726645510.1542094,39691798.58831034
1736037767,478633059,587.01,1726652894.0039308,39677066.664409935
1704450143,462750365,545.99,1726635452.7227023,39666357.25886072
1785279886,465221558,485.46,1726681484.4599686,39684786.26556435
1753308643,422789706,479.67,1726702368.5058823,39676223.43202998
1733639619,443278413,532.04,1726707805.2225704,39661148.38170841
1738248605,468088142,560.63,1726716842.6538763,39646930.64993649
1714868551,456629940,466.23,1726707571.690141,39632801.02058323
1716455644,445098716,532.9,1726699556.1094606,39618340.61104398
1735813783,437016475,510.98,1726706676.5992188,39603680.38127829
1767229899,500941796,596.88,1726738310.652615,39604393.90567252
1800881762,478659411,489.68,1726796144.8580344,39643022.264248244
1736299384,444867760,538.49,1726803551.9033515,39628457.3602635
1730496261,438285108,507.07,1726806427.8450155,39613156.65461916
1685196370,446417002,458.16,1726774046.477043,39614736.56574115
1714720111,461912977,466.39,1726764673.2768273,39600756.716342464
1669429002,442394352,501.82,1726720123.4156954,39617593.76721459
1733826347,462279708,559.49,1726725640.670031,39602705.901059106
1785091335,467132441,485.43,1726770920.4949574,39620680.402974345
1758697317,428843008,496.47,1726795669.639535,39615286.89986172
1749357134,451444466,534.44,1726813145.5995352,39604915.22159364
1659106907,462086060,542.87,1726760741.3900928,39634336.22458237
1697444706,456976399,461.46,1726738068.508894,39627387.768582135
1729780024,464191642,548.22,1726740419.324575,39612163.02953422
1744074105,459538891,543.46,1726753804.4100387,39599793.121109284
1877658355,488909802,510.48,1726870243.1064816,39805667.926379316
1742712487,453181629,473.87,1726882457.6353123,39792749.29957981
1762265348,461928823,555.31,1726909717.1810477,39789530.659010954
1735988710,433332993,498.91,1726916706.3979986,39775009.332363665
1790595844,465862225,486.88,1726965690.35,39798885.175235234
1732013635,432958606,493.2,1726969570.3996925,39783832.70745354
1733030631,437786025,516.66,1726974225.592166,39768906.27435169
1716580035,436487216,501.07,1726966248.4696853,39754684.884249166
1788351990,457821232,486.47,1727013323.4248466,39775752.60402712
1670141072,420014490,478.98,1726969743.1555555,39791641.820891485
1720001983,453855302,550.71,1726964407.9640121,39776871.668246
1670568024,451754831,526.68,1726921258.4736037,39792217.5167332
1786885081,466884317,485.84,1726967102.3746178,39811516.95918297
1741895144,436911796,515.3,1726978506.5317035,39798444.432312146
1724055761,456297123,539.31,1726976275.4282444,39783333.17963261
1787487027,466344817,486.16,1727022431.6079328,39803230.48273409
1785173153,441087649,533.9,1727066753.8041158,39820409.54738685
1748080487,419610251,476.0,1727082758.1706016,39809463.77691378
1720697460,440833527,516.23,1727077898.7351599,39794702.26391425
1751376016,455997044,476.14,1727096376.3908746,39785206.88148011
1714668023,441824789,523.38,1727086932.3533435,39771562.55481665
1721708567,432410865,508.58,1727082848.5527716,39756736.4083736
1732225984,432169507,509.19,1727086750.7799697,39741903.63426459
1680823628,452978273,456.89,1727051676.3881729,39747237.49563354
1732825304,451255153,534.13,1727056050.3484848,39732496.42732843
1726973065,461891456,543.46,1727055987.5283875,39717454.85071428
1755041319,460233097,477.18,1727077156.462935,39709884.68324838
1688158938,447030131,522.94,1727047739.8201058,39709281.36053607
1737457557,437218988,502.72,1727055602.2197886,39695312.74001723
1728694456,445803201,518.63,1727056839.090566,39680356.072328076
1704090866,449373953,463.36,1727039519.352187,39670400.727075435
1724971409,447295251,529.15,1727037960.8666165,39655491.11798595
1701472004,454355754,546.27,1727018709.3930724,39646760.680154085
1739758036,452236903,539.11,1727028295.0413845,39633381.2853486
1779171183,457583486,483.6,1727067500.2203007,39644250.40268134
1737281114,425054914,485.15,1727075173.8595042,39630343.05077017
1733628315,435230387,510.71,1727080093.6351352,39615870.60676205
1772824685,462299378,481.98,1727114410.6579144,39620808.76528521
1625725494,409414959,462.58,1727038406.9722638,39703046.15547492
1646501844,444538408,511.44,1726978079.9588015,39749289.20187776
1670532138,422870222,486.2,1726935830.0022454,39764386.15615232
1692046786,454448653,460.02,1726909734.9805534,39760954.50658996
1709049695,426744155,486.88,1726896386.6696563,39749090.07528139
1724929036,415625363,473.51,1726894917.4010456,39734280.82279333
1643976306,445167463,513.96,1726833037.8402984,39783941.382987574
1751830847,453945057,476.2,1726851679.0104399,39774958.80613109
1725137537,450233297,534.95,1726850401.7064083,39760164.27331309
1707548777,457423541,548.33,1726836029.6850336,39748845.781523414
1767890821,469660545,480.64,1726866576.4047618,39749821.68006636
1722339064,445225347,528.92,1726863210.2245352,39735233.67957864
1690460311,457455362,529.2,1726836164.9799407,39732852.48455775
1721447215,434344536,504.92,1726832164.2746844,39718372.305496454
1677165938,444654169,456.06,1726795319.8931751,39726658.226306476
1643174818,431224306,490.16,1726733332.864344,39777091.50756601
1718707381,419299671,482.5,1726727387.714815,39762956.08152533
1743248620,435356216,511.33,1726739616.6062176,39750776.7256081
1765561319,462028177,479.97,1726768330.883136,39750087.19409397
1744425433,453198195,535.31,1726781381.217295,39738292.188751765
1720874799,437265069,498.73,1726777018.8966026,39723939.15218134
1665159214,447218083,452.69,1726731544.5018451,39744518.32609974
1704941295,456400657,554.79,1726715474.9963126,39734263.81357652
1732168902,453210837,530.01,1726719493.733972,39719896.31315445
1737471651,418076695,476.51,1726727411.3755522,39706340.4521863
1767521076,457691699,480.49,1726757428.7888153,39707140.14404965
1714737352,469831012,564.28,1726748590.4970589,39693876.48803798
1710599423,460540520,550.47,1726736724.8339455,39681703.96344313
1644202761,434120840,493.62,1726676127.2099853,39730079.258254096
1764986901,453670439,479.8,1726704234.8943508,39729046.59198456
1734105745,429543100,505.88,1726709661.2214077,39714985.7613139
1648034970,427722539,490.01,1726652024.0849817,39757462.687408395
1698938256,448975137,461.96,1726631735.8213763,39749975.4724019
1747075396,467330054,553.3,1726646690.9495244,39739277.849624425
1719080501,437811844,522.15,1726641160.1089182,39725276.932780184
1710415886,441357335,532.1,1726629308.192111,39713184.83859541
1725017745,459139541,468.95,1726628131.8686132,39698712.18860045
1699250599,455543070,551.76,1726608162.8439095,39691114.07284446
1719438791,466369074,571.17,1726602937.3542273,39677118.50750292
1710966551,442603427,522.32,1726591548.8718135,39664909.98284659
1658636047,439288906,450.91,1726542090.7190685,39692802.077752694
1721321014,455680551,525.71,1726538293.5723636,39678615.34752025
1710262127,469984906,572.9,1726526464.9629362,39666619.717217505
1708066787,452616970,464.42,1726513059.24183,39655331.88483831
1659459963,448761439,523.82,1726464399.5203192,39682043.604390085
1651023918,466273595,538.31,1726409692.862219,39719602.2095251
1729320547,445697918,529.66,1726411802.1768117,39705285.70382289
1720685366,481964751,467.7,1726407655.590152,39691206.45274846
1783295911,453193130,507.08,1726448819.3060782,39706321.54932698
1738539498,451068460,496.71,1726457561.6623282,39693294.343466
1745739363,438651066,520.73,1726471493.599711,39682334.17914135
1754177486,454871692,476.78,1726491497.9263537,39674986.160864666
1733548556,444651957,528.27,1726496589.5988455,39661123.47899754
1733471571,437961795,504.14,1726501618.4246576,39647265.48596518
1779444157,465502615,483.84,1726539761.4639769,39658430.353206575
1724950163,420758799,486.42,1726538617.0446365,39644174.81714772
1760068828,455888355,558.86,1726562739.4985611,39640107.907669894
1734788971,450194991,539.35,1726568653.396118,39626469.974486716
1772783742,461481154,482.02,1726601853.8908045,39631582.42982395
1673256471,435690635,490.56,1726563558.569275,39643110.35466393
1758739951,454902012,541.51,1726586640.6298423,39638251.43932638
1726357787,444568398,539.73,1726586476.577061,39624042.10714341
1786047598,464230975,485.57,1726629070.5035818,39641782.16368512
1759917863,458422863,537.79,1726652899.274159,39637591.584437616
1668798465,451949722,519.71,1726611515.5586553,39653591.74211571
1787809036,463165685,485.91,1726655259.3187993,39673145.61852553
1740362441,417622459,473.64,1726665050.162857,39660664.84852393
1641338264,439660316,515.11,1726604145.961456,39711945.80759049
1737546451,441979852,516.13,1726611950.7439373,39698855.549968064
1756053079,457105999,477.4,1726632935.1546686,39692482.7867858
1735507748,445793978,525.41,1726639256.2464387,39679051.175437115
1651462444,465590388,543.6,1726585749.6185052,39715565.0628439
1723330360,427488939,508.59,1726583434.2631578,39701533.80817691
1671539667,443674614,454.4,1726544312.8933902,39714523.534495674
1748363584,457157720,542.52,1726559809.5348012,39704673.069834016
1735385133,457295892,545.28,1726566073.071682,39691276.76311593
1682993155,441931731,457.44,1726535170.2929077,39694152.178821616
1731897578,417137354,471.13,1726538970.7236004,39680340.33536102
1715075280,456839868,550.95,1726530851.9624646,39667459.06115847
1716747576,456882049,551.06,1726523928.200283,39654273.46735383
1776150312,466914883,482.86,1726559024.6527581,39662196.31370035
1647805702,460796603,535.11,1726503368.5943463,39703376.35646954
1727698765,467848807,570.07,1726504212.8008475,39689367.03086355
1727953463,463647097,560.57,1726505235.5603387,39675378.50883258
1693693366,449315273,460.42,1726482096.0190408,39670949.90313833
1725503146,460595118,551.53,1726481406.131783,39656977.460282534
1743468193,453042966,548.15,1726493368.6577466,39645572.32340208
1710694075,452348706,465.06,1726482250.2244897,39633834.564635076
1723712047,418440328,468.85,1726480302.1209564,39619964.2235137
1738458682,431913543,506.77,1726488719.815882,39607312.49774395
1730654691,461326632,551.12,1726491645.3574438,39593556.79599968
1760653272,457619191,478.49,1726515618.428772,39589998.97804442
1718598293,422581861,484.71,1726510066.307153,39576670.02352421
1654066100,446049270,519.11,1726459299.6874561,39609220.41434268
1715741855,458835845,551.49,1726451794.4740896,39596364.22082857
1754286867,458808775,477.04,1726471273.1812456,39589350.71490322
1739224129,449509442,531.1,1726480191.2622378,39576941.71912669
1731845687,448691803,516.6,1726483940.7351503,39563364.9518714
1682331676,448349853,457.52,1726453108.1480446,39566743.17735788
1782647335,468222249,484.69,1726492322.5422192,39580762.601743996
1707934693,469725841,562.15,1726479381.3779638,39569991.96025281
1732479057,437522671,518.06,1726483562.3365853,39556518.9544003
1671645650,445901194,454.46,1726445374.375348,39569195.65667559
1701571710,422494557,486.58,1726428064.9359777,39560863.46522477
1721606559,424205158,481.96,1726424712.0111265,39547309.80551695
1728164874,429568329,494.5,1726425921.2967339,39533592.76632654
1763076721,451695597,479.29,1726451373.2409723,39531655.576993324
1705077151,470835664,556.51,1726436540.3317142,39521944.83271557
1708702510,432598261,503.54,1726424242.113731,39510996.726757206
1753744542,452580689,482.18,1726443175.100485,39503846.67733306
1768288609,464086773,480.7,1726472153.9328256,39505505.67133488
1740616388,470230925,563.98,1726481942.3301039,39493585.214675725
1734498145,471673566,558.95,1726487486.0387275,39480489.121039845
1699715701,451081099,462.08,1726468984.4595716,39473114.88594267
1676241845,449023268,519.13,1726434297.2085636,39481537.23664054
1707108876,475071627,575.99,1726420960.1338854,39471174.020417824
1661483017,418578858,478.18,1726376175.3455172,39494370.99608277
1811886779,472759217,492.6,1726435107.532736,39544483.91149276
1750726102,447541208,536.92,1726451836.8677685,39536000.38152624
1754067651,445650319,530.29,1726470842.9339297,39529028.091827795
1738060266,478055879,572.82,1726478813.6513066,39516600.59178848
1710064561,450119650,464.79,1726467532.378007,39505360.780998416
1716111290,451428731,538.05,1726460419.5741758,39492724.02106895
1754542608,446729519,525.37,1726479693.5538778,39486018.5930615
1767040880,453084711,480.47,1726507513.297668,39486756.252249725
1739037795,452999070,545.68,1726516101.5647705,39474583.96373445
1714999487,433331737,504.93,1726508213.4726028,39462213.20998527
1711289986,445090309,526.2,1726497797.1635866,39450713.42851892
1674301241,450830381,455.16,1726462095.004788,39460822.39659772
1715122333,440371797,531.07,1726454343.9712918,39448447.12405866
1732951485,427823783,497.3,1726458781.909153,39435337.328910545
1746739832,432720655,504.65,1726472625.6293516,39425434.31326075
1662167122,441373368,451.82,1726428761.0293314,39447730.04506206
1710519524,467066616,556.55,1726417916.2869802,39436468.75070223
1712297208,454192232,537.5,1726408297.2758856,39424755.90053155
1747206705,455514564,474.99,1726422455.4840028,39415067.817896426
1718087253,456490784,547.71,1726416785.2782314,39402258.3891964
1714355432,444857644,538.2,1726408585.8538408,39390117.603228554
1721481798,443532862,533.27,1726405238.8512228,39376944.77912709
1742491208,448041568,473.57,1726416159.4005432,39365806.0385434
1739250723,453174942,530.82,1726424866.7028494,39353869.30686681
1715645936,440373454,519.4,1726417558.9532204,39341527.185899474
1724244650,472676304,564.83,1726416086.792683,39328238.493580915
1682523620,450897067,457.43,1726386369.4827352,39331496.64933046
1643025103,446242617,513.54,1726329968.0845737,39377893.257643394
1719764372,441510488,509.55,1726325528.8715348,39364948.62440113
1775142416,462903015,482.7,1726358513.2547297,39372087.32935713
1688143210,477334828,583.37,1726332709.538825,39371309.257364385
1732977725,444961613,533.4,1726337193.3549259,39358402.10361311
1729416012,441165446,518.56,1726339269.4295347,39345211.17996252
1780443731,457569410,483.99,1726375727.9615903,39357003.511148654
1712755226,451142750,532.95,1726366555.9063973,39345336.30935146
1715248243,463183404,557.24,1726359073.8654106,39333152.18617615
1709473771,469006713,558.04,1726347718.584398,39322360.744004905
1688418018,446567717,458.87,1726322228.1942205,39321433.117206976
1719542646,435345128,503.36,1726317675.0832775,39308619.30324459
1709539540,454106365,549.14,1726306414.589933,39297828.56093672
1652247656,436889072,449.21,1726256744.0610328,39331407.79793841
1714008566,466056434,549.65,1726248534.8264074,39319502.58998984
1713509085,449882955,528.32,1726240002.0401876,39307714.249584645
1722758088,438423935,525.46,1726237671.441767,39294660.04393013
1752485652,462850744,476.63,1726255228.6193979,39287377.3268488
1723930019,453354808,541.45,1726253674.334893,39274290.30335447
1710179757,442275909,521.3,1726242936.9151638,39263366.92053478
1722927876,425936090,483.4,1726240723.9238985,39250352.86169381
1765067045,449488149,479.74,1726266625.4056036,39250062.96592458
1728976115,458365481,534.18,1726268431.732,39237039.75616558
1800176385,454534357,516.19,1726317670.8747501,39270298.55827026
1701020823,480491498,462.51,1726300828.7656457,39262646.143869534
1739550977,462456288,527.08,1726309644.566201,39251069.57626703
1759592902,452279691,523.54,1726331774.3916223,39247396.85417354
1769519061,452207120,528.43,1726360470.263123,39250135.53363882
1808977346,473567428,491.74,1726415328.746348,39294775.855266966
1724999588,448832635,526.14,1726414389.3032515,39281753.19225162
1747780090,457421568,538.68,1726428557.5397878,39272578.22764078
1773626485,439793330,527.82,1726459835.1590457,39278347.344401546
1691844946,449150642,460.0,1726436911.3913908,39275435.50363227
1734223919,426282041,508.28,1726442064.9371278,39262947.564093515
1733427369,461554426,550.31,1726446684.8472223,39250372.465611644
1779056753,466137477,483.58,1726481456.8684733,39260688.37349039
1673044024,442182466,511.66,1726446161.338177,39271725.31824231
1729087923,459836473,553.79,1726447905.0752475,39258820.843454406
1757457651,464761813,551.16,1726468360.0527704,39253945.53784376
1764568351,460637731,479.75,1726493475.4060645,39253187.99486345
1759650096,470368866,580.46,1726515317.7121212,39249477.44307966
1733771044,440658302,515.22,1726520094.3587887,39236997.16581218
1738518459,443138332,515.12,1726527988.0197368,39225294.6293418
1679759880,447215464,456.6,1726497239.756739,39230718.1230004
1729632138,461252289,550.23,1726499299.4796321,39217910.389981836
1747664732,492165579,595.53,1726513196.67761,39208781.723393135
1772002230,458527228,481.73,1726543045.124672,39213221.04251143
1737662695,449761412,537.72,1726550336.6983607,39201395.619481966
1749986703,466472286,561.05,1726565694.7365663,39193138.11211052
1681252363,446918121,520.18,1726536019.994106,39197447.5594711
1781277621,465286259,484.35,1726571845.6492147,39209619.25250031
1708124660,466548137,565.1,1726559780.7795944,39199632.25891028
1665789417,435235445,500.21,1726520061.5875816,39217585.60061535
1748538489,457729763,551.22,1726534443.3167865,39208811.407252476
